transaction_id,politician,ticker,transaction_type,owner,asset_type,amount_mid,log_amount_mid,disclosure_delay_days,ou_zscore,filing_date,excess_return_30d,beat_market_30d
8112,Susan M Collins,MSFT,Purchase,Spouse,,8000.5,8.987384303086046,2,1.4042346165018373,2014-01-31,-0.04019065725990312,0
8113,Susan M Collins,C,Sale (Partial),Spouse,,8000.5,8.987384303086046,2,-1.4524466319721747,2014-01-31,-0.03941522135493969,0
8118,Susan M Collins,GE,Sale (Partial),Spouse,,8000.5,8.987384303086046,7,-1.5312400192982625,2014-01-31,-0.03380241257769434,0
8107,Susan M Collins,GM,Sale (Partial),Spouse,,8000.5,8.987384303086046,6,-1.517569306953573,2014-02-05,-0.07124851981980695,0
8108,Susan M Collins,MSFT,Purchase,Spouse,,8000.5,8.987384303086046,6,-0.44940204676722467,2014-02-05,0.0540914136366486,1
8110,Susan M Collins,CVS,Purchase,Spouse,,8000.5,8.987384303086046,6,-1.3751720347283758,2014-02-05,0.05883799798029288,1
8082,Susan M Collins,BA,Sale (Partial),Spouse,,8000.5,8.987384303086046,7,-0.48810114543812,2014-02-11,-0.06736775154526942,0
8085,Susan M Collins,GE,Sale (Partial),Spouse,,8000.5,8.987384303086046,11,-0.1834367599969684,2014-02-11,-0.00895887495135872,0
8086,Susan M Collins,BA,Sale (Partial),Spouse,,8000.5,8.987384303086046,4,-0.48810114543812,2014-02-11,-0.06736775154526942,0
8087,Susan M Collins,CVX,Sale (Partial),Spouse,,8000.5,8.987384303086046,5,-0.610938129872795,2014-02-11,0.019931603265738396,1
8089,Susan M Collins,MSFT,Purchase,Spouse,,8000.5,8.987384303086046,5,0.6880167772107297,2014-02-11,0.05405662167184477,1
8091,Susan M Collins,CMCSA,Purchase,Spouse,,8000.5,8.987384303086046,5,1.091950396168903,2014-02-11,-0.11424853652776135,0
8061,Sheldon Whitehouse,AAPL,Sale (Partial),Joint,,32500.5,10.389041521098926,17,0.23095011510813668,2014-02-27,0.0063743743428864574,1
8062,Sheldon Whitehouse,EMR,Sale (Full),Joint,,8000.5,8.987384303086046,17,0.46998865334028905,2014-02-27,0.02657553073765906,1
8065,Sheldon Whitehouse,BA,Sale (Full),Self,,32500.5,10.389041521098926,29,0.3403616586943875,2014-02-27,-0.0239551073655333,0
8067,Sheldon Whitehouse,V,Purchase,Joint,,32500.5,10.389041521098926,17,0.679787260033192,2014-02-27,-0.09497441013366337,0
8040,John Hoeven,IBM,Purchase,Self,,75000.5,11.22526339231845,20,0.4830946117453803,2014-03-11,0.02543666396615918,1
8041,John Hoeven,VFC,Purchase,Self,,75000.5,11.22526339231845,20,1.152007048504696,2014-03-11,-0.016471986825049467,0
8036,Susan M Collins,SLB,Purchase,Spouse,,8000.5,8.987384303086046,12,-0.737907463355336,2014-03-19,0.10659113673077214,1
8037,Susan M Collins,GE,Sale (Partial),Spouse,,8000.5,8.987384303086046,12,-0.3496301480032054,2014-03-19,0.049993136350908074,1
8029,Susan M Collins,BA,Purchase,Spouse,,8000.5,8.987384303086046,6,-0.4239614338692005,2014-03-25,0.042613377531980134,1
8010,Sheldon Whitehouse,GE,Sale (Partial),Joint,,8000.5,8.987384303086046,13,0.037690321383627545,2014-03-26,0.017355230591666215,1
8011,Sheldon Whitehouse,AAPL,Sale (Partial),Joint,,8000.5,8.987384303086046,13,0.4995383540934227,2014-03-26,0.07466322900374811,1
8012,Sheldon Whitehouse,KO,Sale (Partial),Joint,,8000.5,8.987384303086046,13,0.3262129530653972,2014-03-26,0.04025704817833886,1
8013,Sheldon Whitehouse,VFC,Sale (Partial),Joint,,8000.5,8.987384303086046,13,-0.1325885324483031,2014-03-26,0.003986651802144747,1
8014,Sheldon Whitehouse,ORCL,Purchase,Child,,8000.5,8.987384303086046,35,0.3955993873253107,2014-03-26,0.03115242551184272,1
8017,Sheldon Whitehouse,JPM,Purchase,Child,,8000.5,8.987384303086046,35,0.9374529885592988,2014-03-26,-0.1071384702576551,0
8020,Sheldon Whitehouse,DHR,Sale (Partial),Self,,8000.5,8.987384303086046,29,-1.4730861875230707,2014-03-26,-0.015877783629279718,0
8023,Sheldon Whitehouse,V,Purchase,Self,,32500.5,10.389041521098926,35,-1.290093432680846,2014-03-26,-0.03681343619834365,0
8002,Susan M Collins,M,Purchase,Spouse,,8000.5,8.987384303086046,5,0.46800620914045543,2014-04-01,-0.032533267185737236,0
8003,Susan M Collins,MSFT,Purchase,Spouse,,8000.5,8.987384303086046,5,1.9045848193911281,2014-04-01,-0.032791345229663094,0
8004,Susan M Collins,BIIB,Sale (Partial),Spouse,,8000.5,8.987384303086046,5,-1.0339864257403846,2014-04-01,-0.04720283132724168,0
7990,Pat Roberts,BAC,Purchase,Spouse,,8000.5,8.987384303086046,24,-0.2307366208869278,2014-04-03,-0.15086101574232325,0
7991,Pat Roberts,BAC,Purchase,Spouse,,32500.5,10.389041521098926,20,-0.2307366208869278,2014-04-03,-0.15086101574232325,0
7993,Pat Roberts,AAPL,Purchase,Spouse,,75000.5,11.22526339231845,27,0.2575462627715132,2014-04-03,0.11205977460172001,1
7995,Pat Roberts,NFLX,Purchase,Spouse,,32500.5,10.389041521098926,28,-1.2610446157973672,2014-04-03,-0.010486297585646231,0
8001,Pat Roberts,AAPL,Sale (Full),Spouse,,75000.5,11.22526339231845,31,0.2575462627715132,2014-04-03,0.11205977460172001,1
7981,Susan M Collins,C,Sale (Partial),Spouse,,8000.5,8.987384303086046,5,-1.0760248577061295,2014-04-07,-0.017413511867404585,0
7984,Susan M Collins,DAL,Purchase,Spouse,,8000.5,8.987384303086046,7,-0.14717726896238728,2014-04-07,0.09556089127952405,1
7985,Susan M Collins,DAL,Purchase,Spouse,,8000.5,8.987384303086046,10,-0.14717726896238728,2014-04-07,0.09556089127952405,1
7974,Susan M Collins,MSFT,Purchase,Spouse,,8000.5,8.987384303086046,5,0.04285872392395703,2014-04-08,-0.008462143842372871,0
7975,Susan M Collins,M,Purchase,Spouse,,8000.5,8.987384303086046,5,-0.24080876765104006,2014-04-08,-0.04883610171875552,0
7977,Susan M Collins,GM,Sale (Partial),Spouse,,8000.5,8.987384303086046,5,-0.11639636915368086,2014-04-08,-0.05275954713222197,0
7956,John F Reed,MSFT,Purchase,Self,,8000.5,8.987384303086046,12,0.5358865554840891,2014-04-09,-0.02250519538170992,0
7963,John F Reed,AAPL,Purchase,Self,,8000.5,8.987384303086046,12,-0.2239561678095367,2014-04-09,0.13173843622978731,1
7948,Susan M Collins,CAT,Sale (Partial),Spouse,,8000.5,8.987384303086046,7,0.9274625812332464,2014-04-15,-0.03362226144741598,0
7949,Susan M Collins,AMZN,Sale (Partial),Spouse,,8000.5,8.987384303086046,6,-1.139734535401754,2014-04-15,-0.0516305782666201,0
7951,Susan M Collins,M,Purchase,Spouse,,8000.5,8.987384303086046,8,-0.51339096531608,2014-04-15,-0.0169139058383867,0
7940,John Hoeven,ABBV,Purchase,Self,,75000.5,11.22526339231845,23,0.05193919657224625,2014-04-23,0.06556855288600794,1
7936,Sheldon Whitehouse,V,Purchase,Joint,,8000.5,8.987384303086046,17,-0.8930487839589956,2014-04-28,0.017036791456199518,1
7937,Sheldon Whitehouse,C,Purchase,Joint,,8000.5,8.987384303086046,39,-0.15026086591683302,2014-04-28,-0.003743361114688426,0
7938,Sheldon Whitehouse,SLB,Purchase,Joint,,8000.5,8.987384303086046,39,0.7788494389326978,2014-04-28,0.005071663055292053,1
7921,Susan M Collins,BAC,Sale (Partial),Spouse,,8000.5,8.987384303086046,7,-1.8881619447491538,2014-04-29,-0.015223166831584756,0
7922,Susan M Collins,COP,Purchase,Spouse,,8000.5,8.987384303086046,7,1.0461199271221617,2014-04-29,0.05915957091320623,1
7923,Susan M Collins,GS,Sale (Partial),Spouse,,8000.5,8.987384303086046,6,-0.15604432643002286,2014-04-29,0.007248156365195824,1
7926,Susan M Collins,COP,Purchase,Spouse,,8000.5,8.987384303086046,12,1.0461199271221617,2014-04-29,0.05915957091320623,1
7931,Susan M Collins,GOOG,Sale (Partial),Spouse,,8000.5,8.987384303086046,19,-0.7033449783338607,2014-04-29,0.020821778688978165,1
7932,Susan M Collins,DAL,Purchase,Spouse,,8000.5,8.987384303086046,19,1.2157825471516468,2014-04-29,0.06986746703157687,1
7933,Susan M Collins,GILD,Sale (Partial),Spouse,,8000.5,8.987384303086046,15,1.248514426851535,2014-04-29,0.021884406483851038,1
7935,Susan M Collins,DAL,Purchase,Spouse,,8000.5,8.987384303086046,18,1.2157825471516468,2014-04-29,0.06986746703157687,1
7920,John F Reed,KO,Sale (Full),Joint,,8000.5,8.987384303086046,9,1.0419010221586087,2014-05-01,-0.04085096573456637,0
7900,John Hoeven,BA,Purchase,Self,,175000.5,12.072549824297488,10,0.6671678201797069,2014-05-08,-0.03229329395828384,0
7901,John Hoeven,ABBV,Purchase,Self,,75000.5,11.22526339231845,10,1.232364273181102,2014-05-08,-0.021959407249593665,0
7903,John Hoeven,F,Purchase,Self,,75000.5,11.22526339231845,10,-0.18345471710136568,2014-05-08,0.010384792325015768,1
7899,Cory A Booker,NFLX,Sale (Full),Self,,32500.5,10.389041521098926,31,-0.1937844763526089,2014-05-09,0.2956203117694072,1
7877,Sheldon Whitehouse,PEP,Sale (Full),Joint,,8000.5,8.987384303086046,16,-0.18340135174928818,2014-05-15,-0.009707885573928543,0
7879,Sheldon Whitehouse,CVS,Purchase,Child,,8000.5,8.987384303086046,16,0.581580925386404,2014-05-15,-0.04281313175198265,0
7881,Sheldon Whitehouse,CVS,Sale (Partial),Child,,8000.5,8.987384303086046,28,0.581580925386404,2014-05-15,-0.04281313175198265,0
7884,Sheldon Whitehouse,DIS,Sale (Partial),Child,,32500.5,10.389041521098926,28,0.00035573813559170396,2014-05-15,0.019323837799009258,1
7886,Sheldon Whitehouse,JPM,Purchase,Child,,8000.5,8.987384303086046,16,-0.9332380342775173,2014-05-15,0.03019545277177671,1
7813,Susan M Collins,WFC,Purchase,Spouse,,32500.5,10.389041521098926,9,-0.31388564691184523,2014-05-16,0.030117619176112553,1
7818,Susan M Collins,VFC,Purchase,Spouse,,8000.5,8.987384303086046,9,0.7309454007246551,2014-05-16,-0.03712285531923709,0
7825,Susan M Collins,TGT,Sale (Full),Spouse,,8000.5,8.987384303086046,9,-0.9171831878079902,2014-05-16,-0.052553703173834676,0
7828,Susan M Collins,SBUX,Purchase,Spouse,,8000.5,8.987384303086046,9,0.22027791792591608,2014-05-16,0.04999385105603893,1
7832,Susan M Collins,QCOM,Purchase,Spouse,,32500.5,10.389041521098926,9,0.013910745065219264,2014-05-16,-0.043557112865075465,0
7833,Susan M Collins,PEP,Purchase,Spouse,,32500.5,10.389041521098926,9,0.26551506102552036,2014-05-16,-0.008432087211074357,0
7836,Susan M Collins,ORCL,Sale (Full),Spouse,,8000.5,8.987384303086046,9,0.7028312750432444,2014-05-16,-0.06861142991072267,0
7842,Susan M Collins,M,Sale (Full),Spouse,,8000.5,8.987384303086046,9,0.480113630095257,2014-05-16,-0.04164803098637737,0
7852,Susan M Collins,GM,Sale (Full),Spouse,,8000.5,8.987384303086046,9,-0.3888589490422942,2014-05-16,0.026860022055640087,1
7858,Susan M Collins,DIS,Purchase,Spouse,,8000.5,8.987384303086046,9,0.09018657947343435,2014-05-16,0.025763533186624166,1
7869,Susan M Collins,BAC,Sale (Full),Spouse,,8000.5,8.987384303086046,9,-1.3512214536862117,2014-05-16,0.018482430406967953,1
7874,Susan M Collins,AMZN,Sale (Full),Spouse,,8000.5,8.987384303086046,9,-0.5214828470548113,2014-05-16,0.05017704819973701,1
7808,Thomas R Carper,OKE,Sale (Full),Spouse,,8000.5,8.987384303086046,4,0.6772657250355892,2014-06-03,0.00983688146842221,1
7799,Sheldon Whitehouse,ORCL,Purchase,Child,,8000.5,8.987384303086046,14,-0.021286529030753315,2014-06-12,-0.061359505474417264,0
7792,Patrick J Toomey,PFS,Exchange,Self,,375000.5,12.834685304944548,6,0.506031393471003,2014-06-18,-0.0349553759300546,0
7761,Susan M Collins,WMT,Sale (Full),Spouse,,8000.5,8.987384303086046,8,-0.5674760498085129,2014-06-27,-0.0026920499562699263,0
7762,Susan M Collins,UPS,Sale (Full),Spouse,,8000.5,8.987384303086046,8,0.11493581578980211,2014-06-27,-0.0543324154115451,0
7768,Susan M Collins,PG,Sale (Full),Spouse,,8000.5,8.987384303086046,8,-0.8262987521673427,2014-06-27,0.04144706282420496,1
7779,Susan M Collins,GS,Sale (Full),Spouse,,8000.5,8.987384303086046,8,0.08963396433278134,2014-06-27,0.044372506560168334,1
7783,Susan M Collins,C,Sale (Full),Spouse,,8000.5,8.987384303086046,8,-0.6706280956676618,2014-06-27,0.03683237632270253,1
7785,Susan M Collins,BMY,Sale (Full),Spouse,,8000.5,8.987384303086046,8,0.7265350128584841,2014-06-27,0.011131130459289595,1
7710,Sheldon Whitehouse,BMY,Purchase,Joint,,8000.5,8.987384303086046,2,-0.03523547841616605,2014-07-17,0.021148124927444778,1
7711,Sheldon Whitehouse,AMZN,Sale (Full),Joint,,32500.5,10.389041521098926,23,1.0967720811265431,2014-07-17,-0.05790290971681511,0
7713,Sheldon Whitehouse,AMGN,Purchase,Child,,8000.5,8.987384303086046,7,-1.1593486967307105,2014-07-17,0.17928844376833863,1
7714,Sheldon Whitehouse,EMR,Sale (Full),Child,,8000.5,8.987384303086046,7,-0.23026091535765125,2014-07-17,-0.06324464721004786,0
7719,Sheldon Whitehouse,VFC,Sale (Partial),Self,,8000.5,8.987384303086046,29,-0.6660096075070792,2014-07-17,0.01340349207840652,1
7707,Pat Roberts,AAPL,Sale (Full),Spouse,,75000.5,11.22526339231845,46,0.26988499539491706,2014-07-22,0.03294792164250726,1
7708,Pat Roberts,F,Sale (Full),Spouse,,8000.5,8.987384303086046,46,0.86569978048452,2014-07-22,-0.031245330253056314,0
7701,Pat Roberts,SBUX,Sale (Full),Spouse,,8000.5,8.987384303086046,20,0.4091571910863295,2014-07-23,-0.0329226823249823,0
7702,Pat Roberts,IBM,Sale (Full),Spouse,,32500.5,10.389041521098926,20,1.2238676930488126,2014-07-23,-0.02313902022769465,0
7706,Pat Roberts,NFLX,Sale (Full),Spouse,,75000.5,11.22526339231845,16,-0.5629784908140829,2014-07-23,0.0967235887128719,1
7677,Pat Roberts,AAPL,Purchase,Spouse,,8000.5,8.987384303086046,11,0.0415456681360523,2014-08-12,0.029069186938192493,1
7678,Pat Roberts,AAPL,Purchase,Spouse,,8000.5,8.987384303086046,13,0.0415456681360523,2014-08-12,0.029069186938192493,1
7640,Susan M Collins,BIIB,Sale (Full),Spouse,,8000.5,8.987384303086046,22,0.6505416553448783,2014-08-14,-0.021228184052820342,0
7644,Susan M Collins,DAL,Sale (Full),Spouse,,8000.5,8.987384303086046,22,0.6361879071199565,2014-08-14,-0.05989010955944363,0
7650,Susan M Collins,GE,Sale (Full),Spouse,,8000.5,8.987384303086046,22,0.3849005652948759,2014-08-14,-0.02059174456763402,0
7656,Susan M Collins,JNJ,Purchase,Spouse,,8000.5,8.987384303086046,22,0.46010624494041646,2014-08-14,0.03886242723865174,1
7615,Pat Roberts,COST,Sale (Full),Spouse,,8000.5,8.987384303086046,7,1.2119219234705958,2014-09-02,0.1029355303875854,1
7617,Pat Roberts,BAC,Sale (Partial),Spouse,,8000.5,8.987384303086046,7,1.2834647720317898,2014-09-02,0.07971944252647645,1
7618,Pat Roberts,AAPL,Sale (Full),Spouse,,32500.5,10.389041521098926,7,1.266752475571599,2014-09-02,0.02030724436601694,1
7598,Cory A Booker,IBM,Sale (Full),Self,,8000.5,8.987384303086046,30,0.2566216563023216,2014-09-07,-0.05935663343998132,0
7600,Cory A Booker,AMZN,Sale (Full),Self,,8000.5,8.987384303086046,30,0.7217222493893827,2014-09-07,-0.054239739121832886,0
7601,Cory A Booker,AAPL,Sale (Full),Self,,8000.5,8.987384303086046,30,-0.15503563659203465,2014-09-07,0.06553208004034972,1
7606,Cory A Booker,NFLX,Sale (Full),Self,,32500.5,10.389041521098926,30,0.23685115757378472,2014-09-07,-0.199280299551847,0
7562,Sheldon Whitehouse,SLB,Sale (Full),Joint,,32500.5,10.389041521098926,16,-1.050759797962807,2014-09-19,-0.048868123654872586,0
7566,Sheldon Whitehouse,BMY,Purchase,Child,,8000.5,8.987384303086046,1,0.5937278168004018,2014-09-19,0.1249002746214154,1
7567,Sheldon Whitehouse,CVS,Purchase,Child,,8000.5,8.987384303086046,1,0.4522674081114274,2014-09-19,0.04978220698471847,1
7569,Sheldon Whitehouse,SLB,Sale (Full),Child,,32500.5,10.389041521098926,3,-1.050759797962807,2014-09-19,-0.048868123654872586,0
7573,Sheldon Whitehouse,VZ,Purchase,Self,,8000.5,8.987384303086046,1,1.1123424343221424,2014-09-19,-0.00676935919342081,0
7560,John Hoeven,PEP,Purchase,Self,,175000.5,12.072549824297488,27,0.8356256089191123,2014-09-22,0.010887633455986645,1
7550,Pat Roberts,AAPL,Sale (Full),Spouse,,8000.5,8.987384303086046,33,-0.3063091646718587,2014-10-06,0.10308449472320125,1
7551,Pat Roberts,AAPL,Purchase,Spouse,,8000.5,8.987384303086046,34,-0.3063091646718587,2014-10-06,0.10308449472320125,1
7552,Pat Roberts,NFLX,Purchase,Spouse,,32500.5,10.389041521098926,14,0.1917433184301344,2014-10-06,-0.21881959326915046,0
7553,Pat Roberts,AAPL,Purchase,Spouse,,8000.5,8.987384303086046,24,-0.3063091646718587,2014-10-06,0.10308449472320125,1
7554,Pat Roberts,NFLX,Purchase,Spouse,,32500.5,10.389041521098926,24,0.1917433184301344,2014-10-06,-0.21881959326915046,0
7555,Pat Roberts,NFLX,Purchase,Spouse,,32500.5,10.389041521098926,34,0.1917433184301344,2014-10-06,-0.21881959326915046,0
7540,John Hoeven,BA,Sale (Full),Self,,175000.5,12.072549824297488,23,-0.7939580827235453,2014-10-22,0.003578540484572068,1
7541,John Hoeven,ABBV,Sale (Full),Self,,175000.5,12.072549824297488,23,0.3213016518389075,2014-10-22,0.1449817565807241,1
7542,John Hoeven,SBUX,Purchase,Self,,175000.5,12.072549824297488,23,0.21272142678157638,2014-10-22,0.01225681174531501,1
7524,Sheldon Whitehouse,SBUX,Purchase,Child,,8000.5,8.987384303086046,14,1.6068365198504382,2014-10-28,0.04886954361598228,1
7525,Sheldon Whitehouse,SBUX,Purchase,Child,,8000.5,8.987384303086046,26,1.6068365198504382,2014-10-28,0.04886954361598228,1
7527,Sheldon Whitehouse,BMY,Purchase,Joint,,8000.5,8.987384303086046,14,2.223769793465199,2014-10-28,0.06978657420491174,1
7533,Sheldon Whitehouse,M,Purchase,Self,,8000.5,8.987384303086046,26,-0.11038624899029918,2014-10-28,0.0343799145232726,1
7500,John Hoeven,CSCO,Purchase,Self,,175000.5,12.072549824297488,20,1.4480307766169038,2014-11-18,0.03855378290465494,1
7501,Sheldon Whitehouse,PEP,Purchase,Joint,,8000.5,8.987384303086046,5,1.0631099730217024,2014-11-18,-0.03515231407559316,0
7502,Sheldon Whitehouse,T,Sale (Partial),Joint,,32500.5,10.389041521098926,5,1.586011204708596,2014-11-18,-0.051207819037825786,0
7504,Sheldon Whitehouse,PRU,Purchase,Joint,,8000.5,8.987384303086046,5,-0.5368288905832412,2014-11-18,0.07332195253675544,1
7505,Sheldon Whitehouse,M,Purchase,Joint,,8000.5,8.987384303086046,5,1.423535618418169,2014-11-18,0.06958306282060223,1
7506,Sheldon Whitehouse,DHR,Sale (Full),Joint,,8000.5,8.987384303086046,8,1.118886838517553,2014-11-18,0.038607606847895104,1
7507,Sheldon Whitehouse,F,Sale (Full),Joint,,8000.5,8.987384303086046,8,1.9377654949977592,2014-11-18,-0.008448430181801081,0
7509,Sheldon Whitehouse,DHR,Sale (Partial),Self,,32500.5,10.389041521098926,8,1.118886838517553,2014-11-18,0.038607606847895104,1
7485,Susan M Collins,INTC,Sale (Full),Spouse,,8000.5,8.987384303086046,21,1.7902511654985238,2014-12-01,0.0017533287847659729,1
7486,Susan M Collins,GILD,Purchase,Spouse,,8000.5,8.987384303086046,21,-0.6620049767401767,2014-12-01,0.010984676576749064,1
7487,Susan M Collins,XOM,Purchase,Spouse,,8000.5,8.987384303086046,21,-1.3676385799960593,2014-12-01,-0.004447930255008781,0
7488,Susan M Collins,DD,Purchase,Spouse,,8000.5,8.987384303086046,21,-1.2762900483377637,2014-12-01,-0.0736505422034327,0
7489,Susan M Collins,COP,Purchase,Spouse,,8000.5,8.987384303086046,21,-1.3478992132515313,2014-12-01,-0.05217817359617061,0
7490,Susan M Collins,CVX,Sale (Full),Spouse,,8000.5,8.987384303086046,21,-1.5349418946480642,2014-12-01,-0.046265547213927616,0
7491,Susan M Collins,AAPL,Purchase,Spouse,,8000.5,8.987384303086046,21,0.45039725236599354,2014-12-01,-0.021984057350775355,0
7495,Susan M Collins,T,Sale (Full),Spouse,,8000.5,8.987384303086046,21,-0.2639655306384791,2014-12-01,-0.025529921207944506,0
7465,Pat Roberts,NFLX,Purchase,Spouse,,32500.5,10.389041521098926,26,-0.5060133736366746,2014-12-03,-0.01995556600302728,0
7451,Patrick J Toomey,PFS,Sale (Full),Self,,8000.5,8.987384303086046,12,1.201564219586778,2014-12-29,0.00638669212398979,1
7452,Patrick J Toomey,T,Purchase,Self,,32500.5,10.389041521098926,11,0.8775291562307042,2014-12-29,0.0167848143671554,1
7453,Patrick J Toomey,PFS,Sale (Partial),Self,,8000.5,8.987384303086046,11,1.201564219586778,2014-12-29,0.00638669212398979,1
7428,Pat Roberts,XOM,Sale (Full),Spouse,Stock,8000.5,8.987384303086046,24,-0.4200532314867907,2015-01-05,-0.033717152945912154,0
7429,Pat Roberts,BA,Purchase,Spouse,Stock,8000.5,8.987384303086046,17,0.31643844774450314,2015-01-05,0.12971491832363724,1
7430,Pat Roberts,BAC,Sale (Full),Spouse,Stock,8000.5,8.987384303086046,24,-0.40835277009006177,2015-01-05,-0.10383186126717714,0
7432,Sheldon Whitehouse,TJX,Purchase,Spouse,,8000.5,8.987384303086046,18,0.3736559286226545,2015-01-05,-0.034697405300130324,0
7433,Sheldon Whitehouse,ORCL,Purchase,Child,,8000.5,8.987384303086046,18,0.16395141465465132,2015-01-05,-0.029991578771881633,0
7434,Sheldon Whitehouse,T,Purchase,Child,,8000.5,8.987384303086046,18,0.267227762347936,2015-01-05,-0.013673559400318336,0
7437,Sheldon Whitehouse,IBM,Sale (Partial),Child,,8000.5,8.987384303086046,41,0.032282423400029785,2015-01-05,-0.024890067909683955,0
7440,Sheldon Whitehouse,PRU,Purchase,Joint,,8000.5,8.987384303086046,41,-0.5769303087591551,2015-01-05,-0.12982903520037736,0
7441,Sheldon Whitehouse,AMGN,Purchase,Self,,32500.5,10.389041521098926,18,-0.8816470134791017,2015-01-05,-0.05567974051416702,0
7444,Sheldon Whitehouse,ABBV,Purchase,Self,,8000.5,8.987384303086046,18,-0.8489246630752648,2015-01-05,-0.12537282824231089,0
7449,Sheldon Whitehouse,M,Purchase,Self,,8000.5,8.987384303086046,41,0.9496372481780949,2015-01-05,-0.06641121443210474,0
7406,Susan M Collins,CVS,Purchase,Spouse,Stock,8000.5,8.987384303086046,16,0.8785753887476548,2015-01-29,0.012454579649562314,1
7408,Susan M Collins,AAPL,Purchase,Spouse,Stock,8000.5,8.987384303086046,16,2.1564958660911593,2015-01-29,0.020434044077340285,1
7388,Thomas R Carper,TGT,Sale (Full),Spouse,Stock,8000.5,8.987384303086046,6,0.2914792181123908,2015-02-03,0.04097031512873195,1
7396,Sheldon Whitehouse,DD,Sale (Full),Joint,Stock,8000.5,8.987384303086046,20,1.5276547664872446,2015-02-03,-0.013573843021690957,0
7398,Sheldon Whitehouse,DHR,Sale (Partial),Self,Stock,32500.5,10.389041521098926,11,0.5454803201949863,2015-02-03,-0.0008541023773851464,0
7400,Sheldon Whitehouse,GILD,Purchase,Self,Stock,32500.5,10.389041521098926,11,0.9054278714936379,2015-02-03,-0.09181379524822919,0
7379,Pat Roberts,AAPL,Purchase,Spouse,Stock,8000.5,8.987384303086046,7,1.7851308480096209,2015-02-04,0.0397513542829957,1
7380,Pat Roberts,NFLX,Purchase,Spouse,Stock,32500.5,10.389041521098926,8,1.802881936360738,2015-02-04,-0.07903112820413749,0
7382,Pat Roberts,NFLX,Sale (Partial),Spouse,Stock,32500.5,10.389041521098926,19,1.802881936360738,2015-02-04,-0.07903112820413749,0
7277,John F Reed,AMGN,Purchase,Joint,Stock,8000.5,8.987384303086046,10,0.8096533025381816,2015-03-02,0.030210614207855535,1
7245,Thomas R Carper,ABBV,Purchase,Spouse,Stock,8000.5,8.987384303086046,19,0.30673132250748686,2015-03-03,0.04369097019924528,1
7246,Thomas R Carper,ABT,Purchase,Spouse,Stock,8000.5,8.987384303086046,19,0.8230143165817985,2015-03-03,-0.002253011368799296,0
7247,Thomas R Carper,AAPL,Purchase,Spouse,Stock,8000.5,8.987384303086046,19,0.7043742223979095,2015-03-03,-0.01667606035317548,0
7231,Pat Roberts,DVN,Purchase,Spouse,Stock,8000.5,8.987384303086046,28,-0.866272448021889,2015-03-05,0.09560205792369514,1
7233,Pat Roberts,GM,Purchase,Spouse,Stock,8000.5,8.987384303086046,28,0.17108650167057943,2015-03-05,-0.013864742275019992,0
7229,John Hoeven,CAT,Purchase,Self,Stock,175000.5,12.072549824297488,6,-0.9266150091677192,2015-03-09,0.032534080101013885,1
7230,John Hoeven,ABBV,Purchase,Self,Stock,175000.5,12.072549824297488,12,-1.4035985111760174,2015-03-09,0.13934941171383408,1
7215,Sheldon Whitehouse,BMY,Purchase,Child,Stock,8000.5,8.987384303086046,22,1.7251211166522544,2015-03-17,-0.06179630335766517,0
7218,Sheldon Whitehouse,PEP,Purchase,Joint,Stock,8000.5,8.987384303086046,7,-1.8538018878405749,2015-03-17,-0.009894591518264884,0
7220,Sheldon Whitehouse,ABBV,Sale (Full),Self,Stock,8000.5,8.987384303086046,7,0.37241066359075636,2015-03-17,0.08622730301337489,1
7221,Sheldon Whitehouse,AMGN,Purchase,Self,Stock,8000.5,8.987384303086046,7,0.9565139418611596,2015-03-17,-0.025367145383800915,0
7199,Patrick J Toomey,CVX,Purchase,Joint,Stock,32500.5,10.389041521098926,82,0.3120126224188658,2015-03-23,0.024875604164728782,1
7201,Patrick J Toomey,PFS,Sale (Full),Self,Stock,32500.5,10.389041521098926,40,1.0240216300956457,2015-03-23,-0.050816845263683796,0
7202,Patrick J Toomey,T,Sale (Full),Self,Stock,32500.5,10.389041521098926,38,-0.4411171713338165,2015-03-23,0.018459302043921544,1
7209,Patrick J Toomey,SPY,Sale (Full),Spouse,Stock,32500.5,10.389041521098926,52,0.21997049580474795,2015-03-23,0.0,0
7181,Pat Roberts,DVN,Purchase,Joint,Stock,8000.5,8.987384303086046,8,-0.5065429353280904,2015-03-24,0.17040206312091288,1
7182,Pat Roberts,CVX,Purchase,Spouse,Stock,8000.5,8.987384303086046,8,-0.19874597131466024,2015-03-24,0.039723826232995973,1
7183,Pat Roberts,NFLX,Sale (Full),Spouse,Stock,75000.5,11.22526339231845,20,-0.2846044773660038,2015-03-24,0.2826893609273453,1
7186,Pat Roberts,AAPL,Purchase,Spouse,Stock,8000.5,8.987384303086046,7,-0.03547473970508476,2015-03-24,-0.009525375790956025,0
7187,Pat Roberts,BA,Purchase,Spouse,Stock,8000.5,8.987384303086046,7,-0.34109278003440396,2015-03-24,-0.06622839762510557,0
7193,Pat Roberts,AAPL,Sale (Full),Spouse,Stock,8000.5,8.987384303086046,13,-0.03547473970508476,2015-03-24,-0.009525375790956025,0
7194,Pat Roberts,BA,Sale (Full),Spouse,Stock,32500.5,10.389041521098926,13,-0.34109278003440396,2015-03-24,-0.06622839762510557,0
7195,Pat Roberts,AMZN,Sale (Full),Spouse,Stock,32500.5,10.389041521098926,15,-0.17607675818356713,2015-03-24,0.12405396543318248,1
7196,Pat Roberts,SBUX,Purchase,Spouse,Stock,8000.5,8.987384303086046,18,1.427519742141578,2015-03-24,0.003122621316927532,1
7197,Pat Roberts,COST,Purchase,Spouse,Stock,8000.5,8.987384303086046,18,1.1452172922492527,2015-03-24,-0.050920497284785204,0
7170,Patrick J Toomey,PFS,Sale (Partial),Joint,Stock,32500.5,10.389041521098926,19,-0.18657438325340361,2015-04-14,-0.02986249077507852,0
7171,Patrick J Toomey,PFS,Sale (Partial),Joint,Stock,32500.5,10.389041521098926,20,-0.18657438325340361,2015-04-14,-0.02986249077507852,0
7172,Patrick J Toomey,CVX,Sale (Partial),Joint,Stock,32500.5,10.389041521098926,26,0.931920970993558,2015-04-14,-0.06796893443238972,0
7168,Pat Roberts,AAPL,Purchase,Spouse,Stock,8000.5,8.987384303086046,28,0.6131491067260966,2015-04-22,0.00812725581581808,1
7158,Sheldon Whitehouse,GILD,Purchase,Spouse,Stock,8000.5,8.987384303086046,16,0.8597833851839739,2015-04-23,0.08974968316853793,1
7160,Sheldon Whitehouse,BIIB,Purchase,Spouse,Stock,8000.5,8.987384303086046,16,0.35970955735380816,2015-04-23,-0.09200431500287964,0
7161,Sheldon Whitehouse,NFLX,Purchase,Spouse,Stock,8000.5,8.987384303086046,16,2.0133100718685872,2015-04-23,0.13923394405010947,1
7156,Thomas R Carper,AAPL,Purchase,Spouse,Stock,8000.5,8.987384303086046,9,0.29985601730780015,2015-05-01,-0.008102053153558608,0
7147,Gary C Peters,QCOM,Purchase,Self,Stock,8000.5,8.987384303086046,22,-0.404590782464342,2015-05-06,-0.029420251711260836,0
7148,Gary C Peters,EMR,Purchase,Self,Stock,8000.5,8.987384303086046,22,-0.13697950986321014,2015-05-06,-0.013680727389054681,0
7149,John F Reed,MSFT,Purchase,Self,Stock,8000.5,8.987384303086046,13,0.9930899665750459,2015-05-06,-0.013276707534558119,0
7152,John F Reed,SLB,Sale (Partial),Self,Stock,8000.5,8.987384303086046,13,0.14573668541217324,2015-05-06,-0.06223354380008839,0
7137,Pat Roberts,CVX,Purchase,Spouse,Stock,8000.5,8.987384303086046,13,-0.5635709463770691,2015-05-07,-0.08458787663427181,0
7138,Pat Roberts,NFLX,Sale (Full),Spouse,Stock,32500.5,10.389041521098926,15,0.5077342779707468,2015-05-07,0.15322704184149605,1
7139,Pat Roberts,NFLX,Purchase,Spouse,Stock,32500.5,10.389041521098926,23,0.5077342779707468,2015-05-07,0.15322704184149605,1
7140,Pat Roberts,BA,Purchase,Spouse,Stock,8000.5,8.987384303086046,13,-1.512136391865243,2015-05-07,0.016438108591552147,1
7141,Pat Roberts,COST,Purchase,Spouse,Stock,8000.5,8.987384303086046,13,-0.6653058291910763,2015-05-07,-0.038756781031976106,0
7119,Thomas R Carper,DD,Purchase,Spouse,Stock,8000.5,8.987384303086046,61,-0.11364340368169121,2015-05-13,0.0498452436417951,1
7120,Thomas R Carper,DD,Purchase,Spouse,Stock,8000.5,8.987384303086046,149,-0.11364340368169121,2015-05-13,0.0498452436417951,1
7121,Thomas R Carper,DD,Purchase,Spouse,Stock,8000.5,8.987384303086046,240,-0.11364340368169121,2015-05-13,0.0498452436417951,1
7122,Thomas R Carper,DD,Purchase,Spouse,Stock,8000.5,8.987384303086046,334,-0.11364340368169121,2015-05-13,0.0498452436417951,1
7123,Thomas R Carper,DD,Purchase,Spouse,Stock,8000.5,8.987384303086046,425,-0.11364340368169121,2015-05-13,0.0498452436417951,1
7124,Thomas R Carper,DD,Purchase,Spouse,Stock,8000.5,8.987384303086046,513,-0.11364340368169121,2015-05-13,0.0498452436417951,1
7125,Thomas R Carper,DD,Purchase,Spouse,Stock,8000.5,8.987384303086046,607,-0.11364340368169121,2015-05-13,0.0498452436417951,1
7126,Thomas R Carper,DD,Purchase,Spouse,Stock,8000.5,8.987384303086046,699,-0.11364340368169121,2015-05-13,0.0498452436417951,1
7127,Thomas R Carper,DD,Purchase,Spouse,Stock,8000.5,8.987384303086046,789,-0.11364340368169121,2015-05-13,0.0498452436417951,1
7128,Thomas R Carper,DD,Purchase,Spouse,Stock,8000.5,8.987384303086046,877,-0.11364340368169121,2015-05-13,0.0498452436417951,1
7129,Thomas R Carper,DD,Purchase,Spouse,Stock,8000.5,8.987384303086046,972,-0.11364340368169121,2015-05-13,0.0498452436417951,1
7116,Patrick J Toomey,PG,Purchase,Joint,Stock,32500.5,10.389041521098926,23,0.051891193012523464,2015-05-20,0.019330975720079135,1
7099,James M Inhofe,PG,Purchase,Self,Stock,32500.5,10.389041521098926,29,-0.6210227805487532,2015-05-28,0.04386072133859076,1
7100,James M Inhofe,AMZN,Sale (Partial),Self,Stock,32500.5,10.389041521098926,29,0.001651133212456208,2015-05-28,0.06315188387596515,1
7101,James M Inhofe,EMR,Purchase,Self,Stock,75000.5,11.22526339231845,37,0.7912464407354799,2015-05-28,-0.09439043894355004,0
7102,James M Inhofe,WFC,Sale (Partial),Self,Stock,32500.5,10.389041521098926,37,0.45991828650615757,2015-05-28,0.02112705035483664,1
7094,Thomas R Carper,AAPL,Purchase,Spouse,Stock,8000.5,8.987384303086046,18,0.38843769652205895,2015-06-01,-0.03355943311985876,0
7078,Sheldon Whitehouse,AMGN,Purchase,Spouse,Stock,8000.5,8.987384303086046,7,-0.5394933446738261,2015-06-03,0.035818940757280426,1
7079,Sheldon Whitehouse,BAC,Purchase,Joint,Stock,32500.5,10.389041521098926,7,0.6912095096193184,2015-06-03,0.05845495374422116,1
7083,Sheldon Whitehouse,PRU,Sale (Full),Joint,Stock,8000.5,8.987384303086046,27,0.5149361951050709,2015-06-03,0.02740561718039225,1
7085,Sheldon Whitehouse,MRK,Purchase,Self,Stock,8000.5,8.987384303086046,7,0.330323307336212,2015-06-03,-0.027790852230350827,0
7087,Sheldon Whitehouse,NFLX,Purchase,Self,Stock,32500.5,10.389041521098926,27,0.32598704149243285,2015-06-03,0.30224763071268534,1
7088,Sheldon Whitehouse,BIIB,Purchase,Self,Stock,32500.5,10.389041521098926,27,-0.3969504017066435,2015-06-03,0.04014449466653991,1
6944,"David A Perdue , Jr",BA,Sale (Full),Joint,Stock,32500.5,10.389041521098926,101,-0.7451484066842762,2015-06-04,0.028833445240783462,1
6946,"David A Perdue , Jr",CAT,Sale (Full),Joint,Stock,32500.5,10.389041521098926,85,-0.6834355882177708,2015-06-04,-0.03821050728569353,0
6947,"David A Perdue , Jr",SPY,Sale (Full),Joint,Stock,32500.5,10.389041521098926,71,-0.43404189701362855,2015-06-04,0.0,0
6948,"David A Perdue , Jr",RF,Purchase,Joint,Stock,32500.5,10.389041521098926,15,0.2947176695913004,2015-06-04,-0.020968282091435198,0
6952,"David A Perdue , Jr",SYY,Purchase,Joint,Stock,8000.5,8.987384303086046,63,0.36979697709915205,2015-06-04,-0.0423669305675749,0
6953,"David A Perdue , Jr",PG,Purchase,Joint,Stock,8000.5,8.987384303086046,63,-1.1864790135507277,2015-06-04,0.041151695628125706,1
6957,"David A Perdue , Jr",JNJ,Purchase,Joint,Stock,8000.5,8.987384303086046,63,-0.9821958934208146,2015-06-04,-0.002617567000489762,0
6958,"David A Perdue , Jr",KO,Purchase,Joint,Stock,8000.5,8.987384303086046,63,-0.5355224647627184,2015-06-04,0.005076649572097303,1
6959,"David A Perdue , Jr",MSFT,Sale (Partial),Joint,Stock,8000.5,8.987384303086046,63,-0.6588689353189925,2015-06-04,-0.005575262485465693,0
6960,"David A Perdue , Jr",SYY,Purchase,Joint,Stock,32500.5,10.389041521098926,29,0.36979697709915205,2015-06-04,-0.0423669305675749,0
6968,"David A Perdue , Jr",WPZ,Sale (Partial),Joint,Stock,8000.5,8.987384303086046,114,-0.7251624630363267,2015-06-04,-0.10260886721880524,0
6969,"David A Perdue , Jr",WPZ,Sale (Partial),Joint,Stock,8000.5,8.987384303086046,113,-0.7251624630363267,2015-06-04,-0.10260886721880524,0
6970,"David A Perdue , Jr",WPZ,Sale (Partial),Joint,Stock,8000.5,8.987384303086046,112,-0.7251624630363267,2015-06-04,-0.10260886721880524,0
6971,"David A Perdue , Jr",WPZ,Sale (Partial),Joint,Stock,8000.5,8.987384303086046,122,-0.7251624630363267,2015-06-04,-0.10260886721880524,0
6972,"David A Perdue , Jr",WPZ,Sale (Partial),Joint,Stock,8000.5,8.987384303086046,111,-0.7251624630363267,2015-06-04,-0.10260886721880524,0
6973,"David A Perdue , Jr",WPZ,Sale (Partial),Joint,Stock,8000.5,8.987384303086046,107,-0.7251624630363267,2015-06-04,-0.10260886721880524,0
6974,"David A Perdue , Jr",WPZ,Sale (Partial),Joint,Stock,8000.5,8.987384303086046,106,-0.7251624630363267,2015-06-04,-0.10260886721880524,0
6975,"David A Perdue , Jr",WPZ,Sale (Partial),Joint,Stock,8000.5,8.987384303086046,105,-0.7251624630363267,2015-06-04,-0.10260886721880524,0
6987,"David A Perdue , Jr",KN,Purchase,Joint,Stock,8000.5,8.987384303086046,147,-0.05761142939589709,2015-06-04,-0.049078209912022386,0
6997,"David A Perdue , Jr",KN,Purchase,Joint,Stock,8000.5,8.987384303086046,134,-0.05761142939589709,2015-06-04,-0.049078209912022386,0
7000,"David A Perdue , Jr",KN,Purchase,Joint,Stock,8000.5,8.987384303086046,128,-0.05761142939589709,2015-06-04,-0.049078209912022386,0
7010,"David A Perdue , Jr",KN,Purchase,Joint,Stock,8000.5,8.987384303086046,119,-0.05761142939589709,2015-06-04,-0.049078209912022386,0
7025,"David A Perdue , Jr",KN,Purchase,Joint,Stock,8000.5,8.987384303086046,98,-0.05761142939589709,2015-06-04,-0.049078209912022386,0
7030,"David A Perdue , Jr",KN,Purchase,Joint,Stock,8000.5,8.987384303086046,90,-0.05761142939589709,2015-06-04,-0.049078209912022386,0
7031,"David A Perdue , Jr",KN,Purchase,Joint,Stock,8000.5,8.987384303086046,87,-0.05761142939589709,2015-06-04,-0.049078209912022386,0
7033,"David A Perdue , Jr",KN,Purchase,Joint,Stock,8000.5,8.987384303086046,86,-0.05761142939589709,2015-06-04,-0.049078209912022386,0
7034,"David A Perdue , Jr",KN,Purchase,Joint,Stock,8000.5,8.987384303086046,85,-0.05761142939589709,2015-06-04,-0.049078209912022386,0
7049,"David A Perdue , Jr",KN,Purchase,Joint,Stock,8000.5,8.987384303086046,76,-0.05761142939589709,2015-06-04,-0.049078209912022386,0
7052,"David A Perdue , Jr",KN,Purchase,Joint,Stock,8000.5,8.987384303086046,48,-0.05761142939589709,2015-06-04,-0.049078209912022386,0
7053,"David A Perdue , Jr",KN,Purchase,Joint,Stock,8000.5,8.987384303086046,42,-0.05761142939589709,2015-06-04,-0.049078209912022386,0
7054,"David A Perdue , Jr",KN,Purchase,Joint,Stock,8000.5,8.987384303086046,41,-0.05761142939589709,2015-06-04,-0.049078209912022386,0
7056,"David A Perdue , Jr",PFE,Sale (Partial),Joint,Stock,8000.5,8.987384303086046,36,0.10962764744631145,2015-06-04,0.01305724188036006,1
7057,"David A Perdue , Jr",MOS,Purchase,Joint,Stock,8000.5,8.987384303086046,50,-0.7027365854914579,2015-06-04,0.004069888335680005,1
7058,"David A Perdue , Jr",PFE,Sale (Partial),Joint,Stock,8000.5,8.987384303086046,29,0.10962764744631145,2015-06-04,0.01305724188036006,1
7060,"David A Perdue , Jr",PFE,Sale (Partial),Joint,Stock,8000.5,8.987384303086046,28,0.10962764744631145,2015-06-04,0.01305724188036006,1
7062,"David A Perdue , Jr",PFE,Sale (Partial),Joint,Stock,8000.5,8.987384303086046,21,0.10962764744631145,2015-06-04,0.01305724188036006,1
6931,"David A Perdue , Jr",PG,Purchase,Joint,Stock,8000.5,8.987384303086046,22,0.14159338259579393,2015-06-26,-0.04088227174143766,0
6926,Thomas R Carper,DD,Purchase,Spouse,Stock,8000.5,8.987384303086046,19,-0.5522312928351155,2015-07-01,-0.13051739654167516,0
6908,James M Inhofe,GILD,Sale (Partial),Self,Stock,75000.5,11.22526339231845,30,-0.9075438267400316,2015-07-09,-0.004018057080404369,0
6910,Patrick J Toomey,VZ,Purchase,Joint,Stock,8000.5,8.987384303086046,35,-0.989110298354485,2015-07-09,0.017941331229156643,1
6911,Patrick J Toomey,CVX,Purchase,Joint,Stock,8000.5,8.987384303086046,23,-1.5148873741842928,2015-07-09,-0.1505049673195823,0
6912,Patrick J Toomey,PFS,Sale (Partial),Joint,Stock,32500.5,10.389041521098926,23,-0.11787058389844327,2015-07-09,0.03034180630153005,1
6913,Patrick J Toomey,PFS,Sale (Partial),Joint,Stock,32500.5,10.389041521098926,16,-0.11787058389844327,2015-07-09,0.03034180630153005,1
6914,Patrick J Toomey,PFS,Sale (Partial),Joint,Stock,32500.5,10.389041521098926,15,-0.11787058389844327,2015-07-09,0.03034180630153005,1
6897,James M Inhofe,BIIB,Purchase,Self,Stock,32500.5,10.389041521098926,6,-0.16108279683202792,2015-07-15,-0.1787168142261003,0
6899,James M Inhofe,GE,Purchase,Self,Stock,8000.5,8.987384303086046,6,-0.020524866745111895,2015-07-15,-0.026418495256710917,0
6901,James M Inhofe,MRK,Purchase,Self,Stock,75000.5,11.22526339231845,6,0.268872108743128,2015-07-15,0.01141233371760575,1
6903,James M Inhofe,ABT,Sale (Full),Self,Stock,75000.5,11.22526339231845,6,-0.3134079816957781,2015-07-15,-0.03140970940476151,0
6866,Sheldon Whitehouse,T,Purchase,Spouse,Stock,8000.5,8.987384303086046,14,-1.0616223598773187,2015-07-21,0.029271183232628895,1
6867,Sheldon Whitehouse,BIIB,Purchase,Joint,Stock,8000.5,8.987384303086046,11,0.3415810186438042,2015-07-21,-0.19135775335282612,0
6869,Sheldon Whitehouse,T,Purchase,Child,Stock,8000.5,8.987384303086046,11,-1.0616223598773187,2015-07-21,0.029271183232628895,1
6871,Sheldon Whitehouse,MRK,Purchase,Self,Stock,8000.5,8.987384303086046,11,0.6190630918968594,2015-07-21,-0.010296570848700504,0
6873,Sheldon Whitehouse,M,Sale (Full),Self,Stock,32500.5,10.389041521098926,14,1.4200587715762814,2015-07-21,-0.09707639294243342,0
6839,"David A Perdue , Jr",WPZ,Sale (Partial),Joint,Stock,8000.5,8.987384303086046,4,-0.02790896827167824,2015-07-28,-0.06752072798718156,0
6841,"David A Perdue , Jr",WPZ,Sale (Partial),Joint,Stock,8000.5,8.987384303086046,5,-0.02790896827167824,2015-07-28,-0.06752072798718156,0
6846,"David A Perdue , Jr",WPZ,Sale (Partial),Joint,Stock,8000.5,8.987384303086046,6,-0.02790896827167824,2015-07-28,-0.06752072798718156,0
6858,"David A Perdue , Jr",DVN,Purchase,Joint,Stock,8000.5,8.987384303086046,15,-1.4580787826764068,2015-07-28,-0.13658151738583202,0
6833,Shelley M Capito,ABT,Purchase,Spouse,Stock,8000.5,8.987384303086046,13,0.27932972159647174,2015-08-03,-0.07846889526839462,0
6812,Pat Roberts,AAPL,Purchase,Spouse,Stock,8000.5,8.987384303086046,27,-2.7722365629791215,2015-08-23,0.035675313740216374,1
6813,Pat Roberts,AAPL,Purchase,Spouse,Stock,8000.5,8.987384303086046,30,-2.7722365629791215,2015-08-23,0.035675313740216374,1
6809,William Cassidy,CAT,Purchase,Spouse,Stock,8000.5,8.987384303086046,1,-0.3179151945796439,2015-08-28,-0.08299819136471276,0
6799,Sheldon Whitehouse,GE,Purchase,Spouse,Stock,8000.5,8.987384303086046,28,-2.185115663817637,2015-09-01,0.11656529789385739,1
6800,Sheldon Whitehouse,BIIB,Purchase,Spouse,Stock,8000.5,8.987384303086046,28,-0.9305791073150628,2015-09-01,-0.16129902405052254,0
6801,Sheldon Whitehouse,KO,Purchase,Child,Stock,8000.5,8.987384303086046,22,-1.8315613932602726,2015-09-01,0.03639932792284983,1
6802,Sheldon Whitehouse,BIIB,Purchase,Joint,Stock,8000.5,8.987384303086046,22,-0.9305791073150628,2015-09-01,-0.16129902405052254,0
6805,Sheldon Whitehouse,WFC,Purchase,Self,Stock,8000.5,8.987384303086046,28,-3.3946258929418893,2015-09-01,-0.02921165525641123,0
6806,Sheldon Whitehouse,VZ,Purchase,Self,Stock,8000.5,8.987384303086046,28,-1.6449614645435806,2015-09-01,-0.05948083967036999,0
6807,Sheldon Whitehouse,NFLX,Purchase,Self,Stock,8000.5,8.987384303086046,48,-1.2083270150539702,2015-09-01,0.00275628832296837,1
6791,James M Inhofe,QCOM,Sale (Partial),Self,Stock,75000.5,11.22526339231845,29,-2.033054830196075,2015-09-02,0.025351327499843812,1
6702,"David A Perdue , Jr",GLW,Purchase,Joint,Stock,8000.5,8.987384303086046,6,0.7825295622465887,2015-09-08,-0.08160843249269267,0
6705,"David A Perdue , Jr",GLW,Purchase,Joint,Stock,8000.5,8.987384303086046,7,0.7825295622465887,2015-09-08,-0.08160843249269267,0
6708,"David A Perdue , Jr",DVN,Purchase,Joint,Stock,8000.5,8.987384303086046,8,-0.7430563134139462,2015-09-08,0.09937838245992703,1
6709,"David A Perdue , Jr",BAX,Purchase,Joint,Stock,8000.5,8.987384303086046,11,-1.3807145076477438,2015-09-08,-0.09039668613309593,0
6711,"David A Perdue , Jr",GLW,Purchase,Joint,Stock,8000.5,8.987384303086046,11,0.7825295622465887,2015-09-08,-0.08160843249269267,0
6714,"David A Perdue , Jr",BAX,Purchase,Joint,Stock,8000.5,8.987384303086046,12,-1.3807145076477438,2015-09-08,-0.09039668613309593,0
6716,"David A Perdue , Jr",DVN,Purchase,Joint,Stock,8000.5,8.987384303086046,12,-0.7430563134139462,2015-09-08,0.09937838245992703,1
6717,"David A Perdue , Jr",GLW,Purchase,Joint,Stock,8000.5,8.987384303086046,12,0.7825295622465887,2015-09-08,-0.08160843249269267,0
6719,"David A Perdue , Jr",BAX,Purchase,Joint,Stock,8000.5,8.987384303086046,13,-1.3807145076477438,2015-09-08,-0.09039668613309593,0
6720,"David A Perdue , Jr",PG,Purchase,Joint,Stock,32500.5,10.389041521098926,14,-1.418631606461015,2015-09-08,0.03481981858853689,1
6722,"David A Perdue , Jr",BAX,Purchase,Joint,Stock,8000.5,8.987384303086046,14,-1.3807145076477438,2015-09-08,-0.09039668613309593,0
6725,"David A Perdue , Jr",QCOM,Purchase,Joint,Stock,8000.5,8.987384303086046,15,-1.7342572522266062,2015-09-08,0.04007083315750637,1
6728,"David A Perdue , Jr",KMI,Purchase,Joint,Stock,32500.5,10.389041521098926,15,-1.0162713659186842,2015-09-08,-0.0017513931350527923,0
6729,"David A Perdue , Jr",SBUX,Purchase,Joint,Stock,32500.5,10.389041521098926,15,0.06335792990770403,2015-09-08,0.07392909230399103,1
6730,"David A Perdue , Jr",BAX,Purchase,Joint,Stock,8000.5,8.987384303086046,15,-1.3807145076477438,2015-09-08,-0.09039668613309593,0
6733,"David A Perdue , Jr",BAX,Purchase,Joint,Stock,8000.5,8.987384303086046,18,-1.3807145076477438,2015-09-08,-0.09039668613309593,0
6737,"David A Perdue , Jr",BAX,Purchase,Joint,Stock,32500.5,10.389041521098926,19,-1.3807145076477438,2015-09-08,-0.09039668613309593,0
6741,"David A Perdue , Jr",BAX,Purchase,Joint,Stock,8000.5,8.987384303086046,20,-1.3807145076477438,2015-09-08,-0.09039668613309593,0
6742,"David A Perdue , Jr",GPK,Sale (Partial),Joint,Stock,75000.5,11.22526339231845,22,-0.6405562548119508,2015-09-08,-0.06413040984627028,0
6747,"David A Perdue , Jr",BAX,Purchase,Joint,Stock,8000.5,8.987384303086046,27,-1.3807145076477438,2015-09-08,-0.09039668613309593,0
6751,"David A Perdue , Jr",GPK,Sale (Partial),Joint,Stock,32500.5,10.389041521098926,29,-0.6405562548119508,2015-09-08,-0.06413040984627028,0
6752,"David A Perdue , Jr",BAX,Purchase,Joint,Stock,8000.5,8.987384303086046,29,-1.3807145076477438,2015-09-08,-0.09039668613309593,0
6754,"David A Perdue , Jr",XOM,Purchase,Joint,Stock,8000.5,8.987384303086046,32,-0.578115982582515,2015-09-08,0.07095818428897016,1
6766,"David A Perdue , Jr",BAX,Purchase,Joint,Stock,8000.5,8.987384303086046,35,-1.3807145076477438,2015-09-08,-0.09039668613309593,0
6770,"David A Perdue , Jr",GPK,Sale (Partial),Joint,Stock,75000.5,11.22526339231845,39,-0.6405562548119508,2015-09-08,-0.06413040984627028,0
6775,"David A Perdue , Jr",DVN,Purchase,Joint,Stock,8000.5,8.987384303086046,41,-0.7430563134139462,2015-09-08,0.09937838245992703,1
6778,"David A Perdue , Jr",GPK,Sale (Partial),Joint,Stock,175000.5,12.072549824297488,42,-0.6405562548119508,2015-09-08,-0.06413040984627028,0
6691,James M Inhofe,AAPL,Purchase,Self,Stock,32500.5,10.389041521098926,17,0.3143066025516453,2015-09-10,-0.02201866214515702,0
6693,James M Inhofe,EMR,Sale (Full),Self,Stock,75000.5,11.22526339231845,17,-1.001684728072373,2015-09-10,-0.017639325491448865,0
6695,James M Inhofe,MRK,Purchase,Self,Stock,32500.5,10.389041521098926,29,-1.5389861227713182,2015-09-10,-0.06151424653840798,0
6683,John Cornyn,AAPL,Purchase,Self,Stock,32500.5,10.389041521098926,31,0.893797652765639,2015-09-21,-0.019086549581962098,0
6659,Sheldon Whitehouse,M,Purchase,Joint,Stock,8000.5,8.987384303086046,2,-2.5963432359246688,2015-09-24,-0.12072259762766058,0
6661,Sheldon Whitehouse,QCOM,Sale (Full),Joint,Stock,32500.5,10.389041521098926,9,-1.083335908729647,2015-09-24,-0.1307236317270617,0
6662,Sheldon Whitehouse,BAC,Sale (Full),Joint,Stock,32500.5,10.389041521098926,9,-0.7488239923039068,2015-09-24,0.023758656597290928,1
6663,Sheldon Whitehouse,PG,Purchase,Joint,Stock,8000.5,8.987384303086046,27,1.032158753826737,2015-09-24,-0.018936924694451518,0
6665,Sheldon Whitehouse,BIIB,Purchase,Joint,Stock,8000.5,8.987384303086046,27,-0.881007094033774,2015-09-24,-0.08935635558765176,0
6668,Sheldon Whitehouse,VFC,Sale (Partial),Self,Stock,32500.5,10.389041521098926,27,-0.6899765332345441,2015-09-24,-0.10141592146428868,0
6652,Gary C Peters,ABBV,Purchase,Self,Stock,8000.5,8.987384303086046,18,-2.910076898592286,2015-09-28,0.09763126060961369,1
6653,Gary C Peters,T,Purchase,Self,Stock,8000.5,8.987384303086046,18,-1.1109223596825128,2015-09-28,-0.07728265027855796,0
6654,Gary C Peters,PFE,Purchase,Self,Stock,8000.5,8.987384303086046,12,-1.7375693380509845,2015-09-28,-0.014926211728250927,0
6657,Gary C Peters,GM,Purchase,Self,Stock,8000.5,8.987384303086046,12,-1.1740856706113239,2015-09-28,0.1421998560220703,1
6505,Patrick J Toomey,PFS,Sale (Partial),Joint,Stock,32500.5,10.389041521098926,89,-0.20649471693387156,2015-11-04,0.0168136054650323,1
6506,Patrick J Toomey,CVX,Purchase,Joint,Stock,8000.5,8.987384303086046,89,1.732493399565348,2015-11-04,-0.038233759534103795,0
6507,Patrick J Toomey,PFS,Sale (Partial),Joint,Stock,8000.5,8.987384303086046,86,-0.20649471693387156,2015-11-04,0.0168136054650323,1
6508,Patrick J Toomey,PFS,Sale (Partial),Joint,Stock,32500.5,10.389041521098926,65,-0.20649471693387156,2015-11-04,0.0168136054650323,1
6509,Patrick J Toomey,PFS,Sale (Partial),Joint,Stock,32500.5,10.389041521098926,48,-0.20649471693387156,2015-11-04,0.0168136054650323,1
6510,Patrick J Toomey,PFS,Sale (Partial),Joint,Stock,32500.5,10.389041521098926,47,-0.20649471693387156,2015-11-04,0.0168136054650323,1
6251,William Cassidy,INTC,Sale (Full),Spouse,Stock,8000.5,8.987384303086046,7,-1.1240977325932036,2016-01-12,-0.1033429151457097,0
6253,William Cassidy,AAPL,Purchase,Spouse,Stock,8000.5,8.987384303086046,7,-1.4692157173474556,2016-01-12,-0.041720456329605415,0
6247,"Angus S King, Jr.",KMI,Sale (Full),Spouse,Stock,8000.5,8.987384303086046,34,-2.012657623588023,2016-01-19,0.42549244569555644,1
6231,Sheldon Whitehouse,M,Sale (Partial),Joint,Stock,8000.5,8.987384303086046,23,1.772102108709051,2016-01-20,0.03362977639972864,1
6233,Sheldon Whitehouse,MSFT,Purchase,Joint,Stock,8000.5,8.987384303086046,14,-1.634956997137038,2016-01-20,-0.045396331292784975,0
6234,Sheldon Whitehouse,GILD,Purchase,Child,Stock,8000.5,8.987384303086046,15,-1.8001873090700178,2016-01-20,-0.106149655436786,0
6236,Sheldon Whitehouse,NVDA,Purchase,Self,Stock,8000.5,8.987384303086046,15,-1.6194031633304993,2016-01-20,0.11202591507654769,1
6237,Sheldon Whitehouse,NVDA,Purchase,Child,Stock,8000.5,8.987384303086046,14,-1.6194031633304993,2016-01-20,0.11202591507654769,1
6239,Sheldon Whitehouse,CSCO,Purchase,Self,Stock,8000.5,8.987384303086046,15,-3.1385810320300145,2016-01-20,0.09725151131844423,1
6240,Sheldon Whitehouse,WMT,Purchase,Self,Stock,8000.5,8.987384303086046,15,-0.7412130814951489,2016-01-20,0.011002735180179135,1
6241,Sheldon Whitehouse,VZ,Purchase,Self,Stock,8000.5,8.987384303086046,14,-1.3437528858273193,2016-01-20,0.0920565362436021,1
6243,Sheldon Whitehouse,NFLX,Purchase,Child,Stock,8000.5,8.987384303086046,15,-0.6136870269906414,2016-01-20,-0.16716351779254823,0
6244,Sheldon Whitehouse,MRK,Purchase,Self,Stock,8000.5,8.987384303086046,6,-1.0809772234654342,2016-01-20,-0.04544827877233182,0
6169,"David A Perdue , Jr",PFE,Sale (Partial),Joint,Stock,8000.5,8.987384303086046,4,-0.7992822664142193,2016-02-02,-0.10580638954804611,0
6170,"David A Perdue , Jr",WLK,Purchase,Joint,Stock,8000.5,8.987384303086046,4,-0.6712175949836273,2016-02-02,-0.007666160731022664,0
6172,"David A Perdue , Jr",LYV,Purchase,Joint,Stock,8000.5,8.987384303086046,4,-0.9165865002163771,2016-02-02,-0.03743931986462279,0
6174,"David A Perdue , Jr",PFE,Sale (Partial),Joint,Stock,8000.5,8.987384303086046,5,-0.7992822664142193,2016-02-02,-0.10580638954804611,0
6175,"David A Perdue , Jr",AAPL,Purchase,Joint,Stock,8000.5,8.987384303086046,5,-0.9488319803890458,2016-02-02,0.05230299802547078,1
6178,"David A Perdue , Jr",PFE,Sale (Partial),Joint,Stock,8000.5,8.987384303086046,6,-0.7992822664142193,2016-02-02,-0.10580638954804611,0
6179,"David A Perdue , Jr",AAPL,Purchase,Joint,Stock,32500.5,10.389041521098926,6,-0.9488319803890458,2016-02-02,0.05230299802547078,1
6180,"David A Perdue , Jr",MSFT,Sale (Partial),Joint,Stock,8000.5,8.987384303086046,6,0.322056500773422,2016-02-02,-0.04383834551688692,0
6181,"David A Perdue , Jr",AAPL,Purchase,Joint,Stock,8000.5,8.987384303086046,6,-0.9488319803890458,2016-02-02,0.05230299802547078,1
6187,"David A Perdue , Jr",PFE,Sale (Partial),Joint,Stock,8000.5,8.987384303086046,8,-0.7992822664142193,2016-02-02,-0.10580638954804611,0
6189,"David A Perdue , Jr",MSFT,Sale (Partial),Joint,Stock,8000.5,8.987384303086046,11,0.322056500773422,2016-02-02,-0.04383834551688692,0
6191,"David A Perdue , Jr",PFE,Sale (Partial),Joint,Stock,8000.5,8.987384303086046,11,-0.7992822664142193,2016-02-02,-0.10580638954804611,0
6193,"David A Perdue , Jr",GE,Sale (Partial),Joint,Stock,8000.5,8.987384303086046,12,-0.5167614358957207,2016-02-02,-0.0009672294933598113,0
6195,"David A Perdue , Jr",BAC,Purchase,Joint,Stock,8000.5,8.987384303086046,13,-2.0639909946084747,2016-02-02,-0.06326308512349121,0
6196,"David A Perdue , Jr",PG,Purchase,Joint,Stock,32500.5,10.389041521098926,13,1.4465044225231358,2016-02-02,-0.05534847033550605,0
6198,"David A Perdue , Jr",WMB,Sale (Partial),Joint,Stock,8000.5,8.987384303086046,13,0.04233091293594358,2016-02-02,-0.1361906977870565,0
6200,"David A Perdue , Jr",V,Purchase,Joint,Stock,8000.5,8.987384303086046,13,0.22390255403310594,2016-02-02,-0.08334269546505857,0
6203,"David A Perdue , Jr",PFE,Sale (Partial),Joint,Stock,8000.5,8.987384303086046,13,-0.7992822664142193,2016-02-02,-0.10580638954804611,0
6205,"David A Perdue , Jr",WLK,Purchase,Joint,Stock,8000.5,8.987384303086046,18,-0.6712175949836273,2016-02-02,-0.007666160731022664,0
6207,"David A Perdue , Jr",GE,Sale (Partial),Joint,Stock,8000.5,8.987384303086046,19,-0.5167614358957207,2016-02-02,-0.0009672294933598113,0
6208,"David A Perdue , Jr",PFE,Sale (Partial),Joint,Stock,8000.5,8.987384303086046,19,-0.7992822664142193,2016-02-02,-0.10580638954804611,0
6210,"David A Perdue , Jr",KN,Purchase,Joint,Stock,8000.5,8.987384303086046,20,0.2304639212624843,2016-02-02,-0.052643345650311923,0
6211,"David A Perdue , Jr",LYV,Purchase,Joint,Stock,8000.5,8.987384303086046,20,-0.9165865002163771,2016-02-02,-0.03743931986462279,0
6212,"David A Perdue , Jr",GE,Sale (Partial),Joint,Stock,8000.5,8.987384303086046,20,-0.5167614358957207,2016-02-02,-0.0009672294933598113,0
6213,"David A Perdue , Jr",PFE,Sale (Partial),Joint,Stock,8000.5,8.987384303086046,20,-0.7992822664142193,2016-02-02,-0.10580638954804611,0
6224,Pat Roberts,GE,Purchase,Spouse,Stock,8000.5,8.987384303086046,13,-0.5167614358957207,2016-02-02,-0.0009672294933598113,0
6148,James M Inhofe,GILD,Purchase,Self,Stock,32500.5,10.389041521098926,6,-1.1533178114648188,2016-02-03,-0.03333434498680665,0
6142,Shelley M Capito,COP,Sale (Full),Spouse,Stock,8000.5,8.987384303086046,14,-1.5513005230291006,2016-02-08,0.11431766828474554,1
6145,John Hoeven,MRK,Purchase,Self,Stock,75000.5,11.22526339231845,11,-1.269160325545348,2016-02-08,-0.01721233414874157,0
6146,John Hoeven,AAPL,Purchase,Self,Stock,75000.5,11.22526339231845,11,-0.5853556387319798,2016-02-08,0.020025063496380557,1
6133,Patrick J Toomey,SPY,Sale (Partial),Joint,Stock,8000.5,8.987384303086046,0,-1.6810263220422392,2016-02-11,0.0,0
6112,Sheldon Whitehouse,CAT,Sale (Full),Joint,Stock,32500.5,10.389041521098926,34,0.952330603419312,2016-02-23,0.0701934476018351,1
6113,Sheldon Whitehouse,BAC,Purchase,Joint,Stock,8000.5,8.987384303086046,11,-1.05587660052852,2016-02-23,0.017967688651854496,1
6119,Sheldon Whitehouse,JPM,Purchase,Self,Stock,8000.5,8.987384303086046,34,-0.6801208658738394,2016-02-23,-0.025382212295450124,0
6108,William Cassidy,COP,Sale (Full),Spouse,Stock,8000.5,8.987384303086046,16,-0.8281726951081372,2016-02-25,0.20130450848581716,1
6109,William Cassidy,SLB,Purchase,Spouse,Stock,8000.5,8.987384303086046,16,0.5365912662026342,2016-02-25,-0.02508931210360088,0
6044,"David A Perdue , Jr",GM,Purchase,Joint,Stock,8000.5,8.987384303086046,4,0.9981747515990588,2016-03-01,-0.024263628383328406,0
6045,"David A Perdue , Jr",WFC,Purchase,Joint,Stock,32500.5,10.389041521098926,5,0.9242628921429344,2016-03-01,-0.043558917690164956,0
6048,"David A Perdue , Jr",AAPL,Purchase,Joint,Stock,8000.5,8.987384303086046,5,1.312804602796737,2016-03-01,0.06457145135017828,1
6051,"David A Perdue , Jr",AAPL,Purchase,Joint,Stock,8000.5,8.987384303086046,7,1.312804602796737,2016-03-01,0.06457145135017828,1
6054,"David A Perdue , Jr",GE,Sale (Partial),Joint,Stock,32500.5,10.389041521098926,8,1.2717759009510332,2016-03-01,-0.01310782363550933,0
6056,"David A Perdue , Jr",GE,Sale (Partial),Joint,Stock,8000.5,8.987384303086046,11,1.2717759009510332,2016-03-01,-0.01310782363550933,0
6060,"David A Perdue , Jr",SYY,Sale (Partial),Joint,Stock,8000.5,8.987384303086046,13,1.0355771286070339,2016-03-01,0.00684285548917507,1
6062,"David A Perdue , Jr",MOS,Purchase,Joint,Stock,8000.5,8.987384303086046,13,1.617019215694176,2016-03-01,-0.07132396830895482,0
6063,"David A Perdue , Jr",LYV,Purchase,Joint,Stock,8000.5,8.987384303086046,13,1.6829930480871504,2016-03-01,-0.06109244593663521,0
6067,"David A Perdue , Jr",AAPL,Purchase,Joint,Stock,8000.5,8.987384303086046,14,1.312804602796737,2016-03-01,0.06457145135017828,1
6070,"David A Perdue , Jr",MSFT,Sale (Partial),Joint,Stock,8000.5,8.987384303086046,18,0.7369723107354413,2016-03-01,0.0027598049131836166,1
6071,"David A Perdue , Jr",KN,Purchase,Joint,Stock,8000.5,8.987384303086046,18,-0.22586087945402225,2016-03-01,0.06762211956395414,1
6072,"David A Perdue , Jr",AAPL,Purchase,Joint,Stock,8000.5,8.987384303086046,18,1.312804602796737,2016-03-01,0.06457145135017828,1
6074,"David A Perdue , Jr",GE,Sale (Partial),Joint,Stock,8000.5,8.987384303086046,18,1.2717759009510332,2016-03-01,-0.01310782363550933,0
6076,"David A Perdue , Jr",AAPL,Purchase,Joint,Stock,8000.5,8.987384303086046,19,1.312804602796737,2016-03-01,0.06457145135017828,1
6077,"David A Perdue , Jr",PFE,Sale (Partial),Joint,Stock,8000.5,8.987384303086046,19,0.5247813974655532,2016-03-01,0.0333005853235917,1
6078,"David A Perdue , Jr",MSFT,Sale (Partial),Joint,Stock,8000.5,8.987384303086046,19,0.7369723107354413,2016-03-01,0.0027598049131836166,1
6080,"David A Perdue , Jr",MSFT,Sale (Partial),Joint,Stock,8000.5,8.987384303086046,20,0.7369723107354413,2016-03-01,0.0027598049131836166,1
6082,"David A Perdue , Jr",PFE,Sale (Partial),Joint,Stock,8000.5,8.987384303086046,20,0.5247813974655532,2016-03-01,0.0333005853235917,1
6083,"David A Perdue , Jr",LYV,Purchase,Joint,Stock,8000.5,8.987384303086046,21,1.6829930480871504,2016-03-01,-0.06109244593663521,0
6085,"David A Perdue , Jr",MSFT,Sale (Partial),Joint,Stock,8000.5,8.987384303086046,21,0.7369723107354413,2016-03-01,0.0027598049131836166,1
6086,"David A Perdue , Jr",WMB,Sale (Full),Joint,Stock,8000.5,8.987384303086046,22,0.46014746110629,2016-03-01,0.05883964606417069,1
6087,"David A Perdue , Jr",WMB,Sale (Partial),Joint,Stock,8000.5,8.987384303086046,22,0.46014746110629,2016-03-01,0.05883964606417069,1
6089,"David A Perdue , Jr",ORCL,Purchase,Joint,Stock,8000.5,8.987384303086046,25,1.71712936240392,2016-03-01,0.03746964949689913,1
6092,"David A Perdue , Jr",PFE,Sale (Partial),Joint,Stock,8000.5,8.987384303086046,25,0.5247813974655532,2016-03-01,0.0333005853235917,1
6095,"David A Perdue , Jr",AAPL,Purchase,Joint,Stock,8000.5,8.987384303086046,27,1.312804602796737,2016-03-01,0.06457145135017828,1
6096,"David A Perdue , Jr",MSFT,Sale (Partial),Joint,Stock,8000.5,8.987384303086046,27,0.7369723107354413,2016-03-01,0.0027598049131836166,1
6100,"David A Perdue , Jr",PFE,Sale (Partial),Joint,Stock,8000.5,8.987384303086046,28,0.5247813974655532,2016-03-01,0.0333005853235917,1
6103,"David A Perdue , Jr",AAPL,Purchase,Joint,Stock,8000.5,8.987384303086046,29,1.312804602796737,2016-03-01,0.06457145135017828,1
6104,"David A Perdue , Jr",PFE,Sale (Partial),Joint,Stock,8000.5,8.987384303086046,29,0.5247813974655532,2016-03-01,0.0333005853235917,1
6032,John F Reed,FDX,Purchase,Joint,Stock,8000.5,8.987384303086046,10,0.6389988677391372,2016-03-10,0.1272345900590537,1
6017,John Hoeven,PRU,Purchase,Self,Stock,75000.5,11.22526339231845,18,-0.2885944316303141,2016-03-25,0.037231984912264204,1
6019,John Hoeven,GOOG,Purchase,Self,Stock,32500.5,10.389041521098926,18,0.5559088405093427,2016-03-25,-0.041162962742107734,0
6014,Rafael E Cruz,GS,Sale (Partial),Joint,Stock,75000.5,11.22526339231845,32,0.07050956741854147,2016-03-28,0.010817201391909892,1
6015,Rafael E Cruz,OKE,Sale (Partial),Joint,Stock,32500.5,10.389041521098926,32,0.3432963647886378,2016-03-28,0.372065451362946,1
5996,"David A Perdue , Jr",BAC,Purchase,Joint,Stock,8000.5,8.987384303086046,1,-0.1508345951440878,2016-03-29,0.049339369957471124,1
5997,"David A Perdue , Jr",QCOM,Purchase,Joint,Stock,8000.5,8.987384303086046,7,-0.5870944528213767,2016-03-29,0.012568174438149615,1
6000,"David A Perdue , Jr",BAC,Purchase,Joint,Stock,8000.5,8.987384303086046,8,-0.1508345951440878,2016-03-29,0.049339369957471124,1
6001,"David A Perdue , Jr",BAC,Purchase,Joint,Stock,8000.5,8.987384303086046,11,-0.1508345951440878,2016-03-29,0.049339369957471124,1
6002,"David A Perdue , Jr",BAC,Purchase,Joint,Stock,8000.5,8.987384303086046,14,-0.1508345951440878,2016-03-29,0.049339369957471124,1
6003,"David A Perdue , Jr",BAC,Purchase,Joint,Stock,8000.5,8.987384303086046,15,-0.1508345951440878,2016-03-29,0.049339369957471124,1
6004,"David A Perdue , Jr",BAC,Purchase,Joint,Stock,8000.5,8.987384303086046,18,-0.1508345951440878,2016-03-29,0.049339369957471124,1
6005,"David A Perdue , Jr",BAC,Purchase,Joint,Stock,8000.5,8.987384303086046,19,-0.1508345951440878,2016-03-29,0.049339369957471124,1
6006,"David A Perdue , Jr",BAC,Purchase,Joint,Stock,8000.5,8.987384303086046,21,-0.1508345951440878,2016-03-29,0.049339369957471124,1
6007,"David A Perdue , Jr",BAC,Purchase,Joint,Stock,8000.5,8.987384303086046,22,-0.1508345951440878,2016-03-29,0.049339369957471124,1
6009,"David A Perdue , Jr",BAC,Purchase,Joint,Stock,32500.5,10.389041521098926,25,-0.1508345951440878,2016-03-29,0.049339369957471124,1
5984,Shelley M Capito,AAPL,Purchase,Spouse,Stock,8000.5,8.987384303086046,13,1.4609369820548224,2016-04-04,-0.1577173248437782,0
5988,Sheldon Whitehouse,V,Sale (Partial),Child,Stock,8000.5,8.987384303086046,34,1.8096922600863088,2016-04-04,-0.002955130837736797,0
5989,Sheldon Whitehouse,CVS,Sale (Partial),Child,Stock,8000.5,8.987384303086046,34,1.133385433443051,2016-04-04,-0.0018997093074999416,0
5994,Sheldon Whitehouse,CSCO,Purchase,Self,Stock,8000.5,8.987384303086046,11,0.18892461970533198,2016-04-04,-0.04414751982409437,0
5966,James M Inhofe,C,Purchase,Self,Stock,75000.5,11.22526339231845,13,1.9114250827440948,2016-04-26,-0.049209813691010185,0
5964,Pat Roberts,GM,Sale (Full),Spouse,Stock,8000.5,8.987384303086046,317,1.1749514566351573,2016-04-28,-0.11682193314914946,0
5936,"David A Perdue , Jr",AAPL,Purchase,Joint,Stock,8000.5,8.987384303086046,2,-3.313694222829797,2016-04-29,0.028129302289759073,1
5937,"David A Perdue , Jr",AAPL,Purchase,Joint,Stock,8000.5,8.987384303086046,3,-3.313694222829797,2016-04-29,0.028129302289759073,1
5939,"David A Perdue , Jr",LYV,Purchase,Joint,Stock,8000.5,8.987384303086046,7,-0.2408197926586416,2016-04-29,0.07398971901444051,1
5945,"David A Perdue , Jr",BAC,Purchase,Joint,Stock,8000.5,8.987384303086046,11,0.8316490891629772,2016-04-29,-0.0762088453984443,0
5946,"David A Perdue , Jr",BAC,Purchase,Joint,Stock,8000.5,8.987384303086046,14,0.8316490891629772,2016-04-29,-0.0762088453984443,0
5947,"David A Perdue , Jr",BAC,Purchase,Joint,Stock,8000.5,8.987384303086046,15,0.8316490891629772,2016-04-29,-0.0762088453984443,0
5948,"David A Perdue , Jr",GM,Purchase,Joint,Stock,8000.5,8.987384303086046,15,0.6341029859068705,2016-04-29,-0.0958093503990739,0
5953,"David A Perdue , Jr",KO,Sale (Partial),Joint,Stock,32500.5,10.389041521098926,18,-0.8430020688148093,2016-04-29,-0.003131928292062769,0
5955,"David A Perdue , Jr",BAC,Purchase,Joint,Stock,8000.5,8.987384303086046,22,0.8316490891629772,2016-04-29,-0.0762088453984443,0
5959,"David A Perdue , Jr",KN,Purchase,Joint,Stock,8000.5,8.987384303086046,29,0.14982159988399932,2016-04-29,0.11089200505685759,1
5961,"David A Perdue , Jr",BAC,Purchase,Joint,Stock,8000.5,8.987384303086046,30,0.8316490891629772,2016-04-29,-0.0762088453984443,0
5904,William Cassidy,SLB,Sale (Partial),Spouse,Stock,8000.5,8.987384303086046,32,0.675565158689355,2016-05-02,-0.02476982850220788,0
5906,William Cassidy,F,Sale (Full),Spouse,Stock,8000.5,8.987384303086046,32,0.7172534218252843,2016-05-02,-0.057605252195807144,0
5907,William Cassidy,XOM,Sale (Partial),Spouse,Stock,8000.5,8.987384303086046,32,1.3708333617441812,2016-05-02,0.014248922837700073,1
5909,William Cassidy,CVX,Sale (Partial),Spouse,Stock,8000.5,8.987384303086046,32,1.1281235544099029,2016-05-02,-0.019986135798112148,0
5911,William Cassidy,CAT,Sale (Full),Spouse,Stock,8000.5,8.987384303086046,32,0.12844098489808123,2016-05-02,-0.03862015455393064,0
5913,William Cassidy,T,Sale (Partial),Spouse,Stock,8000.5,8.987384303086046,32,0.7196898330481093,2016-05-02,0.032400055322338694,1
5915,William Cassidy,WMT,Purchase,Spouse,Stock,8000.5,8.987384303086046,32,-0.6346623142512221,2016-05-02,0.04937489800647965,1
5916,William Cassidy,VFC,Purchase,Spouse,Stock,8000.5,8.987384303086046,32,0.5028431812078288,2016-05-02,-0.04364669390034204,0
5919,William Cassidy,QCOM,Purchase,Spouse,Stock,8000.5,8.987384303086046,32,-0.19053880103230741,2016-05-02,0.030772825703551998,1
5920,William Cassidy,PG,Purchase,Spouse,Stock,8000.5,8.987384303086046,32,-0.48699558497373907,2016-05-02,0.029057019351441227,1
5925,William Cassidy,MSFT,Purchase,Spouse,Stock,8000.5,8.987384303086046,32,-1.7018357798784511,2016-05-02,-0.01574849846582116,0
5926,William Cassidy,JNJ,Purchase,Spouse,Stock,8000.5,8.987384303086046,32,0.6193863026886235,2016-05-02,0.03842179036251436,1
5927,William Cassidy,EMR,Purchase,Spouse,Stock,8000.5,8.987384303086046,32,0.22854012071598878,2016-05-02,-0.05811591272953731,0
5929,William Cassidy,DIS,Purchase,Spouse,Stock,8000.5,8.987384303086046,32,1.0588863824113293,2016-05-02,-0.05744654357938772,0
5930,William Cassidy,CSCO,Purchase,Spouse,Stock,8000.5,8.987384303086046,32,-0.6050485417660251,2016-05-02,0.05775618759120671,1
5932,William Cassidy,ABT,Purchase,Spouse,Stock,8000.5,8.987384303086046,32,-2.6979484646074123,2016-05-02,-0.030967145338427482,0
5900,Susan M Collins,DD,Sale (Full),Spouse,Stock,8000.5,8.987384303086046,22,-0.2032919062200303,2016-05-03,-0.0059740441071260975,0
5884,Shelley M Capito,VFC,Purchase,Spouse,Stock,8000.5,8.987384303086046,15,0.33459531873659354,2016-05-04,-0.049148383009308017,0
5889,Shelley M Capito,MSFT,Purchase,Spouse,Stock,8000.5,8.987384303086046,15,-1.8377469565066287,2016-05-04,-0.005962327943939805,0
5892,Shelley M Capito,JNJ,Purchase,Spouse,Stock,8000.5,8.987384303086046,15,0.25968496457828527,2016-05-04,0.022997453974075155,1
5899,Shelley M Capito,ABT,Purchase,Spouse,Stock,8000.5,8.987384303086046,15,-2.860026779372106,2016-05-04,-0.03213743991111806,0
5874,Rafael E Cruz,OKE,Sale (Partial),Joint,Stock,32500.5,10.389041521098926,30,1.4424252943406626,2016-05-17,0.11753270602486543,1
5855,Sheldon Whitehouse,AMZN,Purchase,Spouse,Stock,32500.5,10.389041521098926,41,0.5203056765716635,2016-05-23,0.036958591829522325,1
5857,Sheldon Whitehouse,AMGN,Purchase,Spouse,Stock,8000.5,8.987384303086046,41,-0.9479219872340573,2016-05-23,0.023525896186352035,1
5858,Sheldon Whitehouse,TJX,Purchase,Spouse,Stock,8000.5,8.987384303086046,41,-0.7444791320967619,2016-05-23,0.017270786424588014,1
5859,Sheldon Whitehouse,GE,Purchase,Spouse,Stock,8000.5,8.987384303086046,19,-0.8051783240327008,2016-05-23,0.05461199992621557,1
5860,Sheldon Whitehouse,AMZN,Sale (Partial),Child,Stock,8000.5,8.987384303086046,34,0.5203056765716635,2016-05-23,0.036958591829522325,1
5861,Sheldon Whitehouse,NVDA,Purchase,Child,Stock,8000.5,8.987384303086046,34,1.9615879020457934,2016-05-23,0.051513066812264086,1
5864,Sheldon Whitehouse,DIS,Purchase,Child,Stock,8000.5,8.987384303086046,34,-1.0508502834853315,2016-05-23,-0.029045476218787836,0
5865,Sheldon Whitehouse,AAPL,Sale (Partial),Joint,Stock,32500.5,10.389041521098926,27,0.5859654462591809,2016-05-23,-0.031018298342225692,0
5870,Sheldon Whitehouse,NVDA,Purchase,Self,Stock,8000.5,8.987384303086046,27,1.9615879020457934,2016-05-23,0.051513066812264086,1
5842,"David A Perdue , Jr",SBUX,Purchase,Joint,Stock,8000.5,8.987384303086046,10,-0.34062289432492265,2016-05-26,-0.0007652510257785128,0
5847,"David A Perdue , Jr",SBUX,Purchase,Joint,Stock,8000.5,8.987384303086046,21,-0.34062289432492265,2016-05-26,-0.0007652510257785128,0
5849,"David A Perdue , Jr",COST,Purchase,Joint,Stock,8000.5,8.987384303086046,21,0.9998317562422636,2016-05-26,0.0942253474146304,1
5851,"David A Perdue , Jr",WPZ,Sale (Partial),Joint,Stock,8000.5,8.987384303086046,24,0.6148667647815383,2016-05-26,0.09003967501155419,1
5835,James M Inhofe,PG,Sale (Partial),Self,Stock,75000.5,11.22526339231845,21,0.5230296796657803,2016-06-07,0.010885685438332349,1
5807,Patrick J Toomey,PG,Sale (Partial),Joint,Stock,32500.5,10.389041521098926,7,0.8273096454757601,2016-06-16,-0.015856744320652316,0
5808,Sheldon Whitehouse,VFC,Sale (Full),Joint,Stock,32500.5,10.389041521098926,30,0.042612518613759184,2016-06-16,-0.03990588021681907,0
5809,Sheldon Whitehouse,GILD,Purchase,Joint,Stock,8000.5,8.987384303086046,29,-0.4571902031927068,2016-06-16,-0.09037005983792257,0
5810,Sheldon Whitehouse,NFLX,Purchase,Joint,Stock,8000.5,8.987384303086046,29,-0.28855453701216494,2016-06-16,-0.08589450533284959,0
5811,Sheldon Whitehouse,CMCSA,Purchase,Joint,Stock,8000.5,8.987384303086046,23,0.23736962408601509,2016-06-16,0.023775984065631306,1
5813,Sheldon Whitehouse,AMGN,Purchase,Joint,Stock,32500.5,10.389041521098926,23,-0.4955875226728541,2016-06-16,0.08755430588194013,1
5816,Sheldon Whitehouse,IBM,Purchase,Joint,Stock,32500.5,10.389041521098926,9,-0.05764873360823582,2016-06-16,0.021293557681168807,1
5817,Sheldon Whitehouse,NVDA,Purchase,Child,Stock,8000.5,8.987384303086046,29,0.4285588164153685,2016-06-16,0.15884858860513562,1
5818,Sheldon Whitehouse,SBUX,Purchase,Child,Stock,8000.5,8.987384303086046,9,0.29945808176065325,2016-06-16,0.0033882741589370546,1
5827,Sheldon Whitehouse,IBM,Purchase,Self,Stock,8000.5,8.987384303086046,9,-0.05764873360823582,2016-06-16,0.021293557681168807,1
5791,Pat Roberts,NFLX,Purchase,Spouse,Stock,8000.5,8.987384303086046,25,0.6385948908198308,2016-07-05,-0.07431873583324844,0
5754,"David A Perdue , Jr",WLK,Purchase,Joint,Stock,8000.5,8.987384303086046,12,0.3320876705039782,2016-07-11,0.1363639157006855,1
5759,"David A Perdue , Jr",WLK,Purchase,Joint,Stock,8000.5,8.987384303086046,13,0.3320876705039782,2016-07-11,0.1363639157006855,1
5762,"David A Perdue , Jr",BAC,Purchase,Joint,Stock,8000.5,8.987384303086046,14,0.015564819241147693,2016-07-11,0.12509008090409002,1
5771,"David A Perdue , Jr",WLK,Purchase,Joint,Stock,8000.5,8.987384303086046,18,0.3320876705039782,2016-07-11,0.1363639157006855,1
5775,"David A Perdue , Jr",BAC,Purchase,Joint,Stock,8000.5,8.987384303086046,21,0.015564819241147693,2016-07-11,0.12509008090409002,1
5738,John Hoeven,PRU,Purchase,Self,Stock,75000.5,11.22526339231845,14,0.7161928924030447,2016-07-12,0.021711635639402038,1
5742,Patrick J Toomey,PG,Sale (Partial),Joint,Stock,32500.5,10.389041521098926,28,1.0046076685023162,2016-07-12,0.0005399564332901896,1
5736,Shelley M Capito,BRK-B,Purchase,Spouse,Stock,8000.5,8.987384303086046,28,0.44130672262345655,2016-07-22,0.037122043464610455,1
5737,Shelley M Capito,F,Purchase,Spouse,Stock,8000.5,8.987384303086046,39,1.4685143637784892,2016-07-22,-0.10202239163971405,0
5722,William Cassidy,WMT,Sale (Partial),Spouse,Stock,8000.5,8.987384303086046,12,-0.09538974189975441,2016-07-27,-0.029512716757349233,0
5724,William Cassidy,PG,Sale (Partial),Spouse,Stock,8000.5,8.987384303086046,12,-0.5136543423901987,2016-07-27,0.030117753647938672,1
5725,William Cassidy,T,Sale (Partial),Spouse,Stock,8000.5,8.987384303086046,12,-0.03258924017767798,2016-07-27,-0.04590740497452972,0
5729,John F Reed,PEP,Sale (Partial),Self,Stock,8000.5,8.987384303086046,2,-0.24931893533462235,2016-07-27,-0.01477328214448348,0
5730,John F Reed,MSFT,Sale (Partial),Self,Stock,8000.5,8.987384303086046,2,1.4114245043374491,2016-07-27,0.01287722244740852,1
5705,Pat Roberts,COST,Sale (Full),Spouse,Stock,32500.5,10.389041521098926,26,-0.17028218791563274,2016-08-03,-0.07680238182588328,0
5708,Daniel S Sullivan,SPY,Sale (Full),Joint,Other Securities,75000.5,11.22526339231845,352,0.13410477515351363,2016-08-03,0.0,0
5710,Daniel S Sullivan,SPY,Sale (Partial),Joint,Other Securities,32500.5,10.389041521098926,433,0.13410477515351363,2016-08-03,0.0,0
5712,Daniel S Sullivan,SPY,Sale (Partial),Joint,Other Securities,8000.5,8.987384303086046,553,0.13410477515351363,2016-08-03,0.0,0
5702,James M Inhofe,BIIB,Sale (Full),Self,Stock,75000.5,11.22526339231845,14,2.2914472415750655,2016-08-04,-0.0179019018089418,0
5677,"David A Perdue , Jr",WLK,Purchase,Joint,Stock,8000.5,8.987384303086046,7,0.3626270276348659,2016-08-05,0.11430329486917945,1
5678,"David A Perdue , Jr",ENTG,Sale (Partial),Joint,Stock,8000.5,8.987384303086046,9,1.5693171840108475,2016-08-05,-0.007394242535976425,0
5680,"David A Perdue , Jr",WLK,Purchase,Joint,Stock,8000.5,8.987384303086046,10,0.3626270276348659,2016-08-05,0.11430329486917945,1
5684,"David A Perdue , Jr",GM,Purchase,Joint,Stock,8000.5,8.987384303086046,15,-0.23907065477922584,2016-08-05,0.0517327656556269,1
5688,"David A Perdue , Jr",WLK,Purchase,Joint,Stock,8000.5,8.987384303086046,18,0.3626270276348659,2016-08-05,0.11430329486917945,1
5665,James M Inhofe,C,Purchase,Self,Stock,75000.5,11.22526339231845,1,0.9040565148359034,2016-08-09,0.03260318168065479,1
5666,James M Inhofe,BMY,Purchase,Self,Stock,32500.5,10.389041521098926,1,-4.506221456918225,2016-08-09,-0.08137613984979541,0
5668,Timothy M Kaine,KMI,Exchange,Child,Stock,32500.5,10.389041521098926,615,-0.16112650000323733,2016-08-09,0.09345720659054313,1
5641,Sheldon Whitehouse,C,Sale (Full),Joint,Stock,8000.5,8.987384303086046,27,0.814478758997991,2016-08-22,0.040978229834537694,1
5642,Sheldon Whitehouse,DHR,Purchase,Joint,Stock,8000.5,8.987384303086046,27,-0.09673580656347827,2016-08-22,-0.02278750452250966,0
5648,Sheldon Whitehouse,GILD,Purchase,Child,Stock,8000.5,8.987384303086046,32,0.21376189767554032,2016-08-22,-0.027859272716169947,0
5654,Sheldon Whitehouse,AAPL,Sale (Partial),Self,Stock,8000.5,8.987384303086046,27,0.45372518418464286,2016-08-22,0.05899640069430856,1
5633,John Hoeven,TJX,Purchase,Self,Stock,75000.5,11.22526339231845,6,-0.8618529104604621,2016-08-29,-0.032659890155870674,0
5637,John Hoeven,BMY,Purchase,Self,Stock,75000.5,11.22526339231845,7,-1.2976404199128992,2016-08-29,-0.13416183591581543,0
5617,"David A Perdue , Jr",BAX,Sale (Partial),Joint,Stock,8000.5,8.987384303086046,2,-0.942354478382968,2016-09-01,0.047143230011943094,1
5618,"David A Perdue , Jr",BAX,Sale (Partial),Joint,Stock,8000.5,8.987384303086046,6,-0.942354478382968,2016-09-01,0.047143230011943094,1
5619,"David A Perdue , Jr",BAX,Sale (Partial),Joint,Stock,8000.5,8.987384303086046,7,-0.942354478382968,2016-09-01,0.047143230011943094,1
5626,"David A Perdue , Jr",WPZ,Sale (Partial),Joint,Stock,8000.5,8.987384303086046,21,0.3571471712780794,2016-09-01,-0.024720163800202144,0
5627,"David A Perdue , Jr",BMY,Purchase,Joint,Stock,8000.5,8.987384303086046,21,-1.1395660317225564,2016-09-01,-0.10350793415246351,0
5612,Patrick J Toomey,CVX,Sale (Partial),Joint,Stock,32500.5,10.389041521098926,35,0.29323795206382414,2016-09-07,0.01566792433860542,1
5538,Sheldon Whitehouse,GILD,Sale (Partial),Child,Stock,8000.5,8.987384303086046,3,-0.34994881340281847,2016-09-09,-0.051456328991517974,0
5596,Sheldon Whitehouse,NFLX,Sale (Partial),Joint,Stock,32500.5,10.389041521098926,3,-0.06154149215014156,2016-09-09,0.317961519317814,1
5600,Sheldon Whitehouse,CAT,Sale (Full),Joint,Corporate Bond,32500.5,10.389041521098926,25,-0.724920217288633,2016-09-09,0.06529079750104394,1
5601,Sheldon Whitehouse,GE,Sale (Partial),Spouse,Stock,8000.5,8.987384303086046,22,-1.2778740283450312,2016-09-09,-0.04081109333769872,0
5602,Sheldon Whitehouse,TJX,Sale (Partial),Spouse,Stock,8000.5,8.987384303086046,22,-2.0813249729202963,2016-09-09,-0.02026980684531443,0
5603,Sheldon Whitehouse,SBUX,Purchase,Child,Stock,8000.5,8.987384303086046,22,-1.1463124152694586,2016-09-09,-0.016529478973257183,0
5605,Sheldon Whitehouse,BMY,Sale (Full),Child,Stock,8000.5,8.987384303086046,22,-1.1123011695068126,2016-09-09,-0.10461154607878387,0
5585,John F Reed,DHR,Purchase,Self,Stock,8000.5,8.987384303086046,7,-1.336411198102978,2016-09-19,0.02668315750360728,1
5563,"David A Perdue , Jr",PG,Sale (Partial),Joint,Stock,8000.5,8.987384303086046,7,0.8960371347305668,2016-09-30,-0.06930126014284299,0
5564,"David A Perdue , Jr",WLK,Purchase,Joint,Stock,8000.5,8.987384303086046,2,0.9849862338985094,2016-09-30,-0.00896599165253853,0
5565,"David A Perdue , Jr",PG,Sale (Partial),Joint,Stock,32500.5,10.389041521098926,3,0.8960371347305668,2016-09-30,-0.06930126014284299,0
5567,"David A Perdue , Jr",ENB,Purchase,Joint,Stock,32500.5,10.389041521098926,9,0.30060534545648215,2016-09-30,-0.08036481931936401,0
5568,"David A Perdue , Jr",ENB,Purchase,Joint,Stock,8000.5,8.987384303086046,9,0.30060534545648215,2016-09-30,-0.08036481931936401,0
5574,"David A Perdue , Jr",WPZ,Sale (Partial),Joint,Stock,8000.5,8.987384303086046,17,-0.1551926113090707,2016-09-30,-0.07638159220361407,0
5575,"David A Perdue , Jr",SBUX,Purchase,Joint,Stock,8000.5,8.987384303086046,18,-0.16165671316152355,2016-09-30,-0.004433578228153601,0
5556,John F Reed,DHR,Purchase,Joint,Stock,8000.5,8.987384303086046,13,0.20457533794739186,2016-10-05,0.0208537827916897,1
5541,Sheldon Whitehouse,NFLX,Sale (Full),Joint,Stock,32500.5,10.389041521098926,31,0.7998880581457313,2016-10-07,0.0830321978834585,1
5545,Sheldon Whitehouse,DIS,Purchase,Joint,Stock,8000.5,8.987384303086046,15,-0.03326592026005406,2016-10-07,0.046078823072666086,1
5550,Sheldon Whitehouse,BA,Purchase,Joint,Stock,8000.5,8.987384303086046,9,0.7207671461297743,2016-10-07,0.07729805528679679,1
5536,Susan M Collins,WFC,Sale (Full),Spouse,Stock,32500.5,10.389041521098926,18,0.13020589502523064,2016-10-11,0.11545441390460498,1
5537,Susan M Collins,USB,Purchase,Spouse,Stock,32500.5,10.389041521098926,18,0.21923274381171065,2016-10-11,0.09909359128662332,1
5528,Gary C Peters,VZ,Purchase,Self,Corporate Bond,8000.5,8.987384303086046,18,-0.729592848424127,2016-10-18,-0.038570742689508886,0
5524,James M Inhofe,DIS,Purchase,Self,Stock,75000.5,11.22526339231845,20,-0.002795626971646407,2016-10-20,0.04318522380326817,1
5506,"David A Perdue , Jr",GLW,Sale (Partial),Joint,Stock,8000.5,8.987384303086046,9,-1.0170142232458936,2016-11-02,-0.002134401170808875,0
5512,"David A Perdue , Jr",BAX,Sale (Partial),Joint,Stock,8000.5,8.987384303086046,21,-0.5906865161889797,2016-11-02,-0.1166881387196983,0
5517,"David A Perdue , Jr",SPY,Purchase,Joint,Stock,75000.5,11.22526339231845,28,-0.9865073219514359,2016-11-02,0.0,0
5518,"David A Perdue , Jr",MOS,Sale (Full),Joint,Stock,75000.5,11.22526339231845,28,0.43124695840906696,2016-11-02,0.12120152432855602,1
5519,"David A Perdue , Jr",SPY,Purchase,Joint,Stock,8000.5,8.987384303086046,28,-0.9865073219514359,2016-11-02,0.0,0
5493,Sheldon Whitehouse,DIS,Purchase,Child,Stock,8000.5,8.987384303086046,12,0.698515568937139,2016-11-07,0.05464328851890876,1
5494,Sheldon Whitehouse,BRK-B,Purchase,Spouse,Stock,8000.5,8.987384303086046,12,1.435905427850571,2016-11-07,0.07023116070430246,1
5495,Sheldon Whitehouse,JPM,Purchase,Spouse,Stock,8000.5,8.987384303086046,12,0.6784740833510112,2016-11-07,0.176102831435881,1
5496,Sheldon Whitehouse,IBM,Purchase,Spouse,Stock,8000.5,8.987384303086046,12,0.6898261638101206,2016-11-07,0.01412802780438116,1
5502,Sheldon Whitehouse,WFC,Sale (Full),Self,Stock,8000.5,8.987384303086046,12,0.02130577056570375,2016-11-07,0.17351994630974055,1
5487,Gary C Peters,CVS,Purchase,Self,Stock,8000.5,8.987384303086046,22,-5.158762473310661,2016-11-08,0.03149330383321103,1
5482,"Angus S King, Jr.",GE,Sale (Full),Spouse,Stock,8000.5,8.987384303086046,22,1.749395755029078,2016-11-10,0.007817423569085324,1
5465,William Cassidy,CVX,Sale (Partial),Spouse,Stock,8000.5,8.987384303086046,21,1.1471419730045984,2016-11-21,0.03632252881511655,1
5466,William Cassidy,QCOM,Sale (Partial),Spouse,Stock,8000.5,8.987384303086046,21,-0.1585959620077789,2016-11-21,-0.05148951833206172,0
5469,William Cassidy,JNJ,Sale (Full),Spouse,Stock,8000.5,8.987384303086046,21,-0.5017473360134982,2016-11-21,-0.012215816708291083,0
5471,William Cassidy,VFC,Purchase,Spouse,Stock,8000.5,8.987384303086046,21,0.1921981621819201,2016-11-21,-0.06564107291032528,0
5475,William Cassidy,CVS,Purchase,Spouse,Stock,8000.5,8.987384303086046,21,-2.515806029205332,2016-11-21,0.06891486760461563,1
5476,William Cassidy,AMGN,Purchase,Spouse,Stock,8000.5,8.987384303086046,21,-0.027269483092260634,2016-11-21,0.022657963463643016,1
5451,Patrick J Toomey,PFS,Sale (Partial),Joint,Stock,32500.5,10.389041521098926,7,2.908147691923589,2016-11-29,-0.023611407678258534,0
5449,Pat Roberts,COST,Purchase,Spouse,Stock,32500.5,10.389041521098926,17,0.6530116007779533,2016-12-01,0.04912083627507835,1
5379,"David A Perdue , Jr",DIS,Purchase,Joint,Stock,8000.5,8.987384303086046,4,0.8539518626800479,2016-12-06,0.046807564276274194,1
5380,"David A Perdue , Jr",BAC,Sale (Partial),Joint,Stock,8000.5,8.987384303086046,4,2.143527052180376,2016-12-06,-0.0010728330895488636,0
5382,"David A Perdue , Jr",DIS,Purchase,Joint,Stock,8000.5,8.987384303086046,5,0.8539518626800479,2016-12-06,0.046807564276274194,1
5383,"David A Perdue , Jr",ENTG,Sale (Partial),Joint,Stock,8000.5,8.987384303086046,7,-0.08389029540573596,2016-12-06,0.0025474804207699098,1
5384,"David A Perdue , Jr",DIS,Purchase,Joint,Stock,8000.5,8.987384303086046,8,0.8539518626800479,2016-12-06,0.046807564276274194,1
5385,"David A Perdue , Jr",ENTG,Sale (Partial),Joint,Stock,8000.5,8.987384303086046,11,-0.08389029540573596,2016-12-06,0.0025474804207699098,1
5388,"David A Perdue , Jr",WMB,Purchase,Joint,Stock,32500.5,10.389041521098926,18,0.31162123222908306,2016-12-06,-0.12403962254779066,0
5390,"David A Perdue , Jr",SLB,Purchase,Joint,Stock,32500.5,10.389041521098926,18,0.8564777498178774,2016-12-06,0.007399920244139047,1
5396,"David A Perdue , Jr",DIS,Purchase,Joint,Stock,8000.5,8.987384303086046,18,0.8539518626800479,2016-12-06,0.046807564276274194,1
5398,"David A Perdue , Jr",BAC,Sale (Partial),Joint,Stock,8000.5,8.987384303086046,19,2.143527052180376,2016-12-06,-0.0010728330895488636,0
5400,"David A Perdue , Jr",BAC,Sale (Partial),Joint,Stock,8000.5,8.987384303086046,20,2.143527052180376,2016-12-06,-0.0010728330895488636,0
5401,"David A Perdue , Jr",DIS,Purchase,Joint,Stock,8000.5,8.987384303086046,21,0.8539518626800479,2016-12-06,0.046807564276274194,1
5406,"David A Perdue , Jr",WMB,Purchase,Joint,Stock,8000.5,8.987384303086046,25,0.31162123222908306,2016-12-06,-0.12403962254779066,0
5407,"David A Perdue , Jr",DIS,Purchase,Joint,Stock,8000.5,8.987384303086046,25,0.8539518626800479,2016-12-06,0.046807564276274194,1
5408,"David A Perdue , Jr",WMB,Purchase,Joint,Stock,8000.5,8.987384303086046,26,0.31162123222908306,2016-12-06,-0.12403962254779066,0
5411,"David A Perdue , Jr",DIS,Purchase,Joint,Stock,32500.5,10.389041521098926,26,0.8539518626800479,2016-12-06,0.046807564276274194,1
5413,"David A Perdue , Jr",DIS,Purchase,Joint,Stock,8000.5,8.987384303086046,26,0.8539518626800479,2016-12-06,0.046807564276274194,1
5415,"David A Perdue , Jr",BAX,Sale (Partial),Joint,Stock,8000.5,8.987384303086046,28,-1.2343669361956577,2016-12-06,0.028187150881598955,1
5416,"David A Perdue , Jr",WLK,Purchase,Joint,Stock,8000.5,8.987384303086046,28,0.5697364560538696,2016-12-06,0.05439323974608934,1
5418,"David A Perdue , Jr",SPY,Sale (Full),Joint,Stock,8000.5,8.987384303086046,29,0.672266303987474,2016-12-06,0.0,0
5419,"David A Perdue , Jr",SPY,Sale (Partial),Joint,Stock,75000.5,11.22526339231845,29,0.672266303987474,2016-12-06,0.0,0
5420,"David A Perdue , Jr",BAX,Sale (Partial),Joint,Stock,8000.5,8.987384303086046,29,-1.2343669361956577,2016-12-06,0.028187150881598955,1
5422,"David A Perdue , Jr",MOS,Purchase,Joint,Stock,175000.5,12.072549824297488,29,0.879260936392635,2016-12-06,0.04193643481317344,1
5374,John Hoeven,PFE,Purchase,Self,Stock,75000.5,11.22526339231845,12,-0.7770130678390539,2016-12-07,0.0017555645872353587,1
5375,John Hoeven,AMGN,Purchase,Self,Stock,75000.5,11.22526339231845,14,-0.824549218193138,2016-12-07,0.07476189416132595,1
5355,Sheldon Whitehouse,GILD,Purchase,Child,Stock,8000.5,8.987384303086046,14,-0.21996245596367986,2016-12-12,-0.04423801204653133,0
5356,Sheldon Whitehouse,ORCL,Sale (Full),Child,Stock,8000.5,8.987384303086046,14,0.6226360647938947,2016-12-12,-0.02299360025138608,0
5357,Sheldon Whitehouse,DIS,Purchase,Child,Stock,8000.5,8.987384303086046,14,1.3992294379354444,2016-12-12,0.024826095046870833,1
5360,Sheldon Whitehouse,AMGN,Purchase,Spouse,Stock,8000.5,8.987384303086046,14,0.17177590617656874,2016-12-12,0.035920222172561855,1
5361,Sheldon Whitehouse,GILD,Purchase,Joint,Stock,8000.5,8.987384303086046,27,-0.21996245596367986,2016-12-12,-0.04423801204653133,0
5364,Sheldon Whitehouse,ABT,Purchase,Joint,Stock,8000.5,8.987384303086046,27,0.19833932599516887,2016-12-12,0.031284647730238646,1
5365,Sheldon Whitehouse,BA,Purchase,Joint,Stock,8000.5,8.987384303086046,27,1.2545577460534996,2016-12-12,0.062487465099140715,1
5366,Sheldon Whitehouse,DIS,Purchase,Joint,Stock,8000.5,8.987384303086046,27,1.3992294379354444,2016-12-12,0.024826095046870833,1
5367,Sheldon Whitehouse,SBUX,Purchase,Self,Stock,8000.5,8.987384303086046,27,1.0644299709946135,2016-12-12,-0.01888809115575507,0
5371,Sheldon Whitehouse,ORCL,Sale (Partial),Self,Stock,8000.5,8.987384303086046,14,0.6226360647938947,2016-12-12,-0.02299360025138608,0
5348,John F Reed,INTC,Purchase,Self,Stock,8000.5,8.987384303086046,1,1.1264844966848302,2016-12-15,-0.002359062845916915,0
5349,John F Reed,DHR,Purchase,Self,Stock,8000.5,8.987384303086046,1,0.6863809050499797,2016-12-15,0.04937788895878703,1
5343,Gary C Peters,CVS,Purchase,Self,Stock,8000.5,8.987384303086046,16,1.0940615735231145,2016-12-16,-0.03144950861657225,0
5336,John Hoeven,CAT,Sale (Full),Self,Stock,175000.5,12.072549824297488,4,-0.1724833602458832,2016-12-20,-0.024221806471599883,0
5329,John Hoeven,USB,Sale (Full),Self,Stock,32500.5,10.389041521098926,0,0.6605319086550163,2016-12-22,0.004338678842430221,1
5332,John Hoeven,IBM,Sale (Full),Self,Stock,175000.5,12.072549824297488,0,0.4809135034030999,2016-12-22,0.05244345093146929,1
5320,Pat Roberts,BA,Sale (Full),Spouse,Stock,32500.5,10.389041521098926,3,0.04245854361167117,2016-12-30,0.03685121716116435,1
5322,Pat Roberts,BAC,Purchase,Spouse,Stock,8000.5,8.987384303086046,15,-0.3777334419108967,2016-12-30,0.04319049909963413,1
5323,Pat Roberts,CVX,Sale (Full),Spouse,Stock,32500.5,10.389041521098926,3,0.27591181734912634,2016-12-30,-0.08950743989437404,0
5324,Pat Roberts,NFLX,Sale (Full),Spouse,Stock,32500.5,10.389041521098926,3,-0.058048174576833735,2016-12-30,0.09198253700391468,1
5326,Pat Roberts,AAPL,Purchase,Spouse,Stock,8000.5,8.987384303086046,15,0.29969405944396466,2016-12-30,0.12027727684985723,1
5327,Pat Roberts,TJX,Sale (Full),Spouse,Stock,8000.5,8.987384303086046,15,-1.0949741851955415,2016-12-30,-0.0062319048574885905,0
5305,"David A Perdue , Jr",ENB,Purchase,Joint,Stock,8000.5,8.987384303086046,18,0.21956891543742685,2017-01-03,-0.03756968199147592,0
5306,"David A Perdue , Jr",DIS,Purchase,Joint,Stock,8000.5,8.987384303086046,18,0.622041232163563,2017-01-03,-0.004326286820503844,0
5308,"David A Perdue , Jr",WMB,Purchase,Joint,Stock,32500.5,10.389041521098926,19,0.21978222437082578,2017-01-03,-0.12148872433695812,0
5314,"David A Perdue , Jr",WMB,Purchase,Joint,Stock,8000.5,8.987384303086046,22,0.21978222437082578,2017-01-03,-0.12148872433695812,0
5315,"David A Perdue , Jr",BAC,Sale (Partial),Joint,Stock,8000.5,8.987384303086046,22,-0.010174003665361477,2017-01-03,0.048013407568984645,1
5316,"David A Perdue , Jr",BAC,Sale (Partial),Joint,Stock,8000.5,8.987384303086046,25,-0.010174003665361477,2017-01-03,0.048013407568984645,1
5317,"David A Perdue , Jr",BAC,Sale (Partial),Joint,Stock,8000.5,8.987384303086046,26,-0.010174003665361477,2017-01-03,0.048013407568984645,1
5318,"David A Perdue , Jr",DIS,Purchase,Joint,Stock,8000.5,8.987384303086046,27,0.622041232163563,2017-01-03,-0.004326286820503844,0
5295,John Hoeven,F,Sale (Full),Self,Stock,175000.5,12.072549824297488,7,1.0962225708071864,2017-01-04,-0.08376149724352733,0
5289,James M Inhofe,GILD,Purchase,Self,Stock,75000.5,11.22526339231845,21,0.6742801892817314,2017-01-05,-0.11942541810826379,0
5278,Susan M Collins,VZ,Sale (Full),Spouse,Stock,8000.5,8.987384303086046,40,-0.286751848566064,2017-01-10,-0.09050621079179688,0
5280,Susan M Collins,GOOG,Sale (Partial),Spouse,Stock,8000.5,8.987384303086046,40,0.46384953530330775,2017-01-10,-0.011091937770490112,0
5281,Susan M Collins,COP,Purchase,Spouse,Stock,32500.5,10.389041521098926,11,-0.5691993270109338,2017-01-10,-0.09159274259868688,0
5268,Sheldon Whitehouse,GS,Purchase,Spouse,Stock,8000.5,8.987384303086046,29,0.4993490713945591,2017-01-11,-0.035978482955570046,0
5270,Sheldon Whitehouse,GILD,Sale (Partial),Joint,Stock,8000.5,8.987384303086046,19,-0.17205561595234498,2017-01-11,-0.09436630451060468,0
5272,Sheldon Whitehouse,BIIB,Sale (Partial),Joint,Stock,8000.5,8.987384303086046,19,-0.10552347867490215,2017-01-11,-0.049344500692710125,0
5273,Sheldon Whitehouse,BIIB,Sale (Full),Self,Stock,32500.5,10.389041521098926,29,-0.10552347867490215,2017-01-11,-0.049344500692710125,0
5274,Sheldon Whitehouse,AMGN,Sale (Partial),Self,Stock,8000.5,8.987384303086046,19,1.0704109996414175,2017-01-11,0.07209652032248948,1
5250,John Hoeven,MRK,Sale (Full),Self,Stock,75000.5,11.22526339231845,0,0.23104004771153663,2017-01-25,0.04699412975688544,1
5252,John Hoeven,VFC,Purchase,Self,Stock,75000.5,11.22526339231845,2,-0.043610208321073554,2017-01-25,-0.03080460001497154,0
5253,John Hoeven,JNJ,Sale (Full),Self,Stock,175000.5,12.072549824297488,5,-0.917800672863558,2017-01-25,0.0848229669245042,1
5254,John Hoeven,ABBV,Sale (Full),Self,Stock,175000.5,12.072549824297488,5,-0.37137060973600916,2017-01-25,0.019075881257599292,1
5255,John Hoeven,PFE,Sale (Full),Self,Stock,75000.5,11.22526339231845,5,-1.379566628382091,2017-01-25,0.056452146132171865,1
5256,John Hoeven,BMY,Sale (Full),Self,Stock,75000.5,11.22526339231845,5,-2.949951533016792,2017-01-25,0.13857805887026098,1
5257,John Hoeven,AMGN,Sale (Full),Self,Stock,75000.5,11.22526339231845,5,0.1394215385746251,2017-01-25,0.12930919613156266,1
5258,John Hoeven,VZ,Purchase,Self,Stock,75000.5,11.22526339231845,5,-2.3551317251332353,2017-01-25,-0.04160031195695946,0
5259,John Hoeven,PG,Purchase,Self,Stock,175000.5,12.072549824297488,5,1.2505047464170658,2017-01-25,0.004729550413661521,1
5260,John Hoeven,PEP,Purchase,Self,Stock,175000.5,12.072549824297488,5,0.5068613645315574,2017-01-25,0.010401553421520271,1
5261,John Hoeven,INTC,Purchase,Self,Stock,75000.5,11.22526339231845,5,0.7839855943036647,2017-01-25,-0.08413593132478048,0
5262,John Hoeven,KO,Purchase,Self,Stock,175000.5,12.072549824297488,5,0.7992831239734501,2017-01-25,-0.03389174581037535,0
5263,John Hoeven,CSCO,Purchase,Self,Stock,175000.5,12.072549824297488,5,0.4178142944749344,2017-01-25,0.07801695945392195,1
5264,John Hoeven,T,Purchase,Self,Stock,75000.5,11.22526339231845,5,-0.28352464760996393,2017-01-25,-0.01846677783733308,0
5245,James M Inhofe,WFC,Sale (Full),Self,Stock,75000.5,11.22526339231845,8,0.9130331306460572,2017-01-27,-0.0013219114471432203,0
5242,Pat Roberts,TJX,Purchase,Spouse,Stock,8000.5,8.987384303086046,21,-0.9375350001649819,2017-01-30,0.016176483384084728,1
5237,John F Reed,QCOM,Sale (Partial),Self,Stock,8000.5,8.987384303086046,14,-3.265399112158084,2017-02-01,0.050125150948971076,1
5138,Patrick J Toomey,VZ,Sale (Partial),Joint,Stock,32500.5,10.389041521098926,13,-1.0437503058887152,2017-02-09,0.003687184335047,1
5219,Patrick J Toomey,T,Purchase,Joint,Stock,32500.5,10.389041521098926,15,-0.09399308383273498,2017-02-09,-0.00518031184842993,0
5220,Patrick J Toomey,BAC,Purchase,Joint,Stock,32500.5,10.389041521098926,15,0.23354844292334012,2017-02-09,-0.014137009629447084,0
5215,Shelley M Capito,USB,Purchase,Spouse,Stock,8000.5,8.987384303086046,12,0.7835993999942166,2017-02-11,-0.037188211449473374,0
5199,Sheldon Whitehouse,NVDA,Purchase,Spouse,Stock,8000.5,8.987384303086046,34,-0.25623719458146466,2017-02-14,-0.02111105844128891,0
5203,Sheldon Whitehouse,AAPL,Sale (Partial),Joint,Stock,8000.5,8.987384303086046,34,1.8526909189343461,2017-02-14,0.059524026340600944,1
5207,Sheldon Whitehouse,BA,Purchase,Joint,Stock,8000.5,8.987384303086046,21,0.8588857366262924,2017-02-14,0.04631067891524632,1
5210,Sheldon Whitehouse,AAPL,Sale (Partial),Self,Stock,32500.5,10.389041521098926,34,1.8526909189343461,2017-02-14,0.059524026340600944,1
5213,Sheldon Whitehouse,USB,Purchase,Self,Stock,8000.5,8.987384303086046,20,1.1298547602860491,2017-02-14,-0.05920236896783748,0
5214,Sheldon Whitehouse,BRK-B,Purchase,Self,Stock,8000.5,8.987384303086046,15,1.1204296371513227,2017-02-14,-0.010029664251113957,0
5190,John F Reed,EMR,Sale (Full),Joint,Stock,8000.5,8.987384303086046,22,0.5150112143532418,2017-02-21,-0.035298075471603574,0
5192,John F Reed,PEP,Sale (Partial),Joint,Stock,8000.5,8.987384303086046,21,1.9050837982117599,2017-02-21,0.029142828352630046,1
5188,John Cornyn,AAPL,Sale (Full),Self,Stock,32500.5,10.389041521098926,23,1.034503603055863,2017-02-24,0.0553854408421981,1
5150,"David A Perdue , Jr",PFE,Purchase,Joint,Stock,8000.5,8.987384303086046,2,1.5020267749438951,2017-03-01,0.009453846953661582,1
5151,"David A Perdue , Jr",ENTG,Sale (Partial),Joint,Stock,8000.5,8.987384303086046,5,0.8956911116243655,2017-03-01,0.07443905027195419,1
5153,"David A Perdue , Jr",PFE,Purchase,Spouse,Stock,32500.5,10.389041521098926,7,1.5020267749438951,2017-03-01,0.009453846953661582,1
5154,"David A Perdue , Jr",PFE,Purchase,Joint,Stock,8000.5,8.987384303086046,12,1.5020267749438951,2017-03-01,0.009453846953661582,1
5155,"David A Perdue , Jr",PFE,Purchase,Joint,Stock,8000.5,8.987384303086046,13,1.5020267749438951,2017-03-01,0.009453846953661582,1
5156,"David A Perdue , Jr",PFE,Purchase,Joint,Stock,8000.5,8.987384303086046,15,1.5020267749438951,2017-03-01,0.009453846953661582,1
5157,"David A Perdue , Jr",ENTG,Sale (Partial),Joint,Stock,8000.5,8.987384303086046,15,0.8956911116243655,2017-03-01,0.07443905027195419,1
5158,"David A Perdue , Jr",BAX,Sale (Partial),Joint,Stock,8000.5,8.987384303086046,16,1.0735573355101935,2017-03-01,0.06928396189227148,1
5159,"David A Perdue , Jr",PFE,Purchase,Joint,Stock,8000.5,8.987384303086046,16,1.5020267749438951,2017-03-01,0.009453846953661582,1
5162,"David A Perdue , Jr",PFE,Purchase,Joint,Stock,8000.5,8.987384303086046,19,1.5020267749438951,2017-03-01,0.009453846953661582,1
5164,"David A Perdue , Jr",PFE,Purchase,Joint,Stock,8000.5,8.987384303086046,20,1.5020267749438951,2017-03-01,0.009453846953661582,1
5165,"David A Perdue , Jr",PG,Sale (Partial),Joint,Stock,32500.5,10.389041521098926,21,1.1501069772785026,2017-03-01,0.009251905531339477,1
5166,"David A Perdue , Jr",AMZN,Purchase,Joint,Stock,32500.5,10.389041521098926,21,0.40532039975613904,2017-03-01,0.0745617674358271,1
5167,"David A Perdue , Jr",ORCL,Purchase,Joint,Stock,32500.5,10.389041521098926,21,1.38169042104141,2017-03-01,0.053337309585950954,1
5168,"David A Perdue , Jr",BAX,Sale (Partial),Joint,Stock,8000.5,8.987384303086046,21,1.0735573355101935,2017-03-01,0.06928396189227148,1
5169,"David A Perdue , Jr",PFE,Purchase,Joint,Stock,8000.5,8.987384303086046,21,1.5020267749438951,2017-03-01,0.009453846953661582,1
5174,"David A Perdue , Jr",PFE,Purchase,Joint,Stock,8000.5,8.987384303086046,22,1.5020267749438951,2017-03-01,0.009453846953661582,1
5176,"David A Perdue , Jr",PFE,Purchase,Joint,Stock,8000.5,8.987384303086046,23,1.5020267749438951,2017-03-01,0.009453846953661582,1
5183,"David A Perdue , Jr",ENTG,Sale (Partial),Joint,Stock,8000.5,8.987384303086046,28,0.8956911116243655,2017-03-01,0.07443905027195419,1
5142,James M Inhofe,BMY,Sale (Partial),Self,Stock,32500.5,10.389041521098926,2,1.239240132806022,2017-03-02,-0.0467015165076875,0
5147,James M Inhofe,BMY,Purchase,Self,Stock,32500.5,10.389041521098926,29,1.239240132806022,2017-03-02,-0.0467015165076875,0
5137,Patrick J Toomey,GE,Purchase,Joint,Stock,8000.5,8.987384303086046,18,0.12278202469480347,2017-03-03,0.00021168638233215464,1
5141,Patrick J Toomey,DD,Purchase,Joint,Stock,32500.5,10.389041521098926,9,0.6500431139324777,2017-03-03,-0.008037948795169947,0
5130,John Hoeven,UPS,Purchase,Self,Stock,75000.5,11.22526339231845,4,-0.23021752471496376,2017-03-06,-0.0026959559241189757,0
5131,John Hoeven,QCOM,Purchase,Self,Stock,175000.5,12.072549824297488,4,0.3470659447828199,2017-03-06,-0.05080777252153934,0
5118,John F Reed,FDX,Purchase,Joint,Stock,8000.5,8.987384303086046,1,0.014027875949589647,2017-03-07,-0.033447073251517745,0
5107,Chris Van Hollen,VZ,Sale (Full),Self,Stock,8000.5,8.987384303086046,24,0.03006610816130682,2017-03-13,-0.05910529028574718,0
5108,Chris Van Hollen,PEP,Sale (Full),Self,Stock,32500.5,10.389041521098926,24,0.1811049126642157,2017-03-13,0.040302926297354214,1
5109,Chris Van Hollen,JNJ,Sale (Full),Self,Stock,8000.5,8.987384303086046,24,1.8365943888864744,2017-03-13,-0.028766945109152897,0
5110,Chris Van Hollen,GE,Sale (Full),Self,Stock,32500.5,10.389041521098926,24,-0.3153604751842379,2017-03-13,-0.016842426673723376,0
5111,Chris Van Hollen,T,Sale (Full),Self,Stock,8000.5,8.987384303086046,24,0.6562069482404799,2017-03-13,-0.06046367261543051,0
5090,Sheldon Whitehouse,CVS,Sale (Partial),Child,Stock,32500.5,10.389041521098926,20,-0.3405246220360363,2017-03-15,0.03984420196184246,1
5092,Sheldon Whitehouse,BMY,Purchase,Child,Stock,8000.5,8.987384303086046,20,0.4951059511530928,2017-03-15,-0.03288054050873612,0
5093,Sheldon Whitehouse,JPM,Purchase,Child,Stock,8000.5,8.987384303086046,20,0.14202680788926147,2017-03-15,-0.043449747778956715,0
5095,Sheldon Whitehouse,BRK-B,Purchase,Spouse,Stock,8000.5,8.987384303086046,20,0.5339302007468973,2017-03-15,-0.04502293170017346,0
5099,Sheldon Whitehouse,ABT,Sale (Full),Joint,Stock,8000.5,8.987384303086046,20,0.09137441820846366,2017-03-15,-0.03538432982033535,0
5100,Sheldon Whitehouse,BMY,Purchase,Joint,Stock,8000.5,8.987384303086046,20,0.4951059511530928,2017-03-15,-0.03288054050873612,0
5103,Sheldon Whitehouse,PFE,Purchase,Self,Stock,8000.5,8.987384303086046,33,0.6037958506459525,2017-03-15,-0.020770311051810264,0
5010,Patty Murray,WMB,Purchase,Spouse,Stock,8000.5,8.987384303086046,5,-0.12002317716816006,2017-03-21,0.0625405371828276,1
5012,Patty Murray,WFC,Purchase,Spouse,Stock,8000.5,8.987384303086046,5,-1.5727533869203565,2017-03-21,-0.038227698261597554,0
5014,Patty Murray,WMT,Purchase,Spouse,Stock,8000.5,8.987384303086046,5,-0.3488556300738174,2017-03-21,0.06351143801288583,1
5015,Patty Murray,VZ,Purchase,Spouse,Stock,8000.5,8.987384303086046,5,0.24461107870750132,2017-03-21,-0.10026674022739424,0
5017,Patty Murray,UPS,Purchase,Spouse,Stock,8000.5,8.987384303086046,5,0.007482039156003584,2017-03-21,-0.012436045939625107,0
5019,Patty Murray,USB,Purchase,Spouse,Stock,8000.5,8.987384303086046,5,-1.4260100491504455,2017-03-21,-0.02943247439193286,0
5022,Patty Murray,TGT,Purchase,Spouse,Stock,8000.5,8.987384303086046,5,-2.013956082953725,2017-03-21,0.053661312432270014,1
5027,Patty Murray,SLB,Purchase,Spouse,Stock,8000.5,8.987384303086046,5,-0.39333202506229675,2017-03-21,-0.11131259913838765,0
5031,Patty Murray,QCOM,Purchase,Spouse,Stock,8000.5,8.987384303086046,5,-0.25617714788172063,2017-03-21,-0.06099156646633941,0
5033,Patty Murray,PRU,Purchase,Spouse,Stock,8000.5,8.987384303086046,5,-1.1530461588264331,2017-03-21,0.00462078302006641,1
5034,Patty Murray,PG,Purchase,Spouse,Stock,8000.5,8.987384303086046,5,0.1197730649430872,2017-03-21,-0.07252132284517998,0
5035,Patty Murray,PFE,Purchase,Spouse,Stock,8000.5,8.987384303086046,5,0.027694735132753473,2017-03-21,-0.043096258903824625,0
5040,Patty Murray,MSFT,Purchase,Spouse,Stock,8000.5,8.987384303086046,5,-0.1608100134951993,2017-03-21,0.05552233301279963,1
5042,Patty Murray,MRK,Purchase,Spouse,Stock,8000.5,8.987384303086046,5,-0.8430765484647784,2017-03-21,-0.024703726364550205,0
5046,Patty Murray,KMI,Purchase,Spouse,Stock,8000.5,8.987384303086046,5,-0.39549003673563093,2017-03-21,-0.05184121136913733,0
5050,Patty Murray,JNJ,Purchase,Spouse,Stock,8000.5,8.987384303086046,5,0.8752820233235304,2017-03-21,-0.05112808141096037,0
5051,Patty Murray,JPM,Purchase,Spouse,Stock,8000.5,8.987384303086046,5,-1.3393920380785045,2017-03-21,-0.024785341040432618,0
5054,Patty Murray,GILD,Purchase,Spouse,Stock,8000.5,8.987384303086046,5,-0.5147860631850917,2017-03-21,-0.02814661011199926,0
5055,Patty Murray,GM,Purchase,Spouse,Stock,8000.5,8.987384303086046,5,-1.7888977551451908,2017-03-21,-0.051292195931011975,0
5056,Patty Murray,GE,Purchase,Spouse,Stock,8000.5,8.987384303086046,5,-0.664688821141447,2017-03-21,-0.02576658580122959,0
5059,Patty Murray,XOM,Purchase,Spouse,Stock,8000.5,8.987384303086046,5,-0.017458709043205616,2017-03-21,-0.009690857096938066,0
5065,Patty Murray,DIS,Purchase,Spouse,Stock,8000.5,8.987384303086046,5,0.2099239758466114,2017-03-21,-0.021485881202123247,0
5067,Patty Murray,COP,Purchase,Spouse,Stock,8000.5,8.987384303086046,5,-0.6676313795303843,2017-03-21,0.021731444868628547,1
5069,Patty Murray,CMCSA,Purchase,Spouse,Stock,8000.5,8.987384303086046,5,-0.4187395370614156,2017-03-21,0.019332185534381097,1
5070,Patty Murray,KO,Purchase,Spouse,Stock,8000.5,8.987384303086046,5,0.5060272562276222,2017-03-21,-0.001028484351617731,0
5071,Patty Murray,CSCO,Purchase,Spouse,Stock,8000.5,8.987384303086046,5,-0.26578760311391797,2017-03-21,-0.009401729404255654,0
5072,Patty Murray,CVX,Purchase,Spouse,Stock,8000.5,8.987384303086046,5,-0.6564903245475834,2017-03-21,-0.03254028903908601,0
5073,Patty Murray,CVS,Purchase,Spouse,Stock,8000.5,8.987384303086046,5,-0.7964186420216977,2017-03-21,-0.006456721145158495,0
5074,Patty Murray,BMY,Purchase,Spouse,Stock,8000.5,8.987384303086046,5,-0.44462082064083347,2017-03-21,-0.03199011809689911,0
5075,Patty Murray,BA,Purchase,Spouse,Stock,8000.5,8.987384303086046,5,-0.6299204066570255,2017-03-21,0.021902867743223142,1
5076,Patty Murray,BAC,Purchase,Spouse,Stock,8000.5,8.987384303086046,5,-1.8057656379021678,2017-03-21,0.01225776943414103,1
5078,Patty Murray,AAPL,Purchase,Spouse,Stock,8000.5,8.987384303086046,5,0.17345747607616238,2017-03-21,0.03130785004591363,1
5080,Patty Murray,AMGN,Purchase,Spouse,Stock,8000.5,8.987384303086046,5,-1.4958607060487086,2017-03-21,-0.03854260341091231,0
5081,Patty Murray,T,Purchase,Spouse,Stock,8000.5,8.987384303086046,5,-0.026791017554744966,2017-03-21,-0.10777503709331271,0
5008,James M Inhofe,GM,Purchase,Self,Stock,75000.5,11.22526339231845,22,-0.5358406487135412,2017-03-29,-0.056539374057318015,0
4976,"David A Perdue , Jr",TRP,Purchase,Joint,Stock,32500.5,10.389041521098926,7,0.1318426920835999,2017-03-31,-0.007859070028299442,0
4977,"David A Perdue , Jr",TRP,Purchase,Joint,Stock,8000.5,8.987384303086046,7,0.1318426920835999,2017-03-31,-0.007859070028299442,0
4979,"David A Perdue , Jr",ENB,Sale (Partial),Joint,Stock,32500.5,10.389041521098926,8,0.6071970973518817,2017-03-31,-0.063320392491235,0
4980,"David A Perdue , Jr",KMI,Purchase,Joint,Stock,32500.5,10.389041521098926,8,0.30361500642095096,2017-03-31,-0.10397995600059495,0
4982,"David A Perdue , Jr",KMI,Purchase,Joint,Stock,8000.5,8.987384303086046,8,0.30361500642095096,2017-03-31,-0.10397995600059495,0
4984,"David A Perdue , Jr",WLK,Sale (Partial),Joint,Stock,8000.5,8.987384303086046,8,0.20034040419637894,2017-03-31,-0.05885891727157533,0
4986,"David A Perdue , Jr",JPM,Sale (Partial),Joint,Stock,8000.5,8.987384303086046,9,-0.6731321776615807,2017-03-31,-0.02503550137007149,0
4987,"David A Perdue , Jr",GPK,Sale (Partial),Joint,Stock,32500.5,10.389041521098926,9,-0.20069589771977506,2017-03-31,0.07156576409015858,1
4988,"David A Perdue , Jr",SLB,Purchase,Joint,Stock,32500.5,10.389041521098926,9,-0.20082490790685117,2017-03-31,-0.09744830914177316,0
4989,"David A Perdue , Jr",COST,Purchase,Joint,Stock,8000.5,8.987384303086046,9,0.2511385065032123,2017-03-31,0.0037946283166980788,1
4990,"David A Perdue , Jr",BMY,Purchase,Joint,Stock,8000.5,8.987384303086046,9,-0.8791580954927398,2017-03-31,-0.006103219692458861,0
4992,"David A Perdue , Jr",CVX,Purchase,Joint,Stock,32500.5,10.389041521098926,9,-0.35615171996160605,2017-03-31,-0.02418643925674424,0
4993,"David A Perdue , Jr",PRU,Sale (Partial),Joint,Stock,8000.5,8.987384303086046,9,-0.4429228439405978,2017-03-31,-0.01221920406475574,0
4994,"David A Perdue , Jr",WLK,Sale (Partial),Joint,Stock,8000.5,8.987384303086046,15,0.20034040419637894,2017-03-31,-0.05885891727157533,0
4995,"David A Perdue , Jr",WLK,Sale (Partial),Joint,Stock,8000.5,8.987384303086046,16,0.20034040419637894,2017-03-31,-0.05885891727157533,0
4996,"David A Perdue , Jr",WMT,Purchase,Joint,Stock,8000.5,8.987384303086046,17,1.0318778128514912,2017-03-31,0.03906400546070965,1
4998,"David A Perdue , Jr",WMT,Purchase,Joint,Stock,8000.5,8.987384303086046,18,1.0318778128514912,2017-03-31,0.03906400546070965,1
4999,"David A Perdue , Jr",WLK,Sale (Partial),Joint,Stock,8000.5,8.987384303086046,18,0.20034040419637894,2017-03-31,-0.05885891727157533,0
5001,"David A Perdue , Jr",MOS,Purchase,Joint,Stock,8000.5,8.987384303086046,21,0.08174310299808211,2017-03-31,-0.21571069072840343,0
5002,"David A Perdue , Jr",WLK,Sale (Partial),Joint,Stock,8000.5,8.987384303086046,21,0.20034040419637894,2017-03-31,-0.05885891727157533,0
5004,"David A Perdue , Jr",BAC,Sale (Partial),Joint,Stock,8000.5,8.987384303086046,28,-0.666737287199641,2017-03-31,0.0005803336898571043,1
5005,"David A Perdue , Jr",BAX,Sale (Partial),Joint,Stock,8000.5,8.987384303086046,29,0.07974037221008363,2017-03-31,0.07398485957278345,1
5006,"David A Perdue , Jr",PFE,Purchase,Joint,Stock,8000.5,8.987384303086046,29,-0.02926758110928397,2017-03-31,-0.05120539882475861,0
4959,Susan M Collins,GILD,Sale (Full),Spouse,Stock,8000.5,8.987384303086046,40,-0.5098736913093269,2017-04-11,-0.049512235663538906,0
4960,Susan M Collins,DHR,Purchase,Spouse,Stock,32500.5,10.389041521098926,40,0.061510663627852506,2017-04-11,-0.04971008497633289,0
4956,Sheldon Whitehouse,GE,Sale (Partial),Joint,Stock,8000.5,8.987384303086046,42,-0.15394947594297811,2017-04-17,-0.10646646465125609,0
4942,William Cassidy,TGT,Purchase,Spouse,Stock,8000.5,8.987384303086046,28,0.9035462286627756,2017-04-26,-0.046682863719957446,0
4938,James M Inhofe,GE,Purchase,Self,Stock,32500.5,10.389041521098926,26,-0.9657809664599696,2017-05-01,-0.04152513601523111,0
4925,John Hoeven,IBM,Purchase,Self,Stock,75000.5,11.22526339231845,9,-1.3901626867485402,2017-05-03,-0.04998265372712596,0
4928,John Hoeven,SBUX,Purchase,Self,Stock,75000.5,11.22526339231845,12,0.7901411972993103,2017-05-03,-0.030434376676617747,0
4910,"David A Perdue , Jr",MOS,Purchase,Joint,Stock,8000.5,8.987384303086046,3,-2.2372846438231972,2017-05-05,-0.04585248100551764,0
4911,"David A Perdue , Jr",GM,Purchase,Joint,Stock,8000.5,8.987384303086046,7,-0.07708556052150282,2017-05-05,-0.003517612174567031,0
4912,"David A Perdue , Jr",WLK,Sale (Partial),Joint,Stock,8000.5,8.987384303086046,8,-0.6434021190633906,2017-05-05,0.018258058130546706,1
4914,"David A Perdue , Jr",BAX,Sale (Partial),Joint,Stock,8000.5,8.987384303086046,9,1.0470322362990947,2017-05-05,0.043650574784308116,1
4918,"David A Perdue , Jr",MOS,Purchase,Joint,Stock,8000.5,8.987384303086046,23,-2.2372846438231972,2017-05-05,-0.04585248100551764,0
4920,"David A Perdue , Jr",MOS,Purchase,Joint,Stock,8000.5,8.987384303086046,24,-2.2372846438231972,2017-05-05,-0.04585248100551764,0
4922,"David A Perdue , Jr",CVX,Purchase,Joint,Stock,32500.5,10.389041521098926,31,-0.16909777960664674,2017-05-05,-0.0049065869355229275,0
4909,Shelley M Capito,WFC,Sale (Partial),Spouse,Stock,8000.5,8.987384303086046,12,0.8182534065679871,2017-05-06,-0.04268452541659562,0
4907,Pat Roberts,NFLX,Purchase,Spouse,Stock,8000.5,8.987384303086046,31,0.7017665945497371,2017-05-08,-0.041667036002904445,0
4898,Sheldon Whitehouse,QCOM,Purchase,Child,Stock,8000.5,8.987384303086046,35,0.8143672160547623,2017-05-10,0.00822192701049107,1
4903,Sheldon Whitehouse,USB,Purchase,Self,Stock,8000.5,8.987384303086046,35,0.45419619787316634,2017-05-10,-0.025273803072627832,0
4905,Sheldon Whitehouse,AMGN,Purchase,Self,Stock,8000.5,8.987384303086046,35,-0.36757580716585114,2017-05-10,0.07054155294935582,1
4906,Sheldon Whitehouse,IBM,Purchase,Self,Stock,8000.5,8.987384303086046,35,-2.0688864960598883,2017-05-10,0.00844475110102616,1
4886,John Hoeven,F,Purchase,Self,Stock,175000.5,12.072549824297488,15,0.24316682353857413,2017-05-30,0.024805235189675257,1
4837,Susan M Collins,CVS,Sale (Full),Spouse,Stock,32500.5,10.389041521098926,13,-0.12090712887949735,2017-06-06,-0.02208900087883947,0
4841,"David A Perdue , Jr",LYV,Sale (Partial),Joint,Stock,8000.5,8.987384303086046,4,0.7736430899225899,2017-06-06,0.01914657297630873,1
4843,"David A Perdue , Jr",RF,Purchase,Joint,Stock,8000.5,8.987384303086046,5,-0.8642240925650916,2017-06-06,0.05630975298964702,1
4844,"David A Perdue , Jr",URBN,Purchase,Joint,Stock,8000.5,8.987384303086046,5,-1.2194405293557915,2017-06-06,-0.017741179354206604,0
4847,"David A Perdue , Jr",VZ,Purchase,Joint,Stock,8000.5,8.987384303086046,13,0.581534463896684,2017-06-06,-0.07992622613969724,0
4848,"David A Perdue , Jr",RF,Purchase,Joint,Stock,8000.5,8.987384303086046,13,-0.8642240925650916,2017-06-06,0.05630975298964702,1
4850,"David A Perdue , Jr",RF,Purchase,Joint,Stock,8000.5,8.987384303086046,15,-0.8642240925650916,2017-06-06,0.05630975298964702,1
4851,"David A Perdue , Jr",URBN,Purchase,Joint,Stock,8000.5,8.987384303086046,15,-1.2194405293557915,2017-06-06,-0.017741179354206604,0
4852,"David A Perdue , Jr",RF,Purchase,Joint,Stock,8000.5,8.987384303086046,18,-0.8642240925650916,2017-06-06,0.05630975298964702,1
4853,"David A Perdue , Jr",RF,Purchase,Joint,Stock,8000.5,8.987384303086046,19,-0.8642240925650916,2017-06-06,0.05630975298964702,1
4856,"David A Perdue , Jr",URBN,Purchase,Joint,Stock,8000.5,8.987384303086046,19,-1.2194405293557915,2017-06-06,-0.017741179354206604,0
4857,"David A Perdue , Jr",URBN,Purchase,Joint,Stock,8000.5,8.987384303086046,20,-1.2194405293557915,2017-06-06,-0.017741179354206604,0
4858,"David A Perdue , Jr",PFE,Purchase,Joint,Stock,8000.5,8.987384303086046,20,-0.5207629788948428,2017-06-06,0.03278967073084749,1
4859,"David A Perdue , Jr",URBN,Purchase,Joint,Stock,8000.5,8.987384303086046,22,-1.2194405293557915,2017-06-06,-0.017741179354206604,0
4865,"David A Perdue , Jr",URBN,Purchase,Joint,Stock,8000.5,8.987384303086046,25,-1.2194405293557915,2017-06-06,-0.017741179354206604,0
4868,"David A Perdue , Jr",LYV,Sale (Partial),Joint,Stock,8000.5,8.987384303086046,26,0.7736430899225899,2017-06-06,0.01914657297630873,1
4869,"David A Perdue , Jr",URBN,Purchase,Joint,Stock,32500.5,10.389041521098926,26,-1.2194405293557915,2017-06-06,-0.017741179354206604,0
4873,"David A Perdue , Jr",LYV,Sale (Partial),Joint,Stock,8000.5,8.987384303086046,27,0.7736430899225899,2017-06-06,0.01914657297630873,1
4874,"David A Perdue , Jr",AAPL,Sale (Partial),Joint,Stock,32500.5,10.389041521098926,28,0.11354002099848554,2017-06-06,-0.03774990591019056,0
4876,"David A Perdue , Jr",LYV,Sale (Partial),Joint,Stock,8000.5,8.987384303086046,29,0.7736430899225899,2017-06-06,0.01914657297630873,1
4880,Pat Roberts,T,Purchase,Spouse,Stock,8000.5,8.987384303086046,1,0.4117684606681912,2017-06-06,-0.08267350333125123,0
4881,Pat Roberts,SBUX,Purchase,Spouse,Stock,8000.5,8.987384303086046,11,1.4124148577005682,2017-06-06,-0.10983767204668604,0
4834,James M Inhofe,AMGN,Sale (Full),Self,Stock,75000.5,11.22526339231845,8,0.6975561589839631,2017-06-07,0.0951235952568874,1
4836,Patrick J Toomey,GE,Sale (Full),Self,Stock,8000.5,8.987384303086046,20,-0.3084614128773201,2017-06-07,-0.049883893541281754,0
4806,Sheldon Whitehouse,C,Purchase,Child,Stock,8000.5,8.987384303086046,15,0.7759862130663218,2017-06-08,0.031422192064786136,1
4807,Sheldon Whitehouse,CVS,Sale (Partial),Child,Stock,32500.5,10.389041521098926,9,0.2507462601817579,2017-06-08,-0.03056674049154473,0
4808,Sheldon Whitehouse,F,Purchase,Child,Stock,8000.5,8.987384303086046,9,0.17473026007498715,2017-06-08,0.02602227025889059,1
4818,Sheldon Whitehouse,BAC,Purchase,Joint,Stock,8000.5,8.987384303086046,23,-0.09227319460268402,2017-06-08,0.02341767697425512,1
4821,Sheldon Whitehouse,GS,Purchase,Joint,Stock,8000.5,8.987384303086046,15,0.04494590332980713,2017-06-08,-0.006225285098423017,0
4827,Sheldon Whitehouse,AMGN,Purchase,Self,Stock,8000.5,8.987384303086046,15,0.842544950561463,2017-06-08,0.09524555546984526,1
4828,Sheldon Whitehouse,IBM,Purchase,Self,Stock,8000.5,8.987384303086046,15,0.026888313132712133,2017-06-08,-0.045720940575846636,0
4798,Tammy Duckworth,CAT,Sale (Full),Joint,Stock,8000.5,8.987384303086046,35,0.10440611769529907,2017-06-14,0.08013564301751686,1
4707,Patty Murray,WMB,Sale (Full),Spouse,Stock,8000.5,8.987384303086046,7,-0.29274963899978945,2017-06-22,0.08093248356708793,1
4709,Patty Murray,WFC,Sale (Full),Spouse,Stock,8000.5,8.987384303086046,7,-0.28221700139137923,2017-06-22,-0.012151098434824092,0
4711,Patty Murray,WMT,Sale (Full),Spouse,Stock,8000.5,8.987384303086046,7,-1.410543884599494,2017-06-22,0.04685905202142315,1
4712,Patty Murray,VZ,Sale (Full),Spouse,Stock,8000.5,8.987384303086046,7,-0.7528478688373013,2017-06-22,0.05801943133230081,1
4715,Patty Murray,UPS,Sale (Full),Spouse,Stock,8000.5,8.987384303086046,7,0.34483207445342257,2017-06-22,0.008502928317483338,1
4717,Patty Murray,USB,Sale (Full),Spouse,Stock,8000.5,8.987384303086046,7,-0.40534121538809326,2017-06-22,0.016658571523219923,1
4721,Patty Murray,TGT,Sale (Full),Spouse,Stock,8000.5,8.987384303086046,7,-1.9992453452068606,2017-06-22,0.11845139931903237,1
4727,Patty Murray,SLB,Sale (Full),Spouse,Stock,8000.5,8.987384303086046,7,-1.3519301169710618,2017-06-22,0.014376620192527279,1
4732,Patty Murray,QCOM,Sale (Full),Spouse,Stock,8000.5,8.987384303086046,7,-0.46936908997956034,2017-06-22,-0.08699683847803852,0
4734,Patty Murray,PRU,Sale (Full),Spouse,Stock,8000.5,8.987384303086046,7,-0.706394345893094,2017-06-22,0.07003977371431125,1
4735,Patty Murray,PG,Sale (Full),Spouse,Stock,8000.5,8.987384303086046,7,0.2939891364174945,2017-06-22,-0.0003982554563812801,0
4737,Patty Murray,PFE,Sale (Full),Spouse,Stock,8000.5,8.987384303086046,7,1.586359186884128,2017-06-22,-0.031150167282723018,0
4742,Patty Murray,MSFT,Sale (Full),Spouse,Stock,8000.5,8.987384303086046,7,-0.17521777384177165,2017-06-22,0.015624462577884524,1
4744,Patty Murray,MRK,Sale (Full),Spouse,Stock,8000.5,8.987384303086046,7,0.9641607961547114,2017-06-22,-0.06304801521126213,0
4748,Patty Murray,KMI,Sale (Full),Spouse,Stock,8000.5,8.987384303086046,7,-0.29365390158386734,2017-06-22,0.06837156707397396,1
4752,Patty Murray,JNJ,Sale (Full),Spouse,Stock,8000.5,8.987384303086046,7,1.6726092432144404,2017-06-22,-0.03991426728781211,0
4753,Patty Murray,JPM,Sale (Full),Spouse,Stock,8000.5,8.987384303086046,7,0.616022540425603,2017-06-22,0.05748537556466937,1
4756,Patty Murray,GILD,Sale (Full),Spouse,Stock,8000.5,8.987384303086046,7,1.891952576680826,2017-06-22,0.01920596824043952,1
4757,Patty Murray,GM,Sale (Full),Spouse,Stock,8000.5,8.987384303086046,7,0.016800848750210005,2017-06-22,0.01276923260193108,1
4758,Patty Murray,GE,Sale (Full),Spouse,Stock,8000.5,8.987384303086046,7,-0.6565794387350862,2017-06-22,-0.08306581960150528,0
4760,Patty Murray,XOM,Sale (Full),Spouse,Stock,8000.5,8.987384303086046,7,-0.23662683825914163,2017-06-22,-0.029549182602779722,0
4766,Patty Murray,DIS,Sale (Full),Spouse,Stock,8000.5,8.987384303086046,7,-0.6634633178965877,2017-06-22,0.014475958405284706,1
4768,Patty Murray,COP,Sale (Full),Spouse,Stock,8000.5,8.987384303086046,7,-0.09040152337636004,2017-06-22,-0.002081670998311802,0
4770,Patty Murray,CMCSA,Sale (Full),Spouse,Stock,8000.5,8.987384303086046,7,-1.15780690163106,2017-06-22,-0.027331744844644956,0
4771,Patty Murray,KO,Sale (Full),Spouse,Stock,8000.5,8.987384303086046,7,-0.4105045343599441,2017-06-22,-0.009278284621614175,0
4772,Patty Murray,CSCO,Sale (Full),Spouse,Stock,8000.5,8.987384303086046,7,0.1796692869946736,2017-06-22,-0.02038890052669251,0
4773,Patty Murray,CVX,Sale (Full),Spouse,Stock,8000.5,8.987384303086046,7,-0.25765556195316724,2017-06-22,0.03536963773156088,1
4774,Patty Murray,CVS,Sale (Full),Spouse,Stock,8000.5,8.987384303086046,7,-0.4848803590234115,2017-06-22,-0.009106496342591752,0
4775,Patty Murray,BMY,Sale (Full),Spouse,Stock,8000.5,8.987384303086046,7,1.3135082233920778,2017-06-22,-0.042890190692068675,0
4776,Patty Murray,BA,Sale (Full),Spouse,Stock,8000.5,8.987384303086046,7,1.2698562119569807,2017-06-22,0.1730682975680804,1
4777,Patty Murray,BAC,Sale (Full),Spouse,Stock,8000.5,8.987384303086046,7,-0.19224397759888795,2017-06-22,0.07014736919779518,1
4779,Patty Murray,AAPL,Sale (Full),Spouse,Stock,8000.5,8.987384303086046,7,-0.7690453612668586,2017-06-22,0.055066829064206235,1
4781,Patty Murray,AMGN,Sale (Full),Spouse,Stock,8000.5,8.987384303086046,7,1.8684775282643693,2017-06-22,-0.01864642059473698,0
4783,Patty Murray,T,Sale (Full),Spouse,Stock,8000.5,8.987384303086046,7,-0.6278346456595763,2017-06-22,-0.010157589622535212,0
4704,"Angus S King, Jr.",DIS,Sale (Partial),Spouse,Stock,8000.5,8.987384303086046,54,-0.12316233927436984,2017-06-26,-0.0029618781095615,0
4705,"Angus S King, Jr.",TGT,Sale (Full),Spouse,Stock,8000.5,8.987384303086046,54,-1.392295828927042,2017-06-26,0.12470770387437091,1
4682,Thomas R Carper,QCOM,Purchase,Spouse,Stock,8000.5,8.987384303086046,5,-0.7991213011597263,2017-07-03,-0.03740740265898013,0
4691,James M Inhofe,JNJ,Sale (Full),Self,Stock,75000.5,11.22526339231845,24,-0.14368404018500042,2017-07-03,-0.014141317509483997,0
4628,"David A Perdue , Jr",URBN,Purchase,Joint,Stock,8000.5,8.987384303086046,3,-0.3371678878507467,2017-07-10,0.06203858343623114,1
4630,"David A Perdue , Jr",CZR,Purchase,Joint,Stock,8000.5,8.987384303086046,5,-1.3499701582806651,2017-07-10,0.1636164206026789,1
4631,"David A Perdue , Jr",MOS,Purchase,Joint,Stock,8000.5,8.987384303086046,7,0.7390186487681768,2017-07-10,-0.16773290038332733,0
4632,"David A Perdue , Jr",CZR,Purchase,Joint,Stock,8000.5,8.987384303086046,10,-1.3499701582806651,2017-07-10,0.1636164206026789,1
4633,"David A Perdue , Jr",URBN,Purchase,Joint,Stock,8000.5,8.987384303086046,11,-0.3371678878507467,2017-07-10,0.06203858343623114,1
4634,"David A Perdue , Jr",CZR,Purchase,Joint,Stock,8000.5,8.987384303086046,11,-1.3499701582806651,2017-07-10,0.1636164206026789,1
4638,"David A Perdue , Jr",RF,Purchase,Joint,Stock,8000.5,8.987384303086046,14,0.5882431859937722,2017-07-10,-0.05032233009701581,0
4639,"David A Perdue , Jr",CZR,Purchase,Joint,Stock,8000.5,8.987384303086046,14,-1.3499701582806651,2017-07-10,0.1636164206026789,1
4640,"David A Perdue , Jr",CZR,Purchase,Joint,Stock,8000.5,8.987384303086046,17,-1.3499701582806651,2017-07-10,0.1636164206026789,1
4641,"David A Perdue , Jr",URBN,Purchase,Joint,Stock,8000.5,8.987384303086046,17,-0.3371678878507467,2017-07-10,0.06203858343623114,1
4642,"David A Perdue , Jr",LYV,Sale (Partial),Joint,Stock,8000.5,8.987384303086046,17,-0.2757769613756958,2017-07-10,0.12245261117530215,1
4644,"David A Perdue , Jr",URBN,Purchase,Joint,Stock,8000.5,8.987384303086046,18,-0.3371678878507467,2017-07-10,0.06203858343623114,1
4645,"David A Perdue , Jr",RF,Purchase,Joint,Stock,8000.5,8.987384303086046,18,0.5882431859937722,2017-07-10,-0.05032233009701581,0
4646,"David A Perdue , Jr",LYV,Sale (Partial),Joint,Stock,8000.5,8.987384303086046,19,-0.2757769613756958,2017-07-10,0.12245261117530215,1
4647,"David A Perdue , Jr",CZR,Purchase,Joint,Stock,8000.5,8.987384303086046,19,-1.3499701582806651,2017-07-10,0.1636164206026789,1
4652,"David A Perdue , Jr",URBN,Purchase,Joint,Stock,8000.5,8.987384303086046,21,-0.3371678878507467,2017-07-10,0.06203858343623114,1
4653,"David A Perdue , Jr",COST,Purchase,Joint,Stock,32500.5,10.389041521098926,24,-2.8556007661720755,2017-07-10,0.03801198971100739,1
4657,"David A Perdue , Jr",URBN,Purchase,Joint,Stock,8000.5,8.987384303086046,25,-0.3371678878507467,2017-07-10,0.06203858343623114,1
4659,"David A Perdue , Jr",AAPL,Sale (Partial),Joint,Stock,32500.5,10.389041521098926,31,0.05517276927887715,2017-07-10,0.0815717750144116,1
4660,"David A Perdue , Jr",LYV,Sale (Partial),Joint,Stock,8000.5,8.987384303086046,31,-0.2757769613756958,2017-07-10,0.12245261117530215,1
4661,"David A Perdue , Jr",LYV,Sale (Partial),Joint,Stock,8000.5,8.987384303086046,32,-0.2757769613756958,2017-07-10,0.12245261117530215,1
4662,"David A Perdue , Jr",URBN,Purchase,Joint,Stock,8000.5,8.987384303086046,32,-0.3371678878507467,2017-07-10,0.06203858343623114,1
4663,"David A Perdue , Jr",RF,Purchase,Joint,Stock,8000.5,8.987384303086046,34,0.5882431859937722,2017-07-10,-0.05032233009701581,0
4665,Pat Roberts,AMZN,Purchase,Spouse,Stock,8000.5,8.987384303086046,20,0.31678150846575726,2017-07-10,-0.04551970624068202,0
4666,Pat Roberts,AAPL,Purchase,Spouse,Stock,32500.5,10.389041521098926,20,0.05517276927887715,2017-07-10,0.0815717750144116,1
4667,Pat Roberts,NFLX,Purchase,Spouse,Stock,32500.5,10.389041521098926,20,0.07482050505583493,2017-07-10,0.09010385183789826,1
4668,Pat Roberts,AAPL,Sale (Full),Spouse,Stock,32500.5,10.389041521098926,28,0.05517276927887715,2017-07-10,0.0815717750144116,1
4669,Pat Roberts,AAPL,Sale (Full),Spouse,Stock,75000.5,11.22526339231845,28,0.05517276927887715,2017-07-10,0.0815717750144116,1
4611,Tammy Duckworth,CAT,Sale (Full),Joint,Stock,8000.5,8.987384303086046,45,0.1262105126305524,2017-07-20,0.09318500197630408,1
4593,Shelley M Capito,WFC,Sale (Full),Spouse,Stock,8000.5,8.987384303086046,27,-0.4264513924909281,2017-07-24,-0.07375886148645605,0
4594,Shelley M Capito,C,Sale (Full),Spouse,Stock,8000.5,8.987384303086046,27,-0.22209853197247514,2017-07-24,0.019115593959149746,1
4578,Pat Roberts,NFLX,Purchase,Spouse,Stock,32500.5,10.389041521098926,0,1.0512489692696445,2017-07-31,0.005919936082704913,1
4579,Pat Roberts,BAC,Sale (Full),Spouse,Stock,8000.5,8.987384303086046,3,-0.19155257910799084,2017-07-31,-0.020339819750499477,0
4580,Pat Roberts,NFLX,Sale (Full),Spouse,Stock,32500.5,10.389041521098926,3,1.0512489692696445,2017-07-31,0.005919936082704913,1
4582,Pat Roberts,BAC,Purchase,Spouse,Stock,8000.5,8.987384303086046,13,-0.19155257910799084,2017-07-31,-0.020339819750499477,0
4583,Pat Roberts,TJX,Purchase,Spouse,Stock,8000.5,8.987384303086046,7,0.4569555185932689,2017-07-31,0.032647736555349915,1
4587,Pat Roberts,T,Purchase,Spouse,Stock,8000.5,8.987384303086046,17,2.136261555616486,2017-07-31,-0.08354814009754741,0
4573,James M Inhofe,GE,Sale (Partial),Self,Stock,32500.5,10.389041521098926,12,-0.6281449531724497,2017-08-07,-0.06426621653397568,0
4574,James M Inhofe,MSFT,Purchase,Self,Stock,75000.5,11.22526339231845,18,-0.19585050948298285,2017-08-07,0.03351675424679734,1
4575,James M Inhofe,C,Sale (Partial),Self,Stock,75000.5,11.22526339231845,31,0.583972628992263,2017-08-07,0.022089793692875892,1
4555,Sheldon Whitehouse,C,Purchase,Child,Stock,8000.5,8.987384303086046,24,-0.5389738347327917,2017-08-18,0.06884640930655128,1
4558,Sheldon Whitehouse,BMY,Sale (Partial),Joint,Stock,8000.5,8.987384303086046,36,0.03667521622605897,2017-08-18,0.10468049431247639,1
4559,Sheldon Whitehouse,GS,Purchase,Joint,Stock,8000.5,8.987384303086046,21,-0.41960996738086037,2017-08-18,0.04368248802337904,1
4561,Sheldon Whitehouse,SBUX,Purchase,Self,Stock,8000.5,8.987384303086046,21,-1.543026926014144,2017-08-18,-0.01853194943825276,0
4564,Sheldon Whitehouse,CSCO,Purchase,Self,Stock,8000.5,8.987384303086046,21,-1.1895567174385329,2017-08-18,0.07169943015135471,1
4482,"Angus S King, Jr.",IBM,Sale (Full),Spouse,Stock,8000.5,8.987384303086046,39,-0.005892402030497046,2017-08-28,0.000939662297938737,1
4483,"David A Perdue , Jr",CZR,Purchase,Joint,Stock,8000.5,8.987384303086046,3,0.9886321896118669,2017-08-28,0.09864554830701766,1
4484,"David A Perdue , Jr",URBN,Purchase,Joint,Stock,8000.5,8.987384303086046,4,1.7538903225492637,2017-08-28,0.05329166248185113,1
4488,"David A Perdue , Jr",AXTA,Purchase,Joint,Stock,8000.5,8.987384303086046,12,0.06321773522664308,2017-08-28,-0.05885205666231175,0
4491,"David A Perdue , Jr",AAPL,Sale (Partial),Joint,Stock,8000.5,8.987384303086046,13,0.5426634772916262,2017-08-28,-0.07558809563496416,0
4493,"David A Perdue , Jr",AXTA,Purchase,Joint,Stock,8000.5,8.987384303086046,14,0.06321773522664308,2017-08-28,-0.05885205666231175,0
4494,"David A Perdue , Jr",WLK,Sale (Full),Joint,Stock,8000.5,8.987384303086046,14,1.271076004988496,2017-08-28,0.08517696340702186,1
4495,"David A Perdue , Jr",AXTA,Purchase,Joint,Stock,8000.5,8.987384303086046,17,0.06321773522664308,2017-08-28,-0.05885205666231175,0
4496,"David A Perdue , Jr",RF,Purchase,Joint,Stock,8000.5,8.987384303086046,17,-0.2580112166750623,2017-08-28,0.019789249030160994,1
4497,"David A Perdue , Jr",WMT,Sale (Partial),Joint,Stock,32500.5,10.389041521098926,17,-1.0905556911585725,2017-08-28,0.03708256202781568,1
4501,"David A Perdue , Jr",LYV,Sale (Partial),Joint,Stock,8000.5,8.987384303086046,18,0.260516375403076,2017-08-28,0.057520779948684764,1
4502,"David A Perdue , Jr",WMT,Sale (Partial),Joint,Stock,8000.5,8.987384303086046,18,-1.0905556911585725,2017-08-28,0.03708256202781568,1
4503,"David A Perdue , Jr",WMT,Sale (Partial),Joint,Stock,32500.5,10.389041521098926,18,-1.0905556911585725,2017-08-28,0.03708256202781568,1
4505,"David A Perdue , Jr",WLK,Sale (Partial),Joint,Stock,8000.5,8.987384303086046,18,1.271076004988496,2017-08-28,0.08517696340702186,1
4506,"David A Perdue , Jr",AXTA,Purchase,Joint,Stock,8000.5,8.987384303086046,18,0.06321773522664308,2017-08-28,-0.05885205666231175,0
4508,"David A Perdue , Jr",EMR,Purchase,Joint,Stock,32500.5,10.389041521098926,19,-0.5477533152821383,2017-08-28,0.04486636577865477,1
4509,"David A Perdue , Jr",GE,Sale (Full),Joint,Stock,32500.5,10.389041521098926,19,-0.9189173396799655,2017-08-28,-0.08645412441574019,0
4510,"David A Perdue , Jr",DIS,Purchase,Joint,Stock,32500.5,10.389041521098926,19,-0.3823941765386883,2017-08-28,-0.07014859988325706,0
4511,"David A Perdue , Jr",SLB,Purchase,Joint,Stock,32500.5,10.389041521098926,19,-0.6149285472308903,2017-08-28,0.03581849081261157,1
4512,"David A Perdue , Jr",EMR,Purchase,Joint,Stock,8000.5,8.987384303086046,19,-0.5477533152821383,2017-08-28,0.04486636577865477,1
4513,"David A Perdue , Jr",GE,Sale (Partial),Joint,Stock,32500.5,10.389041521098926,19,-0.9189173396799655,2017-08-28,-0.08645412441574019,0
4515,"David A Perdue , Jr",URBN,Purchase,Joint,Stock,8000.5,8.987384303086046,19,1.7538903225492637,2017-08-28,0.05329166248185113,1
4516,"David A Perdue , Jr",WLK,Sale (Partial),Joint,Stock,8000.5,8.987384303086046,19,1.271076004988496,2017-08-28,0.08517696340702186,1
4517,"David A Perdue , Jr",AXTA,Purchase,Joint,Stock,8000.5,8.987384303086046,20,0.06321773522664308,2017-08-28,-0.05885205666231175,0
4518,"David A Perdue , Jr",CZR,Purchase,Joint,Stock,8000.5,8.987384303086046,20,0.9886321896118669,2017-08-28,0.09864554830701766,1
4519,"David A Perdue , Jr",WLK,Sale (Partial),Joint,Stock,8000.5,8.987384303086046,20,1.271076004988496,2017-08-28,0.08517696340702186,1
4521,"David A Perdue , Jr",WMT,Sale (Partial),Joint,Stock,8000.5,8.987384303086046,21,-1.0905556911585725,2017-08-28,0.03708256202781568,1
4523,"David A Perdue , Jr",AXTA,Purchase,Joint,Stock,8000.5,8.987384303086046,21,0.06321773522664308,2017-08-28,-0.05885205666231175,0
4526,"David A Perdue , Jr",WMT,Sale (Partial),Joint,Stock,32500.5,10.389041521098926,24,-1.0905556911585725,2017-08-28,0.03708256202781568,1
4528,"David A Perdue , Jr",WLK,Sale (Partial),Joint,Stock,32500.5,10.389041521098926,24,1.271076004988496,2017-08-28,0.08517696340702186,1
4530,"David A Perdue , Jr",AXTA,Purchase,Joint,Stock,8000.5,8.987384303086046,24,0.06321773522664308,2017-08-28,-0.05885205666231175,0
4531,"David A Perdue , Jr",LYV,Sale (Partial),Joint,Stock,8000.5,8.987384303086046,24,0.260516375403076,2017-08-28,0.057520779948684764,1
4532,"David A Perdue , Jr",WMT,Sale (Partial),Joint,Stock,8000.5,8.987384303086046,25,-1.0905556911585725,2017-08-28,0.03708256202781568,1
4533,"David A Perdue , Jr",AXTA,Purchase,Joint,Stock,32500.5,10.389041521098926,25,0.06321773522664308,2017-08-28,-0.05885205666231175,0
4534,"David A Perdue , Jr",WLK,Sale (Partial),Joint,Stock,32500.5,10.389041521098926,25,1.271076004988496,2017-08-28,0.08517696340702186,1
4535,"David A Perdue , Jr",WMT,Sale (Partial),Joint,Stock,32500.5,10.389041521098926,25,-1.0905556911585725,2017-08-28,0.03708256202781568,1
4537,"David A Perdue , Jr",WMT,Sale (Partial),Joint,Stock,8000.5,8.987384303086046,26,-1.0905556911585725,2017-08-28,0.03708256202781568,1
4541,"David A Perdue , Jr",LYV,Sale (Partial),Joint,Stock,8000.5,8.987384303086046,31,0.260516375403076,2017-08-28,0.057520779948684764,1
4542,"David A Perdue , Jr",CZR,Purchase,Joint,Stock,8000.5,8.987384303086046,31,0.9886321896118669,2017-08-28,0.09864554830701766,1
4543,"David A Perdue , Jr",URBN,Purchase,Joint,Stock,8000.5,8.987384303086046,32,1.7538903225492637,2017-08-28,0.05329166248185113,1
4544,"David A Perdue , Jr",CZR,Purchase,Joint,Stock,8000.5,8.987384303086046,35,0.9886321896118669,2017-08-28,0.09864554830701766,1
4545,"David A Perdue , Jr",URBN,Purchase,Joint,Stock,8000.5,8.987384303086046,38,1.7538903225492637,2017-08-28,0.05329166248185113,1
4546,"David A Perdue , Jr",LYV,Sale (Partial),Joint,Stock,8000.5,8.987384303086046,38,0.260516375403076,2017-08-28,0.057520779948684764,1
4547,"David A Perdue , Jr",CZR,Purchase,Joint,Stock,8000.5,8.987384303086046,39,0.9886321896118669,2017-08-28,0.09864554830701766,1
4479,William Cassidy,AAPL,Sale (Partial),Spouse,Stock,8000.5,8.987384303086046,24,0.675347323454517,2017-09-01,-0.05547877199100992,0
4470,Pat Roberts,DVN,Purchase,Joint,Stock,8000.5,8.987384303086046,25,0.39658762858771446,2017-09-04,0.0738020464178899,1
4472,Pat Roberts,BAC,Purchase,Spouse,Stock,8000.5,8.987384303086046,28,0.06081888959610486,2017-09-04,0.0857384621691677,1
4473,Pat Roberts,SBUX,Sale (Full),Spouse,Stock,8000.5,8.987384303086046,28,0.7004375310042338,2017-09-04,-0.049488915370273445,0
4478,Pat Roberts,SBUX,Purchase,Spouse,Stock,8000.5,8.987384303086046,34,0.7004375310042338,2017-09-04,-0.049488915370273445,0
4393,Thomas R Carper,QCOM,Sale (Partial),Spouse,Stock,8000.5,8.987384303086046,6,-0.8876038140353883,2017-09-06,-0.0008370033402627097,0
4441,Thomas R Carper,GLW,Purchase,Spouse,Stock,8000.5,8.987384303086046,6,-0.030212903912724857,2017-09-06,0.011162944372996586,1
4442,Thomas R Carper,DHR,Purchase,Spouse,Stock,8000.5,8.987384303086046,6,1.2470241683172747,2017-09-06,-0.011562094030990622,0
4469,Patrick J Toomey,T,Sale (Full),Self,Stock,32500.5,10.389041521098926,30,-1.4262922241538019,2017-09-06,-0.05923956615496595,0
4385,Shelley M Capito,CSCO,Purchase,Spouse,Stock,8000.5,8.987384303086046,12,0.5828751758007468,2017-09-11,0.03941417645521228,1
4378,Sheldon Whitehouse,AAPL,Sale (Partial),Joint,Stock,8000.5,8.987384303086046,19,0.012246261248271727,2017-09-12,-0.04940909931792037,0
4384,Sheldon Whitehouse,WMT,Purchase,Self,Stock,8000.5,8.987384303086046,19,0.13924871302905065,2017-09-12,0.0791028084734946,1
4366,James M Inhofe,CVS,Purchase,Self,Stock,75000.5,11.22526339231845,4,1.7453440840791423,2017-09-19,-0.20405434351445062,0
4367,James M Inhofe,GM,Sale (Full),Self,Stock,175000.5,12.072549824297488,20,1.2325938812141068,2017-09-19,0.08187086414952538,1
4364,John Hoeven,QCOM,Sale (Full),Self,Stock,175000.5,12.072549824297488,6,0.07826520974103553,2017-09-27,0.23418436594675085,1
4365,John Hoeven,IBM,Sale (Full),Self,Stock,32500.5,10.389041521098926,6,0.26020349625491623,2017-09-27,0.004341293499892096,1
4064,Pat Roberts,BA,Purchase,Spouse,Stock,8000.5,8.987384303086046,2,0.818174633752803,2017-09-29,-0.0011855252615855516,0
4070,Pat Roberts,SBUX,Purchase,Spouse,Stock,8000.5,8.987384303086046,3,-0.562637011395658,2017-09-29,0.03469400371274545,1
4071,Pat Roberts,GE,Sale (Full),Spouse,Stock,8000.5,8.987384303086046,3,-0.3399840364522994,2017-09-29,-0.17991108365145703,0
4074,Pat Roberts,T,Sale (Full),Spouse,Stock,8000.5,8.987384303086046,3,1.8852753281697199,2017-09-29,-0.1536779326105412,0
4075,Pat Roberts,BAC,Sale (Full),Spouse,Stock,32500.5,10.389041521098926,3,0.9376895596857384,2017-09-29,0.01886640365154113,1
4076,Pat Roberts,BAC,Purchase,Spouse,Stock,8000.5,8.987384303086046,22,0.9376895596857384,2017-09-29,0.01886640365154113,1
4306,"David A Perdue , Jr",MRK,Purchase,Joint,Stock,8000.5,8.987384303086046,3,-0.2940881268943175,2017-10-02,-0.17021699300073678,0
4307,"David A Perdue , Jr",ENTG,Sale (Partial),Joint,Stock,8000.5,8.987384303086046,4,1.3866739719443368,2017-10-02,0.05994183272933973,1
4309,"David A Perdue , Jr",GPK,Sale (Partial),Joint,Stock,8000.5,8.987384303086046,5,1.5420690550368643,2017-10-02,0.08144424508057346,1
4310,"David A Perdue , Jr",AMZN,Purchase,Joint,Stock,32500.5,10.389041521098926,5,-0.19880417658519495,2017-10-02,0.15339315935115172,1
4312,"David A Perdue , Jr",ENTG,Sale (Partial),Joint,Stock,8000.5,8.987384303086046,5,1.3866739719443368,2017-10-02,0.05994183272933973,1
4313,"David A Perdue , Jr",MRK,Purchase,Joint,Stock,8000.5,8.987384303086046,5,-0.2940881268943175,2017-10-02,-0.17021699300073678,0
4315,"David A Perdue , Jr",MRK,Purchase,Joint,Stock,8000.5,8.987384303086046,6,-0.2940881268943175,2017-10-02,-0.17021699300073678,0
4316,"David A Perdue , Jr",CZR,Purchase,Joint,Stock,8000.5,8.987384303086046,6,1.0208298486538412,2017-10-02,0.0881502217749508,1
4317,"David A Perdue , Jr",CZR,Purchase,Joint,Stock,32500.5,10.389041521098926,10,1.0208298486538412,2017-10-02,0.0881502217749508,1
4318,"David A Perdue , Jr",BAX,Sale (Partial),Joint,Stock,32500.5,10.389041521098926,10,-0.1110250403820306,2017-10-02,-0.00402780970313632,0
4320,"David A Perdue , Jr",MRK,Purchase,Joint,Stock,32500.5,10.389041521098926,10,-0.2940881268943175,2017-10-02,-0.17021699300073678,0
4321,"David A Perdue , Jr",MRK,Purchase,Joint,Stock,8000.5,8.987384303086046,11,-0.2940881268943175,2017-10-02,-0.17021699300073678,0
4322,"David A Perdue , Jr",ENTG,Sale (Partial),Joint,Stock,8000.5,8.987384303086046,14,1.3866739719443368,2017-10-02,0.05994183272933973,1
4323,"David A Perdue , Jr",ENTG,Sale (Partial),Joint,Stock,8000.5,8.987384303086046,17,1.3866739719443368,2017-10-02,0.05994183272933973,1
4328,"David A Perdue , Jr",SLB,Sale (Partial),Joint,Stock,32500.5,10.389041521098926,19,0.7419307163393307,2017-10-02,-0.0855615025928056,0
4329,"David A Perdue , Jr",MRK,Purchase,Joint,Stock,8000.5,8.987384303086046,20,-0.2940881268943175,2017-10-02,-0.17021699300073678,0
4331,"David A Perdue , Jr",MRK,Purchase,Joint,Stock,8000.5,8.987384303086046,21,-0.2940881268943175,2017-10-02,-0.17021699300073678,0
4334,"David A Perdue , Jr",BAX,Sale (Partial),Joint,Stock,8000.5,8.987384303086046,24,-0.1110250403820306,2017-10-02,-0.00402780970313632,0
4335,"David A Perdue , Jr",MRK,Purchase,Joint,Stock,32500.5,10.389041521098926,24,-0.2940881268943175,2017-10-02,-0.17021699300073678,0
4337,"David A Perdue , Jr",DIS,Purchase,Joint,Stock,32500.5,10.389041521098926,26,0.40231682881634356,2017-10-02,0.025049510864337377,1
4338,"David A Perdue , Jr",OKE,Sale (Partial),Joint,Stock,8000.5,8.987384303086046,27,-0.002768470148400268,2017-10-02,-0.08882605938902643,0
4339,"David A Perdue , Jr",TRP,Purchase,Joint,Stock,8000.5,8.987384303086046,31,-1.3842580129364093,2017-10-02,-0.018740672720581664,0
4340,"David A Perdue , Jr",CZR,Purchase,Joint,Stock,8000.5,8.987384303086046,34,1.0208298486538412,2017-10-02,0.0881502217749508,1
4240,Shelley M Capito,V,Purchase,Spouse,Stock,8000.5,8.987384303086046,28,0.512389428121411,2017-10-06,0.015231391512930514,1
4258,Shelley M Capito,JPM,Purchase,Spouse,Stock,8000.5,8.987384303086046,28,0.932288446865079,2017-10-06,-0.001132419246178351,0
4268,Shelley M Capito,ENB,Purchase,Spouse,Stock,8000.5,8.987384303086046,28,0.001712926245579772,2017-10-06,-0.16280047918355023,0
4271,Shelley M Capito,CVX,Purchase,Spouse,Stock,8000.5,8.987384303086046,28,0.19479446605980083,2017-10-06,-0.03354410763301263,0
3140,Sheldon Whitehouse,GILD,Sale (Full),Spouse,Stock,8000.5,8.987384303086046,22,-0.3994964146177761,2017-10-12,-0.13119616211195406,0
4230,Sheldon Whitehouse,QCOM,Sale (Full),Joint,Stock,8000.5,8.987384303086046,22,0.36810719032185263,2017-10-12,0.27772571827718573,1
4234,Sheldon Whitehouse,GILD,Sale (Partial),Self,Stock,32500.5,10.389041521098926,22,-0.3994964146177761,2017-10-12,-0.13119616211195406,0
4235,Sheldon Whitehouse,TJX,Sale (Full),Self,Stock,8000.5,8.987384303086046,22,-0.9284602963444858,2017-10-12,-0.035140601089721946,0
4213,Shelley M Capito,PFE,Purchase,Self,Stock,8000.5,8.987384303086046,41,0.04532052652921074,2017-10-16,-0.033304877163802815,0
4217,Shelley M Capito,MSFT,Purchase,Self,Stock,8000.5,8.987384303086046,41,1.0398312318137795,2017-10-16,0.06341832152213267,1
4218,Shelley M Capito,MRK,Purchase,Self,Stock,8000.5,8.987384303086046,41,-0.7807650814595146,2017-10-16,-0.16246719399958587,0
4221,Shelley M Capito,INTC,Purchase,Self,Stock,8000.5,8.987384303086046,41,0.9344704659490564,2017-10-16,0.09530830488695652,1
4223,Shelley M Capito,XOM,Purchase,Self,Stock,8000.5,8.987384303086046,41,0.6132575405132228,2017-10-16,-0.04345817745395375,0
4225,Shelley M Capito,CSCO,Purchase,Self,Stock,8000.5,8.987384303086046,41,0.10047490227244946,2017-10-16,0.09523368668815158,1
4228,Shelley M Capito,T,Purchase,Self,Stock,8000.5,8.987384303086046,41,-2.4294573622958775,2017-10-16,-0.05042715146761545,0
4209,Tammy Duckworth,INTC,Sale (Full),Joint,Stock,8000.5,8.987384303086046,32,0.8578937527151529,2017-10-17,0.0762089912538928,1
4129,"David A Perdue , Jr",GM,Sale (Partial),Joint,Stock,8000.5,8.987384303086046,1,-1.3435035077434259,2017-11-02,-0.07336106811939191,0
4130,"David A Perdue , Jr",QCOM,Sale (Partial),Joint,Stock,32500.5,10.389041521098926,2,0.7955850278148143,2017-11-02,0.14626117098918767,1
4132,"David A Perdue , Jr",COST,Purchase,Joint,Stock,8000.5,8.987384303086046,3,1.1699208665190863,2017-11-02,0.13378594073389194,1
4133,"David A Perdue , Jr",SLB,Purchase,Joint,Stock,8000.5,8.987384303086046,3,-0.8706966100356464,2017-11-02,-0.05296864463014084,0
4135,"David A Perdue , Jr",COP,Sale (Partial),Joint,Stock,8000.5,8.987384303086046,3,0.8871505899771001,2017-11-02,-0.0405357645085207,0
4136,"David A Perdue , Jr",MRK,Purchase,Joint,Stock,8000.5,8.987384303086046,3,-3.8401031211167655,2017-11-02,-0.01891621323848569,0
4138,"David A Perdue , Jr",GLW,Sale (Partial),Joint,Stock,8000.5,8.987384303086046,3,0.9489833821913642,2017-11-02,-0.01974591056231656,0
4139,"David A Perdue , Jr",MSFT,Sale (Partial),Joint,Stock,8000.5,8.987384303086046,6,1.9613767726927243,2017-11-02,-0.001315277900064249,0
4140,"David A Perdue , Jr",MRK,Purchase,Joint,Stock,32500.5,10.389041521098926,6,-3.8401031211167655,2017-11-02,-0.01891621323848569,0
4141,"David A Perdue , Jr",AXTA,Purchase,Joint,Stock,8000.5,8.987384303086046,7,2.1410342173366175,2017-11-02,-0.0886415559090119,0
4142,"David A Perdue , Jr",GLW,Sale (Partial),Joint,Stock,8000.5,8.987384303086046,8,0.9489833821913642,2017-11-02,-0.01974591056231656,0
4143,"David A Perdue , Jr",GLW,Sale (Partial),Joint,Stock,8000.5,8.987384303086046,10,0.9489833821913642,2017-11-02,-0.01974591056231656,0
4146,"David A Perdue , Jr",GLW,Sale (Partial),Joint,Stock,8000.5,8.987384303086046,13,0.9489833821913642,2017-11-02,-0.01974591056231656,0
4148,"David A Perdue , Jr",GM,Sale (Partial),Joint,Stock,8000.5,8.987384303086046,14,-1.3435035077434259,2017-11-02,-0.07336106811939191,0
4149,"David A Perdue , Jr",GM,Sale (Partial),Joint,Stock,8000.5,8.987384303086046,15,-1.3435035077434259,2017-11-02,-0.07336106811939191,0
4150,"David A Perdue , Jr",MRK,Purchase,Joint,Stock,8000.5,8.987384303086046,15,-3.8401031211167655,2017-11-02,-0.01891621323848569,0
4152,"David A Perdue , Jr",CZR,Purchase,Joint,Stock,8000.5,8.987384303086046,16,-0.09090462658491125,2017-11-02,0.2187826580782375,1
4153,"David A Perdue , Jr",GLW,Sale (Partial),Joint,Stock,8000.5,8.987384303086046,17,0.9489833821913642,2017-11-02,-0.01974591056231656,0
4155,"David A Perdue , Jr",LYV,Sale (Partial),Joint,Stock,8000.5,8.987384303086046,17,-1.1417273750622352,2017-11-02,0.007160202930645898,1
4156,"David A Perdue , Jr",ENTG,Sale (Partial),Joint,Stock,8000.5,8.987384303086046,20,0.9590597026020488,2017-11-02,-0.051924300001403134,0
4157,"David A Perdue , Jr",CZR,Purchase,Joint,Stock,8000.5,8.987384303086046,20,-0.09090462658491125,2017-11-02,0.2187826580782375,1
4158,"David A Perdue , Jr",BAC,Sale (Partial),Joint,Stock,8000.5,8.987384303086046,21,0.9367118438181185,2017-11-02,0.007351899706607545,1
4160,"David A Perdue , Jr",GM,Sale (Partial),Joint,Stock,8000.5,8.987384303086046,22,-1.3435035077434259,2017-11-02,-0.07336106811939191,0
4161,"David A Perdue , Jr",AXTA,Purchase,Joint,Stock,8000.5,8.987384303086046,23,2.1410342173366175,2017-11-02,-0.0886415559090119,0
4163,"David A Perdue , Jr",BAC,Sale (Partial),Joint,Stock,8000.5,8.987384303086046,24,0.9367118438181185,2017-11-02,0.007351899706607545,1
4164,"David A Perdue , Jr",AXTA,Purchase,Joint,Stock,8000.5,8.987384303086046,24,2.1410342173366175,2017-11-02,-0.0886415559090119,0
4165,"David A Perdue , Jr",LYV,Sale (Partial),Joint,Stock,8000.5,8.987384303086046,24,-1.1417273750622352,2017-11-02,0.007160202930645898,1
4166,"David A Perdue , Jr",GM,Sale (Partial),Joint,Stock,8000.5,8.987384303086046,24,-1.3435035077434259,2017-11-02,-0.07336106811939191,0
4167,"David A Perdue , Jr",BAC,Sale (Partial),Joint,Stock,8000.5,8.987384303086046,27,0.9367118438181185,2017-11-02,0.007351899706607545,1
4168,"David A Perdue , Jr",CZR,Purchase,Joint,Stock,8000.5,8.987384303086046,27,-0.09090462658491125,2017-11-02,0.2187826580782375,1
4169,"David A Perdue , Jr",GM,Sale (Partial),Joint,Stock,8000.5,8.987384303086046,27,-1.3435035077434259,2017-11-02,-0.07336106811939191,0
4173,"David A Perdue , Jr",SLB,Purchase,Joint,Stock,32500.5,10.389041521098926,28,-0.8706966100356464,2017-11-02,-0.05296864463014084,0
4174,"David A Perdue , Jr",GM,Sale (Partial),Joint,Stock,8000.5,8.987384303086046,28,-1.3435035077434259,2017-11-02,-0.07336106811939191,0
4176,"David A Perdue , Jr",MRK,Purchase,Joint,Stock,8000.5,8.987384303086046,28,-3.8401031211167655,2017-11-02,-0.01891621323848569,0
4181,"David A Perdue , Jr",LYV,Sale (Partial),Joint,Stock,8000.5,8.987384303086046,30,-1.1417273750622352,2017-11-02,0.007160202930645898,1
4183,"David A Perdue , Jr",LYV,Sale (Partial),Joint,Stock,8000.5,8.987384303086046,31,-1.1417273750622352,2017-11-02,0.007160202930645898,1
4185,"David A Perdue , Jr",GM,Sale (Partial),Joint,Stock,8000.5,8.987384303086046,31,-1.3435035077434259,2017-11-02,-0.07336106811939191,0
4186,"David A Perdue , Jr",AXTA,Purchase,Joint,Stock,8000.5,8.987384303086046,31,2.1410342173366175,2017-11-02,-0.0886415559090119,0
4122,William Cassidy,DIS,Purchase,Spouse,Stock,8000.5,8.987384303086046,9,0.07490674260324742,2017-11-03,0.08788337044448213,1
4123,William Cassidy,CVS,Purchase,Spouse,Stock,8000.5,8.987384303086046,9,-1.684106276259487,2017-11-03,-0.0027790747169267327,0
4124,William Cassidy,T,Purchase,Spouse,Stock,8000.5,8.987384303086046,9,-2.1483170527191424,2017-11-03,0.11723009219075542,1
4125,William Cassidy,ABT,Sale (Partial),Spouse,Stock,8000.5,8.987384303086046,10,0.21025144801606077,2017-11-03,-0.020959072156659042,0
4127,William Cassidy,TGT,Sale (Partial),Spouse,Stock,8000.5,8.987384303086046,17,-0.35291899292678375,2017-11-03,0.04178994789350665,1
4117,Pat Roberts,NVDA,Sale (Full),Spouse,Stock,32500.5,10.389041521098926,7,0.7192165589118192,2017-11-06,-0.09663674832202729,0
4118,Pat Roberts,NFLX,Sale (Full),Spouse,Stock,32500.5,10.389041521098926,7,0.22421821914369564,2017-11-06,-0.09764965456626773,0
4104,Shelley M Capito,MRK,Sale (Partial),Spouse,Stock,8000.5,8.987384303086046,12,-2.911666301271071,2017-11-07,-0.022964872699456906,0
4105,Shelley M Capito,BMY,Sale (Partial),Spouse,Stock,8000.5,8.987384303086046,12,-0.4473533088560596,2017-11-07,-0.04378735845536408,0
4106,Shelley M Capito,C,Sale (Partial),Spouse,Stock,8000.5,8.987384303086046,12,-0.2649302062180234,2017-11-07,-0.005500180060517668,0
4107,Shelley M Capito,GILD,Purchase,Spouse,Stock,8000.5,8.987384303086046,13,-1.5358093173149556,2017-11-07,-0.02139160209051716,0
4109,Shelley M Capito,JPM,Purchase,Spouse,Stock,8000.5,8.987384303086046,12,-0.24181782935445292,2017-11-07,0.04251632402003214,1
4113,Tammy Duckworth,ABT,Sale (Full),Joint,Stock,8000.5,8.987384303086046,20,0.037581021786650765,2017-11-07,0.0014009853408032402,1
4114,Tammy Duckworth,JNJ,Sale (Full),Joint,Stock,8000.5,8.987384303086046,21,-0.1084064405709286,2017-11-07,-0.022374208013820063,0
4092,James M Inhofe,PYPL,Purchase,Self,Stock,32500.5,10.389041521098926,16,1.3906316454249696,2017-11-08,-0.04271958743023141,0
4094,James M Inhofe,GE,Sale (Full),Self,Stock,75000.5,11.22526339231845,16,-2.4047380513799794,2017-11-08,-0.1643985603728798,0
4100,James M Inhofe,DIS,Sale (Full),Self,Stock,75000.5,11.22526339231845,26,0.874856209679117,2017-11-08,0.05023269373135908,1
4102,James M Inhofe,CVS,Sale (Full),Self,Stock,75000.5,11.22526339231845,28,-1.3646275959534915,2017-11-08,0.04920712561970042,1
4090,"Angus S King, Jr.",CSCO,Sale (Partial),Spouse,Stock,8000.5,8.987384303086046,25,-0.22014112895752852,2017-11-13,0.10098740716513088,1
4053,Pat Roberts,DVN,Purchase,Joint,Stock,8000.5,8.987384303086046,25,0.04135887541090657,2017-12-01,0.0611480388086203,1
4054,Pat Roberts,NVDA,Purchase,Spouse,Stock,32500.5,10.389041521098926,1,-0.8471930267139662,2017-12-01,0.07950022743763507,1
4055,Pat Roberts,TJX,Sale (Full),Spouse,Stock,8000.5,8.987384303086046,1,2.869578165652003,2017-12-01,-0.04096265789635001,0
4056,Pat Roberts,XOM,Sale (Full),Spouse,Stock,8000.5,8.987384303086046,1,0.6367085725946818,2017-12-01,-0.002889197295431245,0
4058,Pat Roberts,CVX,Purchase,Spouse,Stock,8000.5,8.987384303086046,24,0.8135196395095383,2017-12-01,0.05023584343306875,1
4059,Pat Roberts,AMZN,Purchase,Spouse,Stock,8000.5,8.987384303086046,24,0.3327033896215605,2017-12-01,0.056835721541998785,1
4060,Pat Roberts,AAPL,Purchase,Spouse,Stock,32500.5,10.389041521098926,23,-0.28634722535530643,2017-12-01,-0.010224245443351432,0
4062,Pat Roberts,NFLX,Purchase,Spouse,Stock,32500.5,10.389041521098926,23,-0.5839328892381539,2017-12-01,0.10693577051738545,1
4063,Pat Roberts,NFLX,Purchase,Spouse,Stock,8000.5,8.987384303086046,24,-0.5839328892381539,2017-12-01,0.10693577051738545,1
4066,Pat Roberts,NVDA,Purchase,Spouse,Stock,32500.5,10.389041521098926,64,-0.8471930267139662,2017-12-01,0.07950022743763507,1
4068,Pat Roberts,AAPL,Purchase,Spouse,Stock,8000.5,8.987384303086046,65,-0.28634722535530643,2017-12-01,-0.010224245443351432,0
4020,"David A Perdue , Jr",AXTA,Sale (Partial),Joint,Stock,8000.5,8.987384303086046,6,-0.70059642585904,2017-12-06,-0.11530889154630475,0
4021,"David A Perdue , Jr",RF,Purchase,Joint,Stock,8000.5,8.987384303086046,6,1.168524283305978,2017-12-06,0.06794846627074436,1
4032,"David A Perdue , Jr",URBN,Sale (Partial),Joint,Stock,8000.5,8.987384303086046,21,1.8333888422325546,2017-12-06,0.0014806240331688425,1
4033,"David A Perdue , Jr",WMT,Sale (Full),Joint,Stock,32500.5,10.389041521098926,22,0.8172351355640397,2017-12-06,0.010097439272763964,1
4034,"David A Perdue , Jr",GM,Sale (Partial),Joint,Stock,8000.5,8.987384303086046,23,-0.7967813616947151,2017-12-06,-0.046840748500120544,0
4039,"David A Perdue , Jr",ENTG,Sale (Partial),Joint,Stock,8000.5,8.987384303086046,26,-1.3252607993318424,2017-12-06,0.1123909550236466,1
4040,"David A Perdue , Jr",QCOM,Sale (Full),Joint,Stock,32500.5,10.389041521098926,29,-0.4636387600202436,2017-12-06,-0.017100375558064318,0
4042,"David A Perdue , Jr",SLB,Sale (Partial),Joint,Stock,8000.5,8.987384303086046,30,-0.5008031612261628,2017-12-06,0.21159715550447356,1
4043,"David A Perdue , Jr",URBN,Sale (Partial),Joint,Stock,8000.5,8.987384303086046,30,1.8333888422325546,2017-12-06,0.0014806240331688425,1
4045,"David A Perdue , Jr",GM,Sale (Partial),Joint,Stock,8000.5,8.987384303086046,34,-0.7967813616947151,2017-12-06,-0.046840748500120544,0
4049,"David A Perdue , Jr",ENTG,Sale (Partial),Joint,Stock,8000.5,8.987384303086046,34,-1.3252607993318424,2017-12-06,0.1123909550236466,1
4004,Tammy Duckworth,GS,Sale (Full),Joint,Stock,8000.5,8.987384303086046,11,0.9259107114138948,2017-12-11,0.011762889043399616,1
4006,Sheldon Whitehouse,JPM,Purchase,Spouse,Stock,8000.5,8.987384303086046,14,1.2982285555426234,2017-12-11,0.031638619473758345,1
4007,Sheldon Whitehouse,GE,Sale (Full),Spouse,Stock,8000.5,8.987384303086046,14,-0.7824728094628403,2017-12-11,-0.14708392409230742,0
4008,Sheldon Whitehouse,IBM,Purchase,Spouse,Stock,8000.5,8.987384303086046,14,0.7377180695296058,2017-12-11,0.0009341590742162342,1
4012,Sheldon Whitehouse,MRK,Sale (Full),Self,Stock,32500.5,10.389041521098926,14,0.8521925465883072,2017-12-11,0.02423916111610347,1
4013,Sheldon Whitehouse,WMT,Purchase,Self,Stock,8000.5,8.987384303086046,14,0.3011405076306341,2017-12-11,0.035964859363854185,1
4000,William Cassidy,SLB,Sale (Full),Spouse,Stock,8000.5,8.987384303086046,35,0.7024561446043583,2017-12-12,0.13503681171620996,1
4001,William Cassidy,QCOM,Sale (Full),Spouse,Stock,8000.5,8.987384303086046,35,-0.4789226621685862,2017-12-12,-0.017635030079283798,0
4002,William Cassidy,XOM,Purchase,Spouse,Stock,8000.5,8.987384303086046,35,0.39149987967046396,2017-12-12,0.00118030385731549,1
4003,William Cassidy,IBM,Purchase,Spouse,Stock,8000.5,8.987384303086046,25,0.9432060597248829,2017-12-12,-0.006590444374616977,0
3997,James M Inhofe,XOM,Purchase,Self,Stock,75000.5,11.22526339231845,30,0.5490156818081152,2017-12-13,-0.00838587032284921,0
3989,"Angus S King, Jr.",SLB,Purchase,Spouse,Stock,8000.5,8.987384303086046,22,0.9703319612616113,2017-12-20,0.10459327109030236,1
3990,"Angus S King, Jr.",COP,Purchase,Spouse,Stock,8000.5,8.987384303086046,22,1.146258501682313,2017-12-20,0.04276125381756901,1
3991,"Angus S King, Jr.",PG,Sale (Full),Spouse,Stock,8000.5,8.987384303086046,33,0.6254641085043,2017-12-20,-0.10277953447143084,0
3984,Patrick J Toomey,GE,Purchase,Self,Stock,32500.5,10.389041521098926,15,-0.7376657779061873,2017-12-21,-0.1317229282419331,0
3970,Pat Roberts,BAC,Purchase,Spouse,Stock,8000.5,8.987384303086046,10,0.8810702467194422,2017-12-23,0.03443655865662065,1
3971,Pat Roberts,SBUX,Sale (Full),Spouse,Stock,32500.5,10.389041521098926,16,-0.6254166600666687,2017-12-23,-0.023198158121274015,0
3976,Pat Roberts,NVDA,Purchase,Spouse,Stock,8000.5,8.987384303086046,16,0.034209027959446345,2017-12-23,0.13748162544200448,1
3977,Pat Roberts,NVDA,Purchase,Spouse,Stock,8000.5,8.987384303086046,22,0.034209027959446345,2017-12-23,0.13748162544200448,1
3925,"David A Perdue , Jr",CZR,Purchase,Joint,Stock,8000.5,8.987384303086046,1,-0.5064008720095955,2018-01-04,0.04291485150920482,1
3926,"David A Perdue , Jr",RF,Purchase,Joint,Stock,8000.5,8.987384303086046,1,0.400751628158266,2018-01-04,0.10337131763821938,1
3928,"David A Perdue , Jr",SYY,Sale (Partial),Joint,Stock,8000.5,8.987384303086046,2,-0.10237640588832798,2018-01-04,-0.019329333236727475,0
3929,"David A Perdue , Jr",URBN,Sale (Partial),Joint,Stock,8000.5,8.987384303086046,2,0.1301229407195441,2018-01-04,0.024462896158876868,1
3930,"David A Perdue , Jr",SYY,Sale (Partial),Joint,Stock,8000.5,8.987384303086046,6,-0.10237640588832798,2018-01-04,-0.019329333236727475,0
3931,"David A Perdue , Jr",SYY,Sale (Partial),Joint,Stock,8000.5,8.987384303086046,7,-0.10237640588832798,2018-01-04,-0.019329333236727475,0
3932,"David A Perdue , Jr",PYPL,Purchase,Joint,Stock,8000.5,8.987384303086046,9,0.8227470071189937,2018-01-04,0.015851014317549872,1
3940,"David A Perdue , Jr",CSCO,Sale (Partial),Joint,Stock,8000.5,8.987384303086046,14,0.5484164941018244,2018-01-04,0.13143556777753385,1
3942,"David A Perdue , Jr",AXTA,Purchase,Joint,Stock,8000.5,8.987384303086046,21,0.15341997948109826,2018-01-04,-0.0570434716963949,0
3943,"David A Perdue , Jr",AXTA,Purchase,Joint,Stock,32500.5,10.389041521098926,21,0.15341997948109826,2018-01-04,-0.0570434716963949,0
3944,"David A Perdue , Jr",COP,Sale (Full),Joint,Stock,32500.5,10.389041521098926,22,1.2649628001371673,2018-01-04,-0.04658246117587739,0
3945,"David A Perdue , Jr",XOM,Sale (Partial),Joint,Stock,32500.5,10.389041521098926,22,1.5538216929159758,2018-01-04,-0.12392850826367441,0
3947,"David A Perdue , Jr",SPY,Purchase,Joint,Stock,32500.5,10.389041521098926,22,0.984767862726117,2018-01-04,0.0,0
3949,"David A Perdue , Jr",MRK,Sale (Partial),Joint,Stock,175000.5,12.072549824297488,22,0.5744875876338712,2018-01-04,-0.018844312381793515,0
3951,"David A Perdue , Jr",SPY,Purchase,Joint,Stock,750000.5,13.527830485510494,22,0.984767862726117,2018-01-04,0.0,0
3954,"David A Perdue , Jr",MOS,Sale (Full),Joint,Stock,175000.5,12.072549824297488,22,1.264509261767385,2018-01-04,-0.05734959726134492,0
3955,"David A Perdue , Jr",SPY,Purchase,Joint,Stock,175000.5,12.072549824297488,22,0.984767862726117,2018-01-04,0.0,0
3956,"David A Perdue , Jr",MOS,Purchase,Joint,Stock,8000.5,8.987384303086046,23,1.264509261767385,2018-01-04,-0.05734959726134492,0
3963,"David A Perdue , Jr",AMZN,Purchase,Joint,Stock,32500.5,10.389041521098926,31,0.6011477593896327,2018-01-04,0.19214769119774133,1
3964,"David A Perdue , Jr",PYPL,Purchase,Joint,Stock,8000.5,8.987384303086046,31,0.8227470071189937,2018-01-04,0.015851014317549872,1
3965,"David A Perdue , Jr",GPK,Sale (Partial),Joint,Stock,32500.5,10.389041521098926,31,0.8137387601805899,2018-01-04,-0.04666190087412059,0
3916,John Hoeven,AMZN,Purchase,Self,Stock,75000.5,11.22526339231845,11,1.1355380489126956,2018-01-09,0.20079069170567865,1
3791,Patrick J Toomey,PFS,Sale (Full),Self,Stock,8000.5,8.987384303086046,5,0.4385917643180837,2018-01-10,-0.06161568601341172,0
3793,Patrick J Toomey,PFS,Sale (Full),Self,Stock,8000.5,8.987384303086046,2,0.4385917643180837,2018-01-10,-0.06161568601341172,0
3903,Shelley M Capito,ENB,Purchase,Spouse,Stock,8000.5,8.987384303086046,22,-0.1354842433630303,2018-01-10,-0.14004818027448218,0
3910,Patrick J Toomey,GE,Purchase,Self,Stock,8000.5,8.987384303086046,34,1.9165647907243513,2018-01-10,-0.2367006352393416,0
3895,William Cassidy,AAPL,Sale (Partial),Spouse,Stock,8000.5,8.987384303086046,18,0.396988739390805,2018-01-16,0.030161924743874025,1
3898,John F Reed,PEP,Sale (Full),Joint,Stock,8000.5,8.987384303086046,5,-0.24617255701159035,2018-01-16,-0.049772239468889534,0
3893,James M Inhofe,DAL,Purchase,Self,Stock,175000.5,12.072549824297488,22,1.1994092809449604,2018-01-17,-0.0640695285551024,0
3881,Pat Roberts,DVN,Purchase,Spouse,Stock,8000.5,8.987384303086046,26,0.020614996293233302,2018-01-29,-0.21528830126063703,0
3883,Pat Roberts,AMZN,Purchase,Spouse,Stock,8000.5,8.987384303086046,4,2.087135170734468,2018-01-29,0.14822801461597945,1
3885,Pat Roberts,BAC,Purchase,Spouse,Stock,8000.5,8.987384303086046,24,0.9562921842360507,2018-01-29,0.030439561882322885,1
3887,Pat Roberts,JPM,Purchase,Spouse,Stock,32500.5,10.389041521098926,25,1.2747264024433413,2018-01-29,0.02839150919174982,1
3832,"David A Perdue , Jr",URBN,Sale (Partial),Joint,Stock,8000.5,8.987384303086046,1,-0.22794043760160082,2018-02-01,0.09301438307460252,1
3833,"David A Perdue , Jr",GLW,Purchase,Joint,Stock,8000.5,8.987384303086046,1,-1.923805502495798,2018-02-01,-0.04289783146998194,0
3834,"David A Perdue , Jr",ENB,Sale (Full),Joint,Stock,8000.5,8.987384303086046,2,-2.884904374760685,2018-02-01,-0.09425931997930548,0
3835,"David A Perdue , Jr",ENB,Sale (Partial),Joint,Stock,32500.5,10.389041521098926,2,-2.884904374760685,2018-02-01,-0.09425931997930548,0
3836,"David A Perdue , Jr",URBN,Sale (Partial),Joint,Stock,8000.5,8.987384303086046,2,-0.22794043760160082,2018-02-01,0.09301438307460252,1
3838,"David A Perdue , Jr",URBN,Sale (Partial),Joint,Stock,8000.5,8.987384303086046,3,-0.22794043760160082,2018-02-01,0.09301438307460252,1
3843,"David A Perdue , Jr",PG,Purchase,Joint,Stock,75000.5,11.22526339231845,8,-2.0681048087225804,2018-02-01,-0.05393059008861445,0
3844,"David A Perdue , Jr",JNJ,Purchase,Joint,Stock,8000.5,8.987384303086046,8,-1.2898402461302014,2018-02-01,-0.019070169235281487,0
3845,"David A Perdue , Jr",DVN,Purchase,Joint,Stock,8000.5,8.987384303086046,8,-0.3187171634394339,2018-02-01,-0.21680367569151582,0
3846,"David A Perdue , Jr",URBN,Sale (Partial),Joint,Stock,8000.5,8.987384303086046,9,-0.22794043760160082,2018-02-01,0.09301438307460252,1
3852,"David A Perdue , Jr",COP,Purchase,Joint,Stock,32500.5,10.389041521098926,16,0.09026476566485198,2018-02-01,-0.04826427554670398,0
3854,"David A Perdue , Jr",SPY,Sale (Full),Joint,Stock,32500.5,10.389041521098926,16,0.475119337265871,2018-02-01,0.0,0
3855,"David A Perdue , Jr",XOM,Purchase,Joint,Stock,32500.5,10.389041521098926,16,0.7121559300374002,2018-02-01,-0.1304091982777401,0
3856,"David A Perdue , Jr",MRK,Purchase,Joint,Stock,175000.5,12.072549824297488,16,0.044348934079413066,2018-02-01,-0.043787519375776185,0
3859,"David A Perdue , Jr",SPY,Sale (Partial),Joint,Stock,750000.5,13.527830485510494,16,0.475119337265871,2018-02-01,0.0,0
3861,"David A Perdue , Jr",MOS,Purchase,Joint,Stock,175000.5,12.072549824297488,16,0.09400195804534821,2018-02-01,-0.002447352345969045,0
3863,"David A Perdue , Jr",ENB,Sale (Partial),Joint,Stock,8000.5,8.987384303086046,27,-2.884904374760685,2018-02-01,-0.09425931997930548,0
3864,"David A Perdue , Jr",TRP,Sale (Partial),Joint,Stock,8000.5,8.987384303086046,27,-2.3786987116176603,2018-02-01,-0.031160623341967786,0
3866,"David A Perdue , Jr",WMB,Sale (Partial),Joint,Stock,8000.5,8.987384303086046,27,-0.31908391050697926,2018-02-01,-0.11488936399484728,0
3867,"David A Perdue , Jr",KMI,Sale (Partial),Joint,Stock,8000.5,8.987384303086046,27,-0.882299322136816,2018-02-01,-0.06515294979846775,0
3868,"David A Perdue , Jr",OKE,Purchase,Joint,Stock,8000.5,8.987384303086046,27,0.32575571834328015,2018-02-01,-0.006097508376863514,0
3869,"David A Perdue , Jr",CSCO,Sale (Partial),Joint,Stock,8000.5,8.987384303086046,27,0.4505279441332692,2018-02-01,0.10558559682850321,1
3870,"David A Perdue , Jr",URBN,Sale (Partial),Joint,Stock,8000.5,8.987384303086046,27,-0.22794043760160082,2018-02-01,0.09301438307460252,1
3873,"David A Perdue , Jr",URBN,Sale (Partial),Joint,Stock,8000.5,8.987384303086046,28,-0.22794043760160082,2018-02-01,0.09301438307460252,1
3796,Patrick J Toomey,BAC,Sale (Full),Self,Stock,32500.5,10.389041521098926,33,-0.24849388818860627,2018-02-07,-0.007456251113584389,0
3768,Shelley M Capito,GE,Sale (Partial),Spouse,Stock,8000.5,8.987384303086046,37,-2.4626481496238486,2018-02-10,-0.07525367446388698,0
3770,Shelley M Capito,PG,Sale (Full),Spouse,Stock,8000.5,8.987384303086046,37,-3.754916576115354,2018-02-10,-0.025662548099349092,0
3772,Shelley M Capito,MSFT,Sale (Partial),Spouse,Stock,8000.5,8.987384303086046,37,-1.0062085796646758,2018-02-10,0.021678533592547122,1
3773,Shelley M Capito,MRK,Sale (Full),Spouse,Stock,8000.5,8.987384303086046,37,-2.805891398952421,2018-02-10,-0.012444601166847757,0
3774,Shelley M Capito,IBM,Sale (Partial),Spouse,Stock,8000.5,8.987384303086046,37,-2.6205544762436057,2018-02-10,0.02123244928303425,1
3775,Shelley M Capito,INTC,Sale (Full),Spouse,Stock,32500.5,10.389041521098926,37,-1.100303298544035,2018-02-10,0.1597330428987307,1
3776,Shelley M Capito,XOM,Sale (Partial),Spouse,Stock,8000.5,8.987384303086046,37,-4.302467300349069,2018-02-10,-0.017728957377066146,0
3777,Shelley M Capito,KO,Sale (Partial),Spouse,Stock,8000.5,8.987384303086046,37,-3.7199469804325997,2018-02-10,-0.006698406253023981,0
3778,Shelley M Capito,C,Sale (Full),Spouse,Stock,32500.5,10.389041521098926,37,-1.2868539382767605,2018-02-10,-0.06881357379291253,0
3779,Shelley M Capito,CSCO,Sale (Partial),Spouse,Stock,8000.5,8.987384303086046,37,-1.1891744483344915,2018-02-10,0.06909541032828326,1
3780,Shelley M Capito,BMY,Sale (Partial),Spouse,Stock,8000.5,8.987384303086046,37,0.002595256360332265,2018-02-10,0.005989232000821909,1
3781,Shelley M Capito,SLB,Purchase,Spouse,Stock,8000.5,8.987384303086046,15,-3.579804994028863,2018-02-10,-0.01744425939594285,0
3783,Shelley M Capito,INTC,Purchase,Spouse,Stock,8000.5,8.987384303086046,15,-1.100303298544035,2018-02-10,0.1597330428987307,1
3757,William Cassidy,AAPL,Sale (Partial),Spouse,Stock,8000.5,8.987384303086046,13,-0.5528541470739289,2018-02-13,0.036217319884348065,1
3759,Sheldon Whitehouse,C,Purchase,Spouse,Stock,8000.5,8.987384303086046,36,-0.6643894661120711,2018-02-13,-0.06885019291896988,0
3760,Sheldon Whitehouse,WMT,Purchase,Spouse,Stock,8000.5,8.987384303086046,36,-1.1188781019954313,2018-02-13,-0.10762245497213463,0
3761,Sheldon Whitehouse,BIIB,Sale (Full),Joint,Stock,8000.5,8.987384303086046,36,-1.4124532072953098,2018-02-13,-0.1193010200008815,0
3762,Sheldon Whitehouse,V,Sale (Partial),Joint,Stock,8000.5,8.987384303086046,27,-1.0076402971338032,2018-02-13,0.01170419464868433,1
3763,Sheldon Whitehouse,COST,Sale (Full),Joint,Stock,32500.5,10.389041521098926,27,-1.1623033181157945,2018-02-13,0.02026318349182432,1
3764,Sheldon Whitehouse,GE,Sale (Full),Joint,Stock,32500.5,10.389041521098926,13,-2.3218755933867414,2018-02-13,-0.04428914667618311,0
3766,Sheldon Whitehouse,USB,Sale (Full),Self,Stock,8000.5,8.987384303086046,27,-1.3787327358164185,2018-02-13,-0.05197992700980647,0
3753,John Hoeven,WMT,Purchase,Self,Stock,175000.5,12.072549824297488,1,-4.078214988159916,2018-02-21,-0.024207346716411338,0
3745,James M Inhofe,GILD,Sale (Partial),Self,Stock,75000.5,11.22526339231845,4,0.05513174877429756,2018-02-26,-0.03689319254942813,0
3748,James M Inhofe,MSFT,Purchase,Self,Stock,32500.5,10.389041521098926,17,1.3823681281024507,2018-02-26,0.019260646375123924,1
3712,Pat Roberts,WMT,Purchase,Spouse,Stock,8000.5,8.987384303086046,11,-3.0969632819263846,2018-03-03,-0.0157684807795615,0
3714,Pat Roberts,WMT,Purchase,Spouse,Stock,8000.5,8.987384303086046,17,-3.0969632819263846,2018-03-03,-0.0157684807795615,0
3716,Pat Roberts,AMZN,Sale (Full),Spouse,Stock,8000.5,8.987384303086046,26,0.7476267554763376,2018-03-03,-0.005634496236865627,0
3719,Pat Roberts,NFLX,Purchase,Spouse,Stock,75000.5,11.22526339231845,26,1.3563136684099362,2018-03-03,0.07420491933655071,1
3720,Pat Roberts,BA,Purchase,Spouse,Stock,75000.5,11.22526339231845,26,-0.33384219817787547,2018-03-03,-0.03809513635290551,0
3721,Pat Roberts,BAC,Purchase,Spouse,Stock,8000.5,8.987384303086046,26,0.0797096392041254,2018-03-03,-0.05770043565526972,0
3722,Pat Roberts,BAC,Sale (Full),Spouse,Stock,32500.5,10.389041521098926,26,0.0797096392041254,2018-03-03,-0.05770043565526972,0
3724,Pat Roberts,NFLX,Sale (Full),Spouse,Stock,75000.5,11.22526339231845,26,1.3563136684099362,2018-03-03,0.07420491933655071,1
3725,Pat Roberts,BA,Sale (Full),Spouse,Stock,32500.5,10.389041521098926,26,-0.33384219817787547,2018-03-03,-0.03809513635290551,0
3727,Pat Roberts,AAPL,Purchase,Spouse,Stock,32500.5,10.389041521098926,26,1.284082055751817,2018-03-03,0.015378563512562837,1
3728,Pat Roberts,AMZN,Purchase,Spouse,Stock,32500.5,10.389041521098926,26,0.7476267554763376,2018-03-03,-0.005634496236865627,0
3729,Pat Roberts,NVDA,Purchase,Spouse,Stock,32500.5,10.389041521098926,26,0.02767408552307433,2018-03-03,0.015368142494000758,1
3732,Pat Roberts,AAPL,Sale (Full),Spouse,Stock,75000.5,11.22526339231845,26,1.284082055751817,2018-03-03,0.015378563512562837,1
3733,Pat Roberts,NVDA,Sale (Full),Spouse,Stock,32500.5,10.389041521098926,26,0.02767408552307433,2018-03-03,0.015368142494000758,1
3735,Pat Roberts,COST,Sale (Full),Spouse,Stock,32500.5,10.389041521098926,26,0.46448760863703487,2018-03-03,0.03095342978567006,1
3665,"David A Perdue , Jr",CSCO,Sale (Partial),Joint,Stock,8000.5,8.987384303086046,5,1.3698649521990156,2018-03-05,0.008920128623260415,1
3670,"David A Perdue , Jr",DVN,Purchase,Joint,Stock,8000.5,8.987384303086046,10,-0.6416226040627971,2018-03-05,0.06016026553485976,1
3671,"David A Perdue , Jr",PFE,Sale (Partial),Joint,Stock,8000.5,8.987384303086046,10,0.6429865410176925,2018-03-05,0.013161780706769988,1
3672,"David A Perdue , Jr",URBN,Sale (Partial),Joint,Stock,8000.5,8.987384303086046,11,0.5483176362686053,2018-03-05,0.09374033143288674,1
3673,"David A Perdue , Jr",KN,Sale (Partial),Joint,Stock,8000.5,8.987384303086046,11,0.3279270862102121,2018-03-05,-0.16539818751233404,0
3674,"David A Perdue , Jr",DVN,Purchase,Joint,Stock,8000.5,8.987384303086046,12,-0.6416226040627971,2018-03-05,0.06016026553485976,1
3675,"David A Perdue , Jr",UPS,Purchase,Joint,Stock,8000.5,8.987384303086046,13,-0.455646370533213,2018-03-05,0.04241064910869852,1
3676,"David A Perdue , Jr",KN,Sale (Partial),Joint,Stock,8000.5,8.987384303086046,17,0.3279270862102121,2018-03-05,-0.16539818751233404,0
3677,"David A Perdue , Jr",KN,Sale (Partial),Joint,Stock,8000.5,8.987384303086046,19,0.3279270862102121,2018-03-05,-0.16539818751233404,0
3678,"David A Perdue , Jr",XOM,Sale (Partial),Joint,Stock,32500.5,10.389041521098926,20,-0.15746153675818544,2018-03-05,0.03435718669403476,1
3679,"David A Perdue , Jr",UPS,Purchase,Joint,Stock,32500.5,10.389041521098926,20,-0.455646370533213,2018-03-05,0.04241064910869852,1
3681,"David A Perdue , Jr",BAC,Sale (Partial),Joint,Stock,8000.5,8.987384303086046,21,0.4536998922794652,2018-03-05,-0.05770043565526972,0
3683,"David A Perdue , Jr",KN,Sale (Partial),Joint,Stock,8000.5,8.987384303086046,21,0.3279270862102121,2018-03-05,-0.16539818751233404,0
3685,"David A Perdue , Jr",UPS,Purchase,Joint,Stock,32500.5,10.389041521098926,21,-0.455646370533213,2018-03-05,0.04241064910869852,1
3688,"David A Perdue , Jr",XOM,Sale (Partial),Joint,Stock,32500.5,10.389041521098926,24,-0.15746153675818544,2018-03-05,0.03435718669403476,1
3689,"David A Perdue , Jr",URBN,Sale (Partial),Joint,Stock,8000.5,8.987384303086046,24,0.5483176362686053,2018-03-05,0.09374033143288674,1
3690,"David A Perdue , Jr",UPS,Purchase,Joint,Stock,75000.5,11.22526339231845,24,-0.455646370533213,2018-03-05,0.04241064910869852,1
3693,"David A Perdue , Jr",RF,Purchase,Joint,Stock,8000.5,8.987384303086046,25,0.6705764284495478,2018-03-05,-0.08240871345881995,0
3696,"David A Perdue , Jr",AXTA,Purchase,Joint,Stock,8000.5,8.987384303086046,27,0.5507647428376387,2018-03-05,0.03685289384580759,1
3697,"David A Perdue , Jr",DVN,Purchase,Joint,Stock,8000.5,8.987384303086046,27,-0.6416226040627971,2018-03-05,0.06016026553485976,1
3700,"David A Perdue , Jr",GLW,Purchase,Joint,Stock,8000.5,8.987384303086046,27,-0.3878285702738638,2018-03-05,-0.03177958745019838,0
3701,"David A Perdue , Jr",URBN,Sale (Partial),Joint,Stock,8000.5,8.987384303086046,27,0.5483176362686053,2018-03-05,0.09374033143288674,1
3702,"David A Perdue , Jr",RF,Purchase,Joint,Stock,8000.5,8.987384303086046,27,0.6705764284495478,2018-03-05,-0.08240871345881995,0
3706,"David A Perdue , Jr",GLW,Purchase,Joint,Stock,32500.5,10.389041521098926,28,-0.3878285702738638,2018-03-05,-0.03177958745019838,0
3707,"David A Perdue , Jr",GLW,Purchase,Joint,Stock,8000.5,8.987384303086046,28,-0.3878285702738638,2018-03-05,-0.03177958745019838,0
3708,"David A Perdue , Jr",URBN,Sale (Partial),Joint,Stock,8000.5,8.987384303086046,28,0.5483176362686053,2018-03-05,0.09374033143288674,1
3711,"David A Perdue , Jr",DVN,Purchase,Joint,Stock,8000.5,8.987384303086046,31,-0.6416226040627971,2018-03-05,0.06016026553485976,1
3660,Sheldon Whitehouse,NVDA,Purchase,Joint,Stock,8000.5,8.987384303086046,20,0.19794816390756767,2018-03-07,-0.03866706559089439,0
3661,Sheldon Whitehouse,C,Purchase,Self,Stock,8000.5,8.987384303086046,27,-0.527570623056594,2018-03-07,-0.034981899028476926,0
3634,John F Reed,QCOM,Sale (Partial),Joint,Stock,8000.5,8.987384303086046,3,-0.5600267412305394,2018-03-12,-0.14910887771210857,0
3636,John F Reed,INTC,Sale (Partial),Joint,Stock,8000.5,8.987384303086046,3,1.8970328595805257,2018-03-12,0.054436149577913095,1
3641,John F Reed,FDX,Sale (Partial),Joint,Stock,8000.5,8.987384303086046,3,0.23974456037631545,2018-03-12,0.05181981314732864,1
3642,John F Reed,DHR,Sale (Partial),Joint,Stock,8000.5,8.987384303086046,3,2.10045631245811,2018-03-12,0.02387997135481723,1
3643,John F Reed,COST,Sale (Partial),Joint,Stock,8000.5,8.987384303086046,3,0.15269862946751506,2018-03-12,0.07237613237484741,1
3644,John F Reed,CSCO,Sale (Partial),Joint,Stock,8000.5,8.987384303086046,3,1.1251877571730782,2018-03-12,0.016058338989186738,1
3645,John F Reed,CVS,Sale (Partial),Joint,Stock,8000.5,8.987384303086046,3,0.09018124503270725,2018-03-12,0.020872312305631024,1
3646,John F Reed,AAPL,Sale (Partial),Joint,Stock,8000.5,8.987384303086046,3,1.1801196697374121,2018-03-12,-0.04755096002934589,0
3648,John F Reed,AMGN,Sale (Partial),Joint,Stock,8000.5,8.987384303086046,3,0.6807748646638669,2018-03-12,-0.03591144876927488,0
3624,John Hoeven,WMT,Purchase,Self,Stock,75000.5,11.22526339231845,8,-1.664389722448921,2018-03-13,0.03450689102584237,1
3625,John Hoeven,CAT,Purchase,Self,Stock,75000.5,11.22526339231845,8,-0.33679315732067966,2018-03-13,-0.008002014149058101,0
3622,John Hoeven,UPS,Purchase,Self,Stock,75000.5,11.22526339231845,2,-0.7647713069513523,2018-03-29,0.06623451774914368,1
3609,"David A Perdue , Jr",URBN,Sale (Full),Joint,Stock,8000.5,8.987384303086046,3,0.9821224284411544,2018-04-05,0.08522899551464902,1
3610,"David A Perdue , Jr",URBN,Sale (Partial),Joint,Stock,8000.5,8.987384303086046,3,0.9821224284411544,2018-04-05,0.08522899551464902,1
3611,"David A Perdue , Jr",CZR,Purchase,Joint,Stock,8000.5,8.987384303086046,3,0.4279874031969473,2018-04-05,0.2224990706271761,1
3613,"David A Perdue , Jr",URBN,Sale (Partial),Joint,Stock,8000.5,8.987384303086046,7,0.9821224284411544,2018-04-05,0.08522899551464902,1
3614,"David A Perdue , Jr",DVN,Purchase,Joint,Stock,8000.5,8.987384303086046,9,0.13277741781329405,2018-04-05,0.287881436449577,1
3615,"David A Perdue , Jr",URBN,Sale (Partial),Joint,Stock,8000.5,8.987384303086046,16,0.9821224284411544,2018-04-05,0.08522899551464902,1
3616,"David A Perdue , Jr",ENTG,Sale (Partial),Joint,Stock,8000.5,8.987384303086046,16,-0.6384974456080601,2018-04-05,0.037979784243942216,1
3618,"David A Perdue , Jr",WMB,Sale (Partial),Joint,Stock,32500.5,10.389041521098926,23,-0.6850121879512505,2018-04-05,0.1054557252334154,1
3619,"David A Perdue , Jr",URBN,Sale (Partial),Joint,Stock,8000.5,8.987384303086046,30,0.9821224284411544,2018-04-05,0.08522899551464902,1
3608,Shelley M Capito,WFC,Sale (Partial),Spouse,Stock,32500.5,10.389041521098926,10,-1.0972339679886889,2018-04-07,-0.0035668485890050228,0
3581,"David A Perdue , Jr",GLW,Purchase,Joint,Stock,8000.5,8.987384303086046,6,-0.4747845802686902,2018-05-01,0.01711945634693479,1
3582,"David A Perdue , Jr",C,Purchase,Joint,Stock,8000.5,8.987384303086046,7,-0.557731057322097,2018-05-01,-0.0633148724664816,0
3584,"David A Perdue , Jr",MRK,Purchase,Joint,Stock,8000.5,8.987384303086046,7,0.15436361734906512,2018-05-01,0.03026119255765991,1
3586,"David A Perdue , Jr",PG,Purchase,Joint,Stock,32500.5,10.389041521098926,11,-2.4787603597977848,2018-05-01,0.013424786284215173,1
3587,"David A Perdue , Jr",PEP,Purchase,Joint,Stock,32500.5,10.389041521098926,11,-3.3322862944652947,2018-05-01,0.01268991189711266,1
3564,John Hoeven,IBM,Purchase,Self,Stock,75000.5,11.22526339231845,21,-1.1839455690386438,2018-05-09,-0.027124551564809973,0
3565,Pat Roberts,NVDA,Purchase,Spouse,Stock,8000.5,8.987384303086046,14,1.3902572147251508,2018-05-09,-0.012388256781060036,0
3566,Pat Roberts,CVX,Sale (Full),Spouse,Stock,8000.5,8.987384303086046,28,1.1730321336826715,2018-05-09,-0.06521087445329565,0
3567,Pat Roberts,NFLX,Purchase,Spouse,Stock,32500.5,10.389041521098926,14,0.5266385288086654,2018-05-09,0.24017758532994282,1
3568,Pat Roberts,NFLX,Purchase,Spouse,Stock,32500.5,10.389041521098926,16,0.5266385288086654,2018-05-09,0.24017758532994282,1
3569,Pat Roberts,NFLX,Sale (Full),Spouse,Stock,75000.5,11.22526339231845,28,0.5266385288086654,2018-05-09,0.24017758532994282,1
3555,Gary C Peters,CVS,Purchase,Self,Stock,8000.5,8.987384303086046,14,-1.4584050103231503,2018-05-10,0.14599051082088876,1
3558,Sheldon Whitehouse,V,Sale (Partial),Joint,Stock,32500.5,10.389041521098926,37,1.4782560356579606,2018-05-10,0.023054179440677336,1
3559,Sheldon Whitehouse,CVS,Sale (Full),Joint,Stock,8000.5,8.987384303086046,37,-1.4584050103231503,2018-05-10,0.14599051082088876,1
3560,Sheldon Whitehouse,CMCSA,Sale (Full),Joint,Stock,8000.5,8.987384303086046,37,-0.9900848473911562,2018-05-10,0.06129353819517003,1
3561,Sheldon Whitehouse,JPM,Sale (Partial),Joint,Stock,8000.5,8.987384303086046,37,1.2176453470758037,2018-05-10,-0.08472147498091809,0
3563,Sheldon Whitehouse,AAPL,Sale (Partial),Joint,Stock,8000.5,8.987384303086046,37,2.415548690527581,2018-05-10,-0.0369409413945041,0
3428,Shelley M Capito,WMT,Purchase,Spouse,Stock,8000.5,8.987384303086046,20,-0.7969837819140722,2018-05-14,0.023896452979626503,1
3429,Shelley M Capito,VFC,Purchase,Spouse,Stock,8000.5,8.987384303086046,20,-0.35042425859784865,2018-05-14,0.062157631898814514,1
3431,Shelley M Capito,USB,Purchase,Spouse,Stock,8000.5,8.987384303086046,20,0.4256099290298468,2018-05-14,-0.014092762578706619,0
3433,Shelley M Capito,TGT,Purchase,Spouse,Stock,8000.5,8.987384303086046,20,0.6468922676726111,2018-05-14,0.05210609075089756,1
3434,Shelley M Capito,SYY,Purchase,Spouse,Stock,8000.5,8.987384303086046,20,0.2362368344044267,2018-05-14,0.08947500606080439,1
3435,Shelley M Capito,QCOM,Purchase,Spouse,Stock,8000.5,8.987384303086046,20,1.9441955297030398,2018-05-14,-5.5715674060707876e-05,0
3436,Shelley M Capito,PG,Purchase,Spouse,Stock,8000.5,8.987384303086046,20,0.08773994957649295,2018-05-14,0.06946583117170213,1
3440,Shelley M Capito,PEP,Purchase,Spouse,Stock,8000.5,8.987384303086046,20,-1.6882108507306475,2018-05-14,0.11725297956255487,1
3446,Shelley M Capito,JPM,Purchase,Spouse,Stock,8000.5,8.987384303086046,20,0.9990390857410093,2018-05-14,-0.07431254043299729,0
3447,Shelley M Capito,MSFT,Purchase,Spouse,Stock,8000.5,8.987384303086046,20,0.8906009575725643,2018-05-14,0.01576637119021218,1
3451,Shelley M Capito,JNJ,Purchase,Spouse,Stock,8000.5,8.987384303086046,20,0.025628006715369776,2018-05-14,-0.024375090170001834,0
3458,Shelley M Capito,XOM,Purchase,Spouse,Stock,8000.5,8.987384303086046,20,1.3987883180707885,2018-05-14,-0.00948704030202041,0
3460,Shelley M Capito,EMR,Purchase,Spouse,Stock,8000.5,8.987384303086046,20,1.2815494901500502,2018-05-14,-0.03942923662817355,0
3464,Shelley M Capito,CSCO,Purchase,Spouse,Stock,8000.5,8.987384303086046,20,0.5831622952904408,2018-05-14,-0.06387248908133669,0
3466,Shelley M Capito,CVX,Purchase,Spouse,Stock,8000.5,8.987384303086046,20,1.2085560746438975,2018-05-14,-0.04272437207548241,0
3471,Shelley M Capito,AMGN,Purchase,Spouse,Stock,8000.5,8.987384303086046,20,0.6019743744859459,2018-05-14,0.054100509806161434,1
3474,Shelley M Capito,ABT,Purchase,Spouse,Stock,8000.5,8.987384303086046,20,1.3860112616219962,2018-05-14,-0.01445448753977907,0
3475,Shelley M Capito,T,Purchase,Spouse,Stock,8000.5,8.987384303086046,20,-1.1405646248708678,2018-05-14,-0.01265202066999671,0
3488,Shelley M Capito,BRK-B,Sale (Full),Spouse,Stock,32500.5,10.389041521098926,20,0.3893860446848344,2018-05-14,-0.05890686543687007,0
3491,Shelley M Capito,WMT,Purchase,Spouse,Stock,8000.5,8.987384303086046,39,-0.7969837819140722,2018-05-14,0.023896452979626503,1
3492,Shelley M Capito,VFC,Purchase,Spouse,Stock,8000.5,8.987384303086046,39,-0.35042425859784865,2018-05-14,0.062157631898814514,1
3494,Shelley M Capito,USB,Purchase,Spouse,Stock,8000.5,8.987384303086046,39,0.4256099290298468,2018-05-14,-0.014092762578706619,0
3496,Shelley M Capito,SYY,Purchase,Spouse,Stock,8000.5,8.987384303086046,39,0.2362368344044267,2018-05-14,0.08947500606080439,1
3500,Shelley M Capito,PEP,Purchase,Spouse,Stock,8000.5,8.987384303086046,39,-1.6882108507306475,2018-05-14,0.11725297956255487,1
3504,Shelley M Capito,JPM,Purchase,Spouse,Stock,8000.5,8.987384303086046,39,0.9990390857410093,2018-05-14,-0.07431254043299729,0
3505,Shelley M Capito,MSFT,Purchase,Spouse,Stock,8000.5,8.987384303086046,39,0.8906009575725643,2018-05-14,0.01576637119021218,1
3509,Shelley M Capito,JNJ,Purchase,Spouse,Stock,8000.5,8.987384303086046,39,0.025628006715369776,2018-05-14,-0.024375090170001834,0
3514,Shelley M Capito,EMR,Purchase,Spouse,Stock,8000.5,8.987384303086046,39,1.2815494901500502,2018-05-14,-0.03942923662817355,0
3517,Shelley M Capito,CSCO,Purchase,Spouse,Stock,8000.5,8.987384303086046,39,0.5831622952904408,2018-05-14,-0.06387248908133669,0
3519,Shelley M Capito,CVX,Purchase,Spouse,Stock,8000.5,8.987384303086046,39,1.2085560746438975,2018-05-14,-0.04272437207548241,0
3524,Shelley M Capito,AMGN,Purchase,Spouse,Stock,8000.5,8.987384303086046,39,0.6019743744859459,2018-05-14,0.054100509806161434,1
3527,Shelley M Capito,ABT,Purchase,Spouse,Stock,8000.5,8.987384303086046,39,1.3860112616219962,2018-05-14,-0.01445448753977907,0
3528,Shelley M Capito,T,Purchase,Spouse,Stock,8000.5,8.987384303086046,39,-1.1405646248708678,2018-05-14,-0.01265202066999671,0
3533,James M Inhofe,V,Sale (Partial),Self,Stock,32500.5,10.389041521098926,11,1.2437556943944914,2018-05-14,0.015267940890471343,1
3536,James M Inhofe,PEP,Sale (Partial),Self,Stock,32500.5,10.389041521098926,11,-1.6882108507306475,2018-05-14,0.11725297956255487,1
3537,James M Inhofe,MSFT,Sale (Partial),Self,Stock,32500.5,10.389041521098926,11,0.8906009575725643,2018-05-14,0.01576637119021218,1
3539,James M Inhofe,XOM,Sale (Full),Self,Stock,75000.5,11.22526339231845,11,1.3987883180707885,2018-05-14,-0.00948704030202041,0
3541,James M Inhofe,DAL,Sale (Partial),Self,Stock,8000.5,8.987384303086046,11,-0.47048762128975247,2018-05-14,-0.014526169208064266,0
3544,James M Inhofe,C,Sale (Partial),Self,Stock,8000.5,8.987384303086046,11,1.1242659822988694,2018-05-14,-0.08183539879155777,0
3549,James M Inhofe,AAPL,Sale (Partial),Self,Stock,75000.5,11.22526339231845,13,1.9507720928589374,2018-05-14,-0.014716132980301166,0
3393,William Cassidy,VFC,Sale (Full),Spouse,Stock,8000.5,8.987384303086046,22,0.07169271880110539,2018-05-15,0.03954249088171691,1
3394,William Cassidy,UPS,Purchase,Spouse,Stock,8000.5,8.987384303086046,22,1.160795313719451,2018-05-15,-0.05608268900959168,0
3395,William Cassidy,SBUX,Purchase,Spouse,Stock,8000.5,8.987384303086046,22,-0.7462217742912821,2018-05-15,-0.1136013025547723,0
3396,William Cassidy,PG,Purchase,Spouse,Stock,8000.5,8.987384303086046,22,0.04581839785446403,2018-05-15,0.07143127142911354,1
3397,William Cassidy,MSFT,Sale (Partial),Spouse,Stock,8000.5,8.987384303086046,22,0.631535174823279,2018-05-15,0.008715778635991378,1
3400,William Cassidy,IBM,Purchase,Spouse,Stock,8000.5,8.987384303086046,22,-0.24927019193814606,2018-05-15,-0.037095615623897404,0
3402,William Cassidy,XOM,Purchase,Spouse,Stock,8000.5,8.987384303086046,20,1.298768359511544,2018-05-15,0.005477045383852852,1
3403,William Cassidy,EMR,Sale (Partial),Spouse,Stock,8000.5,8.987384303086046,22,1.0727474032435023,2018-05-15,-0.03920817124771958,0
3404,William Cassidy,CMCSA,Purchase,Spouse,Stock,8000.5,8.987384303086046,22,-0.2821384229136523,2018-05-15,0.015202474009060496,1
3405,William Cassidy,CSCO,Sale (Partial),Spouse,Stock,8000.5,8.987384303086046,22,0.4083897196667556,2018-05-15,-0.06280598164750106,0
3406,William Cassidy,CVS,Purchase,Spouse,Stock,8000.5,8.987384303086046,22,0.2299938183748574,2018-05-15,0.0703981798322334,1
3409,"A. Mitchell Mcconnell, Jr.",WFC,Purchase,Spouse,Stock,8000.5,8.987384303086046,71,1.2064607600892914,2018-05-15,-0.020394154920321483,0
3410,"A. Mitchell Mcconnell, Jr.",WFC,Purchase,Spouse,Stock,8000.5,8.987384303086046,161,1.2064607600892914,2018-05-15,-0.020394154920321483,0
3411,"A. Mitchell Mcconnell, Jr.",WFC,Purchase,Spouse,Stock,8000.5,8.987384303086046,250,1.2064607600892914,2018-05-15,-0.020394154920321483,0
3389,"Angus S King, Jr.",GILD,Sale (Partial),Spouse,Stock,8000.5,8.987384303086046,29,-0.09539550164420048,2018-05-22,0.0715846541466485,1
3350,John Hoeven,T,Sale (Partial),Self,Stock,75000.5,11.22526339231845,12,0.21301461830920299,2018-06-04,-0.04031746815965953,0
3353,"David A Perdue , Jr",BAC,Sale (Partial),Joint,Stock,8000.5,8.987384303086046,6,-0.6989872213542678,2018-06-04,0.00048637983305432897,1
3356,"David A Perdue , Jr",DIS,Purchase,Joint,Stock,8000.5,8.987384303086046,11,-0.63639064853495,2018-06-04,0.08009725144693158,1
3362,"David A Perdue , Jr",PEP,Purchase,Joint,Stock,8000.5,8.987384303086046,13,0.6645861043266102,2018-06-04,0.1271610928630662,1
3366,"David A Perdue , Jr",PEP,Purchase,Joint,Stock,8000.5,8.987384303086046,19,0.6645861043266102,2018-06-04,0.1271610928630662,1
3369,"David A Perdue , Jr",GLW,Purchase,Joint,Stock,8000.5,8.987384303086046,25,0.6768809554168195,2018-06-04,0.01778925659944619,1
3382,Pat Roberts,BAC,Purchase,Spouse,Stock,8000.5,8.987384303086046,20,-0.6989872213542678,2018-06-04,0.00048637983305432897,1
3318,Sheldon Whitehouse,C,Purchase,Joint,Stock,8000.5,8.987384303086046,31,-0.42501562630867146,2018-06-07,0.0029209326633921062,1
3319,Sheldon Whitehouse,AMZN,Purchase,Joint,Stock,32500.5,10.389041521098926,31,0.9352361984255031,2018-06-07,0.06531176968281827,1
3323,Sheldon Whitehouse,F,Purchase,Joint,Stock,8000.5,8.987384303086046,14,1.214242283674538,2018-06-07,-0.1305226765304378,0
3327,Sheldon Whitehouse,IBM,Purchase,Joint,Stock,8000.5,8.987384303086046,14,0.37597509415770497,2018-06-07,-0.001517582193601985,0
3303,Susan M Collins,JPM,Purchase,Spouse,Stock,32500.5,10.389041521098926,35,-0.0763892110071405,2018-06-12,0.027036449442111365,1
3304,Susan M Collins,USB,Sale (Full),Spouse,Stock,8000.5,8.987384303086046,35,0.2773588229018249,2018-06-12,-0.010636231195307655,0
3302,"A. Mitchell Mcconnell, Jr.",WFC,Purchase,Spouse,Stock,8000.5,8.987384303086046,12,0.2026693177028283,2018-06-13,0.03800797708460313,1
3300,John Hoeven,CVS,Purchase,Self,Stock,75000.5,11.22526339231845,7,1.7106483495133786,2018-06-14,-0.04509659170708702,0
3301,John Hoeven,AMZN,Purchase,Self,Stock,75000.5,11.22526339231845,13,1.029864273718101,2018-06-14,0.04453562916168052,1
3297,James M Inhofe,BMY,Sale (Full),Self,Stock,75000.5,11.22526339231845,16,0.5539590876425612,2018-06-20,0.0692711239009669,1
3288,Pat Roberts,AMZN,Purchase,Spouse,Stock,32500.5,10.389041521098926,3,0.03707633281654449,2018-06-28,0.06334753396332427,1
3289,Pat Roberts,NFLX,Purchase,Spouse,Stock,75000.5,11.22526339231845,3,0.44942876164267764,2018-06-28,-0.17060484283472876,0
3290,Pat Roberts,CVX,Purchase,Spouse,Stock,8000.5,8.987384303086046,6,0.15590648765830892,2018-06-28,-0.06375767089564088,0
3291,Pat Roberts,NFLX,Sale (Full),Spouse,Stock,75000.5,11.22526339231845,6,0.44942876164267764,2018-06-28,-0.17060484283472876,0
3292,Pat Roberts,AMZN,Sale (Full),Spouse,Stock,32500.5,10.389041521098926,6,0.03707633281654449,2018-06-28,0.06334753396332427,1
3234,"David A Perdue , Jr",GM,Purchase,Joint,Stock,8000.5,8.987384303086046,1,-1.5800530338026542,2018-07-06,-0.10599180597140612,0
3235,"David A Perdue , Jr",GM,Purchase,Joint,Stock,32500.5,10.389041521098926,1,-1.5800530338026542,2018-07-06,-0.10599180597140612,0
3244,"David A Perdue , Jr",BOIVF,Purchase,Joint,Stock,8000.5,8.987384303086046,8,-0.49544746630182496,2018-07-06,-0.024248403496978987,0
3245,"David A Perdue , Jr",CZR,Purchase,Joint,Stock,8000.5,8.987384303086046,8,-0.37636227953464385,2018-07-06,0.08029023007984493,1
3246,"David A Perdue , Jr",BOIVF,Purchase,Joint,Stock,8000.5,8.987384303086046,9,-0.49544746630182496,2018-07-06,-0.024248403496978987,0
3247,"David A Perdue , Jr",CZR,Purchase,Joint,Stock,8000.5,8.987384303086046,9,-0.37636227953464385,2018-07-06,0.08029023007984493,1
3248,"David A Perdue , Jr",SPY,Purchase,Joint,Stock,32500.5,10.389041521098926,9,0.17593407526161653,2018-07-06,0.0,0
3249,"David A Perdue , Jr",BOIVF,Purchase,Joint,Stock,8000.5,8.987384303086046,10,-0.49544746630182496,2018-07-06,-0.024248403496978987,0
3251,"David A Perdue , Jr",RF,Purchase,Joint,Stock,8000.5,8.987384303086046,11,-1.0306487542124898,2018-07-06,0.07301486559044101,1
3254,"David A Perdue , Jr",RF,Purchase,Joint,Stock,8000.5,8.987384303086046,14,-1.0306487542124898,2018-07-06,0.07301486559044101,1
3257,"David A Perdue , Jr",KMI,Sale (Partial),Joint,Stock,8000.5,8.987384303086046,15,0.6735336692666367,2018-07-06,-0.03388555544129512,0
3258,"David A Perdue , Jr",OKE,Sale (Partial),Joint,Stock,8000.5,8.987384303086046,15,0.47309248945061616,2018-07-06,-0.08681962968024914,0
3259,"David A Perdue , Jr",BRK-B,Purchase,Joint,Stock,32500.5,10.389041521098926,15,-0.5091317733408891,2018-07-06,0.07472386930546215,1
3263,"David A Perdue , Jr",RF,Purchase,Joint,Stock,8000.5,8.987384303086046,15,-1.0306487542124898,2018-07-06,0.07301486559044101,1
3265,"David A Perdue , Jr",CZR,Purchase,Joint,Stock,8000.5,8.987384303086046,16,-0.37636227953464385,2018-07-06,0.08029023007984493,1
3267,"David A Perdue , Jr",T,Sale (Full),Joint,Stock,8000.5,8.987384303086046,17,0.2446802480778022,2018-07-06,-0.024291097795148486,0
3272,"David A Perdue , Jr",SBUX,Sale (Partial),Joint,Stock,32500.5,10.389041521098926,23,-2.495066042545825,2018-07-06,0.058506562440233,1
3221,Susan M Collins,SLB,Sale (Full),Spouse,Stock,8000.5,8.987384303086046,36,1.0748522240941307,2018-07-10,-0.0947435258054301,0
3222,Susan M Collins,PFE,Sale (Full),Spouse,Stock,8000.5,8.987384303086046,36,1.064094686730644,2018-07-10,0.09969301846294898,1
3223,Susan M Collins,PEP,Sale (Partial),Spouse,Stock,8000.5,8.987384303086046,22,2.24459553413505,2018-07-10,-0.01932393127697951,0
3225,Susan M Collins,CMCSA,Sale (Full),Spouse,Stock,8000.5,8.987384303086046,36,0.3032786105913473,2018-07-10,0.04530946023369542,1
3228,Susan M Collins,MRK,Purchase,Spouse,Stock,8000.5,8.987384303086046,36,0.5628733964958437,2018-07-10,0.08359663993808741,1
3231,John Hoeven,T,Purchase,Self,Stock,75000.5,11.22526339231845,13,0.22755440123251416,2018-07-10,0.0010160612308878214,1
3203,Sheldon Whitehouse,WMT,Purchase,Spouse,Stock,8000.5,8.987384303086046,37,1.0281156644550404,2018-07-13,0.05434092274554114,1
3204,Sheldon Whitehouse,PYPL,Purchase,Spouse,Stock,8000.5,8.987384303086046,37,0.9260683790070877,2018-07-13,-0.004347236542069588,0
3206,Sheldon Whitehouse,GS,Purchase,Spouse,Stock,8000.5,8.987384303086046,37,0.19015006833001727,2018-07-13,0.010098608693652311,1
3207,Sheldon Whitehouse,DAL,Purchase,Spouse,Stock,8000.5,8.987384303086046,37,-0.2098385775538022,2018-07-13,0.09792841686126574,1
3208,Sheldon Whitehouse,C,Purchase,Spouse,Stock,8000.5,8.987384303086046,37,-0.016714548040175234,2018-07-13,0.026448850285936132,1
3209,Sheldon Whitehouse,BA,Purchase,Spouse,Stock,8000.5,8.987384303086046,37,0.9215572565782163,2018-07-13,-0.032346750975032146,0
3214,Sheldon Whitehouse,T,Purchase,Joint,Stock,8000.5,8.987384303086046,30,-0.5644898349227628,2018-07-13,0.0023010892029970975,1
3202,Shelley M Capito,BA,Sale (Full),Spouse,Stock,8000.5,8.987384303086046,37,0.9215572565782163,2018-07-14,-0.04400121524173428,0
3199,John F Reed,DHR,Sale (Partial),Joint,Stock,8000.5,8.987384303086046,13,-0.05489517678362113,2018-07-18,0.012328723326018975,1
3187,Pat Roberts,BAC,Sale (Full),Self,Stock,8000.5,8.987384303086046,6,1.4204927119426283,2018-07-30,-0.04719747875160951,0
3188,Pat Roberts,TGT,Sale (Full),Spouse,Stock,8000.5,8.987384303086046,12,1.073825464472607,2018-07-30,0.06095573030365409,1
3189,Pat Roberts,BAC,Sale (Partial),Spouse,Stock,8000.5,8.987384303086046,12,1.4204927119426283,2018-07-30,-0.04719747875160951,0
3190,Pat Roberts,TGT,Purchase,Spouse,Stock,8000.5,8.987384303086046,25,1.073825464472607,2018-07-30,0.06095573030365409,1
3191,Pat Roberts,BAC,Purchase,Spouse,Stock,8000.5,8.987384303086046,25,1.4204927119426283,2018-07-30,-0.04719747875160951,0
3152,"David A Perdue , Jr",BOIVF,Purchase,Joint,Stock,8000.5,8.987384303086046,1,0.4351035620303095,2018-08-01,-0.11541169935550444,0
3155,"David A Perdue , Jr",AXTA,Purchase,Joint,Stock,8000.5,8.987384303086046,5,0.015428869280048151,2018-08-01,-0.06729676023755626,0
3157,"David A Perdue , Jr",GM,Purchase,Joint,Stock,8000.5,8.987384303086046,7,-1.1645234680218954,2018-08-01,-0.1133117819567604,0
3159,"David A Perdue , Jr",KN,Sale (Partial),Joint,Stock,8000.5,8.987384303086046,7,1.190456030699521,2018-08-01,-0.1296887632093775,0
3162,"David A Perdue , Jr",SBUX,Sale (Full),Joint,Stock,32500.5,10.389041521098926,13,0.6889801013978959,2018-08-01,0.021501670331522726,1
3163,"David A Perdue , Jr",GPK,Sale (Partial),Joint,Stock,8000.5,8.987384303086046,15,-0.9269601043982761,2018-08-01,-0.031278747489890124,0
3164,"David A Perdue , Jr",LYV,Sale (Partial),Joint,Stock,8000.5,8.987384303086046,15,-0.8051545236425109,2018-08-01,0.07565829409425495,1
3166,"David A Perdue , Jr",GM,Purchase,Joint,Stock,8000.5,8.987384303086046,12,-1.1645234680218954,2018-08-01,-0.1133117819567604,0
3167,"David A Perdue , Jr",NFLX,Purchase,Joint,Stock,32500.5,10.389041521098926,13,-1.5500368807333642,2018-08-01,0.05247981293414061,1
3168,"David A Perdue , Jr",BOIVF,Purchase,Joint,Stock,8000.5,8.987384303086046,15,0.4351035620303095,2018-08-01,-0.11541169935550444,0
3169,"David A Perdue , Jr",GM,Purchase,Joint,Stock,8000.5,8.987384303086046,16,-1.1645234680218954,2018-08-01,-0.1133117819567604,0
3172,"David A Perdue , Jr",LYV,Sale (Partial),Joint,Stock,8000.5,8.987384303086046,19,-0.8051545236425109,2018-08-01,0.07565829409425495,1
3174,"David A Perdue , Jr",RF,Purchase,Joint,Stock,8000.5,8.987384303086046,19,1.0659262125301237,2018-08-01,-0.03337380072501683,0
3179,"David A Perdue , Jr",GM,Purchase,Joint,Stock,8000.5,8.987384303086046,21,-1.1645234680218954,2018-08-01,-0.1133117819567604,0
3181,"David A Perdue , Jr",GM,Purchase,Joint,Stock,8000.5,8.987384303086046,22,-1.1645234680218954,2018-08-01,-0.1133117819567604,0
3182,"David A Perdue , Jr",GM,Purchase,Joint,Stock,8000.5,8.987384303086046,26,-1.1645234680218954,2018-08-01,-0.1133117819567604,0
3138,Shelley M Capito,ENB,Sale (Partial),Spouse,Stock,8000.5,8.987384303086046,16,0.4971692524799233,2018-08-10,-0.08517174329816424,0
3132,James M Inhofe,DHR,Purchase,Self,Stock,75000.5,11.22526339231845,25,-0.4734721602696685,2018-08-20,0.06269861614226713,1
3126,John Hoeven,CAT,Purchase,Self,Stock,75000.5,11.22526339231845,21,-0.007836313984069435,2018-08-24,0.10846522380025125,1
3116,Pat Roberts,XOM,Purchase,Joint,Stock,8000.5,8.987384303086046,8,0.3946236398995827,2018-08-28,0.09289522981775578,1
3117,Pat Roberts,DVN,Sale (Full),Joint,Stock,32500.5,10.389041521098926,8,0.047449917598887684,2018-08-28,-0.0824792724522756,0
3118,Pat Roberts,NFLX,Purchase,Spouse,Stock,32500.5,10.389041521098926,8,1.0501011418771078,2018-08-28,-0.07552678529124035,0
3120,Pat Roberts,NVDA,Sale (Full),Spouse,Stock,75000.5,11.22526339231845,29,0.9248866040414796,2018-08-28,-0.06448288829677817,0
3121,Pat Roberts,AAPL,Sale (Full),Spouse,Stock,75000.5,11.22526339231845,29,1.0492577713180349,2018-08-28,0.024877576166018267,1
3122,Pat Roberts,AMZN,Sale (Full),Spouse,Stock,32500.5,10.389041521098926,29,0.5923870081814046,2018-08-28,-0.0517908570861314,0
3123,Pat Roberts,JPM,Sale (Full),Spouse,Stock,8000.5,8.987384303086046,29,0.1430810639612527,2018-08-28,-0.0001299670756800264,0
3124,Pat Roberts,BA,Sale (Full),Spouse,Stock,75000.5,11.22526339231845,29,0.3686979988158315,2018-08-28,0.0863772247837108,1
3078,"David A Perdue , Jr",GM,Purchase,Joint,Stock,8000.5,8.987384303086046,8,-0.6987081026210826,2018-09-04,-0.05910342856025874,0
3081,"David A Perdue , Jr",WMB,Sale (Partial),Joint,Stock,8000.5,8.987384303086046,15,-0.5663665182435462,2018-09-04,-0.044927704165508064,0
3083,"David A Perdue , Jr",MOS,Sale (Partial),Joint,Stock,8000.5,8.987384303086046,18,0.18025805595767122,2018-09-04,0.10707225897624562,1
3085,"David A Perdue , Jr",BAC,Sale (Partial),Joint,Stock,8000.5,8.987384303086046,19,0.09024680199954187,2018-09-04,-0.05134542696936928,0
3087,"David A Perdue , Jr",MOS,Sale (Partial),Joint,Stock,8000.5,8.987384303086046,20,0.18025805595767122,2018-09-04,0.10707225897624562,1
3088,"David A Perdue , Jr",AXTA,Purchase,Joint,Stock,8000.5,8.987384303086046,20,-0.23890836914937114,2018-09-04,-0.08722284670022062,0
3089,"David A Perdue , Jr",MOS,Sale (Partial),Joint,Stock,8000.5,8.987384303086046,21,0.18025805595767122,2018-09-04,0.10707225897624562,1
3090,"David A Perdue , Jr",MOS,Sale (Partial),Joint,Stock,8000.5,8.987384303086046,22,0.18025805595767122,2018-09-04,0.10707225897624562,1
3091,"David A Perdue , Jr",CZR,Purchase,Joint,Stock,8000.5,8.987384303086046,25,0.22793687037839158,2018-09-04,0.048887400261844904,1
3092,"David A Perdue , Jr",MOS,Sale (Partial),Joint,Stock,8000.5,8.987384303086046,25,0.18025805595767122,2018-09-04,0.10707225897624562,1
3094,"David A Perdue , Jr",MOS,Sale (Partial),Joint,Stock,8000.5,8.987384303086046,27,0.18025805595767122,2018-09-04,0.10707225897624562,1
3096,"David A Perdue , Jr",CZR,Purchase,Joint,Stock,8000.5,8.987384303086046,27,0.22793687037839158,2018-09-04,0.048887400261844904,1
3097,"David A Perdue , Jr",PFE,Sale (Partial),Joint,Stock,8000.5,8.987384303086046,27,-0.1470720552949686,2018-09-04,0.0943502034780428,1
3099,"David A Perdue , Jr",MOS,Sale (Partial),Joint,Stock,8000.5,8.987384303086046,28,0.18025805595767122,2018-09-04,0.10707225897624562,1
3101,"David A Perdue , Jr",MOS,Sale (Partial),Joint,Stock,8000.5,8.987384303086046,29,0.18025805595767122,2018-09-04,0.10707225897624562,1
3103,"David A Perdue , Jr",MOS,Sale (Partial),Joint,Stock,8000.5,8.987384303086046,32,0.18025805595767122,2018-09-04,0.10707225897624562,1
3104,"David A Perdue , Jr",GLW,Sale (Partial),Joint,Stock,8000.5,8.987384303086046,32,0.2886203473920807,2018-09-04,0.009130279398240182,1
3109,"David A Perdue , Jr",MOS,Sale (Partial),Joint,Stock,8000.5,8.987384303086046,34,0.18025805595767122,2018-09-04,0.10707225897624562,1
3110,"David A Perdue , Jr",CZR,Purchase,Joint,Stock,8000.5,8.987384303086046,34,0.22793687037839158,2018-09-04,0.048887400261844904,1
3060,Patrick J Toomey,PG,Sale (Partial),Self,Stock,32500.5,10.389041521098926,36,-0.5887086004075863,2018-09-07,0.10526847521024074,1
3065,Sheldon Whitehouse,GS,Purchase,Spouse,Stock,8000.5,8.987384303086046,10,-0.2252760558858142,2018-09-07,0.009752285469894262,1
3066,Sheldon Whitehouse,T,Purchase,Spouse,Stock,8000.5,8.987384303086046,10,-0.41333101002369066,2018-09-07,0.06281449689299479,1
3069,Sheldon Whitehouse,WMT,Purchase,Spouse,Stock,8000.5,8.987384303086046,10,0.3699617379074289,2018-09-07,0.0532389039062352,1
3070,Sheldon Whitehouse,WMT,Purchase,Joint,Stock,32500.5,10.389041521098926,10,0.3699617379074289,2018-09-07,0.0532389039062352,1
3071,Sheldon Whitehouse,T,Purchase,Self,Stock,8000.5,8.987384303086046,32,-0.41333101002369066,2018-09-07,0.06281449689299479,1
3072,Sheldon Whitehouse,BRK-B,Purchase,Self,Stock,8000.5,8.987384303086046,32,1.0670196298656491,2018-09-07,0.01979537305851542,1
3052,"A. Mitchell Mcconnell, Jr.",WFC,Purchase,Spouse,Stock,8000.5,8.987384303086046,8,-1.9699787629300691,2018-09-14,0.024252106811595286,1
3037,Pat Roberts,AAPL,Purchase,Spouse,Stock,32500.5,10.389041521098926,33,0.42354579622133975,2018-09-30,-0.07992696391445897,0
3038,Pat Roberts,NVDA,Purchase,Spouse,Stock,32500.5,10.389041521098926,33,0.4789132157036765,2018-09-30,-0.27929103067725036,0
3040,Pat Roberts,NFLX,Purchase,Spouse,Stock,32500.5,10.389041521098926,37,0.45022655726805805,2018-09-30,-0.16335571500068113,0
3041,Pat Roberts,AAPL,Purchase,Spouse,Stock,32500.5,10.389041521098926,37,0.42354579622133975,2018-09-30,-0.07992696391445897,0
3042,Pat Roberts,AMZN,Purchase,Spouse,Stock,32500.5,10.389041521098926,32,0.3897774385195913,2018-09-30,-0.1176781392342593,0
3010,"David A Perdue , Jr",GPK,Sale (Partial),Joint,Stock,32500.5,10.389041521098926,1,-0.5435963374473909,2018-10-02,-0.12373007733773411,0
3016,"David A Perdue , Jr",TRP,Sale (Partial),Joint,Stock,8000.5,8.987384303086046,14,0.18853063682699592,2018-10-02,-0.014063939126348513,0
3018,"David A Perdue , Jr",WMB,Sale (Partial),Joint,Stock,8000.5,8.987384303086046,15,-0.18888037961561463,2018-10-02,-0.05355239231100417,0
3019,"David A Perdue , Jr",WMB,Sale (Partial),Joint,Stock,32500.5,10.389041521098926,15,-0.18888037961561463,2018-10-02,-0.05355239231100417,0
3023,"David A Perdue , Jr",AXTA,Purchase,Joint,Stock,8000.5,8.987384303086046,19,-0.3721184701763319,2018-10-02,-0.07822987550193128,0
3029,"David A Perdue , Jr",OKE,Sale (Partial),Joint,Stock,8000.5,8.987384303086046,22,0.1481528324260488,2018-10-02,-0.03432639952773264,0
3031,"David A Perdue , Jr",AAPL,Sale (Partial),Joint,Stock,32500.5,10.389041521098926,27,0.8518602267813868,2018-10-02,-0.0947112234777997,0
3032,"David A Perdue , Jr",AXTA,Purchase,Joint,Stock,8000.5,8.987384303086046,27,-0.3721184701763319,2018-10-02,-0.07822987550193128,0
3007,John Hoeven,FDX,Purchase,Self,Stock,75000.5,11.22526339231845,14,-0.5250187587340365,2018-10-03,0.008275876150903083,1
3004,Patrick J Toomey,GE,Sale (Full),Joint,Stock,8000.5,8.987384303086046,29,2.142219900416517,2018-10-05,-0.3425480812799333,0
2992,James M Inhofe,GE,Purchase,Self,Stock,75000.5,11.22526339231845,1,0.7345995748999228,2018-10-11,-0.3721005356815258,0
2985,Shelley M Capito,GILD,Purchase,Self,Stock,8000.5,8.987384303086046,23,-0.5417319349069161,2018-10-18,-0.027352548769817298,0
2986,Shelley M Capito,QCOM,Sale (Partial),Spouse,Stock,8000.5,8.987384303086046,21,-1.5900625979977656,2018-10-18,-0.10304253570460586,0
2982,Sheldon Whitehouse,F,Purchase,Joint,Stock,8000.5,8.987384303086046,45,-1.747434512278361,2018-10-22,0.10886622193914408,1
2980,Pat Roberts,WMT,Purchase,Spouse,Stock,8000.5,8.987384303086046,12,0.8308360924181193,2018-10-24,-0.0381971472486492,0
2978,Ladda Tammy Duckworth,GE,Sale (Full),Joint,Stock,8000.5,8.987384303086046,80,-2.9334040003274713,2018-10-26,-0.39724728409695875,0
2850,Shelley M Capito,JNJ,Purchase,Spouse,Stock,8000.5,8.987384303086046,22,1.9160522568504033,2018-11-08,0.009986512168818185,1
2851,Shelley M Capito,JPM,Purchase,Spouse,Stock,8000.5,8.987384303086046,23,1.4532913554090858,2018-11-08,-0.01553991369344776,0
2853,James M Inhofe,GE,Sale (Full),Self,Stock,32500.5,10.389041521098926,8,-4.721182671013166,2018-11-08,-0.0749971531836604,0
2861,"David A Perdue , Jr",GPK,Purchase,Joint,Stock,8000.5,8.987384303086046,7,0.3592250138737712,2018-11-08,0.02642769222714403,1
2864,"David A Perdue , Jr",AAPL,Sale (Partial),Joint,Stock,8000.5,8.987384303086046,7,-0.9127729208646029,2018-11-08,-0.1311823161690694,0
2865,"David A Perdue , Jr",PFE,Sale (Partial),Joint,Stock,8000.5,8.987384303086046,7,0.2616846499791075,2018-11-08,0.08930668848135526,1
2867,"David A Perdue , Jr",PFE,Sale (Partial),Joint,Stock,32500.5,10.389041521098926,8,0.2616846499791075,2018-11-08,0.08930668848135526,1
2868,"David A Perdue , Jr",GPK,Purchase,Joint,Stock,8000.5,8.987384303086046,8,0.3592250138737712,2018-11-08,0.02642769222714403,1
2872,"David A Perdue , Jr",PFE,Sale (Partial),Joint,Stock,8000.5,8.987384303086046,9,0.2616846499791075,2018-11-08,0.08930668848135526,1
2873,"David A Perdue , Jr",GPK,Purchase,Joint,Stock,32500.5,10.389041521098926,9,0.3592250138737712,2018-11-08,0.02642769222714403,1
2876,"David A Perdue , Jr",PFE,Sale (Partial),Joint,Stock,32500.5,10.389041521098926,10,0.2616846499791075,2018-11-08,0.08930668848135526,1
2878,"David A Perdue , Jr",MRK,Sale (Partial),Joint,Stock,8000.5,8.987384303086046,10,1.6313781761455917,2018-11-08,0.10719705034113047,1
2882,"David A Perdue , Jr",ENTG,Purchase,Joint,Stock,8000.5,8.987384303086046,13,0.6943862388275116,2018-11-08,0.04719240315800144,1
2883,"David A Perdue , Jr",DVN,Purchase,Joint,Stock,8000.5,8.987384303086046,13,-0.4236949437557352,2018-11-08,-0.19423870098903484,0
2884,"David A Perdue , Jr",MOS,Sale (Partial),Joint,Stock,8000.5,8.987384303086046,14,2.5017862082801066,2018-11-08,-0.08793742717677422,0
2886,"David A Perdue , Jr",PG,Purchase,Joint,Stock,8000.5,8.987384303086046,15,2.2353628726793717,2018-11-08,0.12078045607770138,1
2887,"David A Perdue , Jr",JNJ,Purchase,Joint,Stock,8000.5,8.987384303086046,15,1.9160522568504033,2018-11-08,0.009986512168818185,1
2888,"David A Perdue , Jr",CAT,Purchase,Joint,Stock,8000.5,8.987384303086046,15,0.8132983561308612,2018-11-08,0.0546614548090425,1
2890,"David A Perdue , Jr",WMB,Sale (Partial),Joint,Stock,32500.5,10.389041521098926,15,-0.09586783383956908,2018-11-08,-0.02995723396608818,0
2891,"David A Perdue , Jr",RF,Purchase,Joint,Stock,8000.5,8.987384303086046,15,1.0847826832723384,2018-11-08,-0.1240615152051997,0
2893,"David A Perdue , Jr",BAC,Purchase,Joint,Stock,32500.5,10.389041521098926,16,1.0327656673852488,2018-11-08,-0.048114265746841856,0
2895,"David A Perdue , Jr",RF,Purchase,Joint,Stock,8000.5,8.987384303086046,16,1.0847826832723384,2018-11-08,-0.1240615152051997,0
2901,"David A Perdue , Jr",BAC,Purchase,Joint,Stock,8000.5,8.987384303086046,24,1.0327656673852488,2018-11-08,-0.048114265746841856,0
2902,"David A Perdue , Jr",PFE,Sale (Partial),Joint,Stock,8000.5,8.987384303086046,27,0.2616846499791075,2018-11-08,0.08930668848135526,1
2903,"David A Perdue , Jr",GM,Purchase,Joint,Stock,32500.5,10.389041521098926,29,2.195852893239061,2018-11-08,0.04971503483297046,1
2904,"David A Perdue , Jr",DVN,Purchase,Joint,Stock,8000.5,8.987384303086046,29,-0.4236949437557352,2018-11-08,-0.19423870098903484,0
2905,"David A Perdue , Jr",ENTG,Purchase,Joint,Stock,8000.5,8.987384303086046,29,0.6943862388275116,2018-11-08,0.04719240315800144,1
2906,"David A Perdue , Jr",AXTA,Purchase,Joint,Stock,8000.5,8.987384303086046,29,0.5469295242008126,2018-11-08,0.02231689133794512,1
2907,"David A Perdue , Jr",MOS,Sale (Partial),Joint,Stock,8000.5,8.987384303086046,29,2.5017862082801066,2018-11-08,-0.08793742717677422,0
2908,"David A Perdue , Jr",MOS,Sale (Partial),Joint,Stock,8000.5,8.987384303086046,30,2.5017862082801066,2018-11-08,-0.08793742717677422,0
2910,"David A Perdue , Jr",CZR,Purchase,Joint,Stock,8000.5,8.987384303086046,31,-0.5120539478119944,2018-11-08,-0.00488901503278516,0
2911,"David A Perdue , Jr",GLW,Sale (Partial),Joint,Stock,8000.5,8.987384303086046,34,1.7338289297936658,2018-11-08,-0.015202086414426219,0
2913,"David A Perdue , Jr",MRK,Sale (Partial),Joint,Stock,32500.5,10.389041521098926,36,1.6313781761455917,2018-11-08,0.10719705034113047,1
2914,"David A Perdue , Jr",PFE,Sale (Partial),Joint,Stock,8000.5,8.987384303086046,37,0.2616846499791075,2018-11-08,0.08930668848135526,1
2844,Susan M Collins,SBUX,Sale (Full),Spouse,Stock,32500.5,10.389041521098926,42,2.9929496531939486,2018-11-13,0.029720151981145082,1
2847,Susan M Collins,TJX,Purchase,Spouse,Stock,8000.5,8.987384303086046,28,-0.5725917458722235,2018-11-13,-0.09557492590603867,0
2848,Susan M Collins,AMZN,Purchase,Spouse,Stock,32500.5,10.389041521098926,42,-0.7296862687467393,2018-11-13,-0.004534393356968036,0
2840,Sheldon Whitehouse,NVDA,Purchase,Joint,Stock,8000.5,8.987384303086046,23,-0.3649053709380245,2018-11-15,-0.24328618934792556,0
2835,Gary C Peters,GE,Sale (Full),Self,Stock,8000.5,8.987384303086046,17,-4.561400836913171,2018-11-16,0.11283100321642348,1
2836,Gary C Peters,T,Purchase,Self,Stock,8000.5,8.987384303086046,17,-0.4515795499667226,2018-11-16,0.08440346255479914,1
2829,"Angus S King, Jr.",SLB,Sale (Partial),Spouse,Stock,8000.5,8.987384303086046,40,-1.629272795673734,2018-11-26,-0.0745739055094129,0
2737,"David A Perdue , Jr",KMI,Purchase,Joint,Stock,32500.5,10.389041521098926,7,-0.7176568383510149,2018-12-06,0.09694863968300127,1
2738,"David A Perdue , Jr",WMB,Sale (Partial),Joint,Stock,32500.5,10.389041521098926,7,-0.33249750862346755,2018-12-06,0.0923164313655842,1
2739,"David A Perdue , Jr",GPK,Purchase,Joint,Stock,8000.5,8.987384303086046,8,-0.4719272709161085,2018-12-06,0.06513422054929086,1
2746,"David A Perdue , Jr",AAPL,Purchase,Joint,Stock,8000.5,8.987384303086046,9,-1.5973509445394594,2018-12-06,-0.09672892089295926,0
2757,"David A Perdue , Jr",DVN,Sale (Full),Joint,Stock,75000.5,11.22526339231845,10,-0.6822145206564868,2018-12-06,-0.014493168986281613,0
2758,"David A Perdue , Jr",SPY,Purchase,Joint,Stock,750000.5,13.527830485510494,10,-0.46569225551917165,2018-12-06,0.0,0
2761,"David A Perdue , Jr",AXTA,Sale (Full),Joint,Stock,175000.5,12.072549824297488,10,-0.33066357481390835,2018-12-06,0.05146653673830115,1
2763,"David A Perdue , Jr",PFE,Sale (Full),Joint,Stock,32500.5,10.389041521098926,16,0.7201126726611561,2018-12-06,-0.034381821659068446,0
2769,"David A Perdue , Jr",GPK,Purchase,Joint,Stock,8000.5,8.987384303086046,16,-0.4719272709161085,2018-12-06,0.06513422054929086,1
2770,"David A Perdue , Jr",MOS,Sale (Partial),Joint,Stock,8000.5,8.987384303086046,16,-0.6732667185815268,2018-12-06,-0.07775072347040435,0
2771,"David A Perdue , Jr",PFE,Sale (Partial),Joint,Stock,8000.5,8.987384303086046,17,0.7201126726611561,2018-12-06,-0.034381821659068446,0
2783,"David A Perdue , Jr",MOS,Sale (Partial),Joint,Stock,8000.5,8.987384303086046,22,-0.6732667185815268,2018-12-06,-0.07775072347040435,0
2784,"David A Perdue , Jr",KN,Sale (Partial),Joint,Stock,8000.5,8.987384303086046,23,-0.3790528158638565,2018-12-06,-0.01195947660733665,0
2787,"David A Perdue , Jr",MOS,Sale (Partial),Joint,Stock,8000.5,8.987384303086046,23,-0.6732667185815268,2018-12-06,-0.07775072347040435,0
2790,"David A Perdue , Jr",PFE,Sale (Partial),Joint,Stock,8000.5,8.987384303086046,24,0.7201126726611561,2018-12-06,-0.034381821659068446,0
2791,"David A Perdue , Jr",KN,Sale (Partial),Joint,Stock,8000.5,8.987384303086046,24,-0.3790528158638565,2018-12-06,-0.01195947660733665,0
2796,"David A Perdue , Jr",PFE,Sale (Partial),Joint,Stock,8000.5,8.987384303086046,27,0.7201126726611561,2018-12-06,-0.034381821659068446,0
2797,"David A Perdue , Jr",PFE,Sale (Partial),Joint,Stock,8000.5,8.987384303086046,28,0.7201126726611561,2018-12-06,-0.034381821659068446,0
2807,"David A Perdue , Jr",PFE,Sale (Partial),Joint,Stock,32500.5,10.389041521098926,31,0.7201126726611561,2018-12-06,-0.034381821659068446,0
2808,"David A Perdue , Jr",GPK,Purchase,Joint,Stock,8000.5,8.987384303086046,31,-0.4719272709161085,2018-12-06,0.06513422054929086,1
2810,"David A Perdue , Jr",MOS,Sale (Partial),Joint,Stock,8000.5,8.987384303086046,31,-0.6732667185815268,2018-12-06,-0.07775072347040435,0
2814,"David A Perdue , Jr",GPK,Purchase,Joint,Stock,8000.5,8.987384303086046,34,-0.4719272709161085,2018-12-06,0.06513422054929086,1
2815,"David A Perdue , Jr",PFE,Sale (Partial),Joint,Stock,8000.5,8.987384303086046,34,0.7201126726611561,2018-12-06,-0.034381821659068446,0
2732,Shelley M Capito,QCOM,Sale (Full),Spouse,Stock,8000.5,8.987384303086046,9,-0.06387696965642989,2018-12-08,-0.11036478543507666,0
2733,Shelley M Capito,IBM,Sale (Full),Spouse,Stock,8000.5,8.987384303086046,9,-0.5007846009436836,2018-12-08,0.09608298393665637,1
2723,"A. Mitchell Mcconnell, Jr.",WFC,Purchase,Spouse,Stock,8000.5,8.987384303086046,12,-3.0027973664384153,2018-12-17,-0.007711056082810641,0
2716,Sheldon Whitehouse,F,Sale (Partial),Joint,Stock,8000.5,8.987384303086046,32,-2.501704629373512,2018-12-21,-0.04988190999883724,0
2718,Sheldon Whitehouse,IBM,Sale (Partial),Joint,Stock,8000.5,8.987384303086046,32,-2.4434500045762735,2018-12-21,0.09566050395824943,1
2702,Susan M Collins,XOM,Sale (Full),Spouse,Stock,8000.5,8.987384303086046,18,0.37050348141525535,2019-01-08,-0.00018908040992982045,0
2703,Susan M Collins,ENB,Sale (Full),Spouse,Stock,32500.5,10.389041521098926,18,2.5039453590283465,2019-01-08,0.0005718974036921232,1
2630,"David A Perdue , Jr",SPY,Sale (Full),Joint,Stock,75000.5,11.22526339231845,9,1.2373600321962994,2019-01-09,0.0,0
2631,"David A Perdue , Jr",SPY,Sale (Partial),Joint,Stock,75000.5,11.22526339231845,9,1.2373600321962994,2019-01-09,0.0,0
2632,"David A Perdue , Jr",CZR,Purchase,Joint,Stock,8000.5,8.987384303086046,9,2.0845357647473097,2019-01-09,0.07238449563191529,1
2633,"David A Perdue , Jr",AXTA,Purchase,Joint,Stock,175000.5,12.072549824297488,13,2.176163437146032,2019-01-09,0.0008024248040532367,1
2634,"David A Perdue , Jr",SPY,Sale (Partial),Joint,Stock,375000.5,12.834685304944548,13,1.2373600321962994,2019-01-09,0.0,0
2636,"David A Perdue , Jr",DVN,Purchase,Joint,Stock,75000.5,11.22526339231845,13,0.9206666621897704,2019-01-09,0.06582618141900487,1
2638,"David A Perdue , Jr",BWXT,Purchase,Joint,Stock,8000.5,8.987384303086046,13,0.3542928826170318,2019-01-09,0.22216631901256667,1
2642,"David A Perdue , Jr",BWXT,Purchase,Joint,Stock,8000.5,8.987384303086046,16,0.3542928826170318,2019-01-09,0.22216631901256667,1
2645,"David A Perdue , Jr",RF,Purchase,Joint,Stock,8000.5,8.987384303086046,19,1.7526903660513624,2019-01-09,0.022698045994063776,1
2646,"David A Perdue , Jr",BWXT,Purchase,Joint,Stock,8000.5,8.987384303086046,19,0.3542928826170318,2019-01-09,0.22216631901256667,1
2649,"David A Perdue , Jr",PG,Sale (Partial),Joint,Stock,8000.5,8.987384303086046,20,-0.5716007199830144,2019-01-09,0.020190165159613027,1
2650,"David A Perdue , Jr",GPK,Purchase,Joint,Stock,8000.5,8.987384303086046,20,0.8208300589730346,2019-01-09,0.06621817930575657,1
2654,"David A Perdue , Jr",SLB,Sale (Full),Joint,Stock,32500.5,10.389041521098926,20,1.8459476554309397,2019-01-09,-0.006409182340527675,0
2658,"David A Perdue , Jr",BWXT,Purchase,Joint,Stock,8000.5,8.987384303086046,20,0.3542928826170318,2019-01-09,0.22216631901256667,1
2661,"David A Perdue , Jr",BWXT,Purchase,Joint,Stock,8000.5,8.987384303086046,21,0.3542928826170318,2019-01-09,0.22216631901256667,1
2663,"David A Perdue , Jr",KN,Sale (Partial),Joint,Stock,8000.5,8.987384303086046,22,-0.1230490300094483,2019-01-09,0.15278458736100964,1
2666,"David A Perdue , Jr",BWXT,Purchase,Joint,Stock,8000.5,8.987384303086046,23,0.3542928826170318,2019-01-09,0.22216631901256667,1
2669,"David A Perdue , Jr",SLB,Sale (Partial),Joint,Stock,8000.5,8.987384303086046,26,1.8459476554309397,2019-01-09,-0.006409182340527675,0
2670,"David A Perdue , Jr",UPS,Sale (Full),Joint,Stock,32500.5,10.389041521098926,26,0.310705477749541,2019-01-09,0.044978653436312355,1
2671,"David A Perdue , Jr",BWXT,Purchase,Joint,Stock,8000.5,8.987384303086046,27,0.3542928826170318,2019-01-09,0.22216631901256667,1
2672,"David A Perdue , Jr",UPS,Sale (Partial),Joint,Stock,75000.5,11.22526339231845,27,0.310705477749541,2019-01-09,0.044978653436312355,1
2674,"David A Perdue , Jr",KN,Sale (Partial),Joint,Stock,8000.5,8.987384303086046,27,-0.1230490300094483,2019-01-09,0.15278458736100964,1
2675,"David A Perdue , Jr",MOS,Sale (Partial),Joint,Stock,8000.5,8.987384303086046,27,0.855972706304903,2019-01-09,-0.0517608641020908,0
2677,"David A Perdue , Jr",GLW,Sale (Partial),Joint,Stock,8000.5,8.987384303086046,28,-0.23584703654501876,2019-01-09,0.09212745364667385,1
2678,"David A Perdue , Jr",UPS,Sale (Partial),Joint,Stock,8000.5,8.987384303086046,28,0.310705477749541,2019-01-09,0.044978653436312355,1
2679,"David A Perdue , Jr",RF,Purchase,Joint,Stock,8000.5,8.987384303086046,28,1.7526903660513624,2019-01-09,0.022698045994063776,1
2680,"David A Perdue , Jr",UPS,Sale (Partial),Joint,Stock,32500.5,10.389041521098926,28,0.310705477749541,2019-01-09,0.044978653436312355,1
2681,"David A Perdue , Jr",GLW,Sale (Partial),Joint,Stock,32500.5,10.389041521098926,28,-0.23584703654501876,2019-01-09,0.09212745364667385,1
2682,"David A Perdue , Jr",BWXT,Purchase,Joint,Stock,8000.5,8.987384303086046,29,0.3542928826170318,2019-01-09,0.22216631901256667,1
2683,"David A Perdue , Jr",GLW,Sale (Partial),Joint,Stock,8000.5,8.987384303086046,29,-0.23584703654501876,2019-01-09,0.09212745364667385,1
2687,"David A Perdue , Jr",BWXT,Purchase,Joint,Stock,8000.5,8.987384303086046,30,0.3542928826170318,2019-01-09,0.22216631901256667,1
2689,"David A Perdue , Jr",BWXT,Purchase,Joint,Stock,8000.5,8.987384303086046,33,0.3542928826170318,2019-01-09,0.22216631901256667,1
2691,"David A Perdue , Jr",BWXT,Purchase,Joint,Stock,32500.5,10.389041521098926,34,0.3542928826170318,2019-01-09,0.22216631901256667,1
2603,Thomas Udall,GE,Sale (Partial),Joint,Stock,8000.5,8.987384303086046,23,3.4963883979462045,2019-01-10,0.13056279535750948,1
2605,Sheldon Whitehouse,GS,Sale (Full),Joint,Stock,32500.5,10.389041521098926,37,1.010445121609978,2019-01-10,0.04896515060959428,1
2609,Sheldon Whitehouse,AMZN,Purchase,Joint,Stock,8000.5,8.987384303086046,13,1.604549635656934,2019-01-10,-0.09374781908120944,0
2610,Sheldon Whitehouse,F,Sale (Full),Joint,Stock,8000.5,8.987384303086046,13,1.5357686245751534,2019-01-10,-0.06934735618397236,0
2611,Sheldon Whitehouse,NVDA,Purchase,Joint,Stock,8000.5,8.987384303086046,13,0.679941717484699,2019-01-10,0.012952626847654525,1
2612,Sheldon Whitehouse,T,Sale (Partial),Joint,Stock,8000.5,8.987384303086046,13,1.1741601139846671,2019-01-10,-0.05571485418309319,0
2614,Sheldon Whitehouse,BMY,Sale (Full),Joint,Stock,32500.5,10.389041521098926,13,-1.0898139347091882,2019-01-10,-0.018328159349621842,0
2615,Sheldon Whitehouse,C,Sale (Full),Self,Stock,8000.5,8.987384303086046,38,1.4077017515428032,2019-01-10,0.06361006777651612,1
2618,Sheldon Whitehouse,AAPL,Sale (Partial),Self,Stock,32500.5,10.389041521098926,37,-0.443207936713623,2019-01-10,0.05310680366814835,1
2591,Shelley M Capito,PG,Purchase,Spouse,Stock,8000.5,8.987384303086046,29,-0.04311901552862348,2019-01-11,0.009289460224021662,1
2592,Shelley M Capito,PEP,Purchase,Spouse,Stock,8000.5,8.987384303086046,29,-0.8448794520905393,2019-01-11,-0.006331050619520884,0
2594,John Hoeven,AAPL,Purchase,Self,Stock,75000.5,11.22526339231845,7,-0.5641773890713289,2019-01-11,0.06618507871775536,1
2600,John Hoeven,T,Sale (Partial),Self,Stock,32500.5,10.389041521098926,15,1.6923943933422796,2019-01-11,-0.06720106042832263,0
2601,John Hoeven,FDX,Sale (Full),Self,Stock,32500.5,10.389041521098926,15,0.5519878321669721,2019-01-11,-0.015845111869714268,0
2583,James M Inhofe,DAL,Sale (Full),Self,Stock,75000.5,11.22526339231845,1,-0.2817210812871179,2019-01-17,-0.050698211006710014,0
2587,James M Inhofe,V,Sale (Partial),Self,Stock,75000.5,11.22526339231845,2,1.130168998158369,2019-01-17,0.015278235672782081,1
2588,James M Inhofe,AMZN,Sale (Partial),Self,Stock,175000.5,12.072549824297488,2,1.8532968011268793,2019-01-17,-0.06077679390169988,0
2589,James M Inhofe,MRK,Sale (Full),Self,Stock,175000.5,12.072549824297488,6,0.46980625001134874,2019-01-17,0.01380368124890774,1
2543,"David A Perdue , Jr",T,Purchase,Joint,Stock,8000.5,8.987384303086046,4,-1.0960512616655143,2019-02-04,-0.00225157341270088,0
2546,"David A Perdue , Jr",BOIVF,Purchase,Joint,Stock,8000.5,8.987384303086046,4,0.11925963854659405,2019-02-04,0.04856854837506752,1
2548,"David A Perdue , Jr",T,Purchase,Joint,Stock,32500.5,10.389041521098926,5,-1.0960512616655143,2019-02-04,-0.00225157341270088,0
2558,"David A Perdue , Jr",BWXT,Purchase,Joint,Stock,8000.5,8.987384303086046,20,1.153594278784769,2019-02-04,0.0021947344308939076,1
2560,"David A Perdue , Jr",DVN,Purchase,Joint,Stock,8000.5,8.987384303086046,26,0.34321085757008374,2019-02-04,0.07501405126546445,1
2564,"David A Perdue , Jr",BWXT,Purchase,Joint,Stock,8000.5,8.987384303086046,27,1.153594278784769,2019-02-04,0.0021947344308939076,1
2565,"David A Perdue , Jr",GPK,Purchase,Joint,Stock,8000.5,8.987384303086046,27,1.1915273003297546,2019-02-04,-0.013938193759061468,0
2567,"David A Perdue , Jr",BWXT,Purchase,Joint,Stock,8000.5,8.987384303086046,28,1.153594278784769,2019-02-04,0.0021947344308939076,1
2568,"David A Perdue , Jr",BWXT,Purchase,Joint,Stock,8000.5,8.987384303086046,31,1.153594278784769,2019-02-04,0.0021947344308939076,1
2569,"David A Perdue , Jr",CZR,Purchase,Joint,Stock,8000.5,8.987384303086046,31,1.1154966857165582,2019-02-04,-0.05164151307972109,0
2571,"David A Perdue , Jr",DVN,Purchase,Joint,Stock,32500.5,10.389041521098926,31,0.34321085757008374,2019-02-04,0.07501405126546445,1
2573,"David A Perdue , Jr",AAPL,Purchase,Joint,Stock,8000.5,8.987384303086046,32,2.365100621606966,2019-02-04,0.05083826182581386,1
2574,"David A Perdue , Jr",BWXT,Purchase,Joint,Stock,8000.5,8.987384303086046,32,1.153594278784769,2019-02-04,0.0021947344308939076,1
2540,Sheldon Whitehouse,T,Purchase,Self,Stock,8000.5,8.987384303086046,19,-0.45282933691569843,2019-02-12,0.03308969881558688,1
2519,William Cassidy,XOM,Purchase,Spouse,Stock,8000.5,8.987384303086046,27,1.450615808776617,2019-02-21,0.019175012955402693,1
2521,William Cassidy,DIS,Purchase,Spouse,Stock,8000.5,8.987384303086046,27,0.9382479014030152,2019-02-21,-0.031156396000247222,0
2522,William Cassidy,CMCSA,Purchase,Spouse,Stock,8000.5,8.987384303086046,27,1.4349610536448913,2019-02-21,0.015247618532189477,1
2523,William Cassidy,CSCO,Purchase,Spouse,Stock,8000.5,8.987384303086046,27,1.1792377366390325,2019-02-21,0.08078718151177289,1
2524,William Cassidy,CVS,Purchase,Spouse,Stock,8000.5,8.987384303086046,27,-1.664427200696052,2019-02-21,-0.17872569840930153,0
2525,William Cassidy,AAPL,Purchase,Spouse,Stock,8000.5,8.987384303086046,27,0.5928156475789516,2019-02-21,0.10880336039248162,1
2515,James M Inhofe,MSFT,Sale (Full),Self,Stock,32500.5,10.389041521098926,27,1.5036167407893983,2019-02-25,0.04157385114491907,1
2510,"Angus S King, Jr.",AMZN,Purchase,Spouse,Stock,8000.5,8.987384303086046,26,0.07874270958481941,2019-02-26,0.09327214525614536,1
2508,Thomas R Tillis,CVS,Sale (Partial),Joint,Stock,8000.5,8.987384303086046,69,-3.0367188009365482,2019-02-27,-0.11170260945404731,0
2495,John F Reed,QCOM,Sale (Full),Joint,Stock,8000.5,8.987384303086046,25,1.0539152750826715,2019-03-01,0.01600442928913992,1
2497,John F Reed,INTC,Sale (Full),Joint,Stock,8000.5,8.987384303086046,25,1.2520290065210449,2019-03-01,0.023802988787337442,1
2501,John F Reed,FDX,Sale (Partial),Joint,Stock,8000.5,8.987384303086046,25,0.12132602815695281,2019-03-01,0.04267335006609452,1
2502,John F Reed,DHR,Sale (Full),Joint,Stock,8000.5,8.987384303086046,25,4.340432990868171,2019-03-01,-0.00452307864815471,0
2503,John F Reed,COST,Sale (Full),Joint,Stock,8000.5,8.987384303086046,25,0.8724388826367179,2019-03-01,0.0678456891945376,1
2504,John F Reed,CSCO,Sale (Full),Joint,Stock,8000.5,8.987384303086046,25,1.4522264389274238,2019-03-01,0.06018961038050641,1
2505,John F Reed,CVS,Sale (Full),Joint,Stock,8000.5,8.987384303086046,25,-2.8453583437308567,2019-03-01,-0.12625257956271296,0
2506,John F Reed,AAPL,Sale (Partial),Joint,Stock,8000.5,8.987384303086046,25,0.4633525179427702,2019-03-01,0.10186123161763039,1
2507,John F Reed,AMGN,Sale (Full),Joint,Stock,8000.5,8.987384303086046,25,0.4708107349827544,2019-03-01,-0.033373488959405506,0
2413,"A. Mitchell Mcconnell, Jr.",WFC,Purchase,Spouse,Stock,8000.5,8.987384303086046,1,0.37684919324570443,2019-03-06,-0.08926658287417255,0
2415,"David A Perdue , Jr",BOIVF,Purchase,Joint,Stock,8000.5,8.987384303086046,21,1.7171839343893394,2019-03-06,0.04207626729856617,1
2416,"David A Perdue , Jr",BWXT,Sale (Partial),Joint,Stock,8000.5,8.987384303086046,7,-0.3981890903077315,2019-03-06,0.00417843482211766,1
2420,"David A Perdue , Jr",BWXT,Sale (Partial),Joint,Stock,32500.5,10.389041521098926,8,-0.3981890903077315,2019-03-06,0.00417843482211766,1
2422,"David A Perdue , Jr",PEP,Sale (Partial),Joint,Stock,32500.5,10.389041521098926,9,0.6498658431315617,2019-03-06,0.045016796630131584,1
2425,"David A Perdue , Jr",PG,Sale (Partial),Joint,Stock,32500.5,10.389041521098926,9,0.015716913263907315,2019-03-06,0.02624588677661377,1
2427,"David A Perdue , Jr",KO,Purchase,Joint,Stock,8000.5,8.987384303086046,9,-1.1326676372085656,2019-03-06,-0.0034385608146261237,0
2429,"David A Perdue , Jr",CSCO,Sale (Partial),Joint,Stock,32500.5,10.389041521098926,9,1.2366023711042522,2019-03-06,0.04609818032308777,1
2430,"David A Perdue , Jr",SYY,Sale (Partial),Joint,Stock,8000.5,8.987384303086046,9,-0.29608281966380057,2019-03-06,0.022079000414093164,1
2432,"David A Perdue , Jr",ORCL,Sale (Partial),Joint,Stock,8000.5,8.987384303086046,9,0.33813523858717326,2019-03-06,-0.0030148422244877793,0
2433,"David A Perdue , Jr",MSFT,Sale (Partial),Joint,Stock,32500.5,10.389041521098926,9,0.7861517241118019,2019-03-06,0.045961856593647044,1
2434,"David A Perdue , Jr",COP,Sale (Partial),Joint,Stock,8000.5,8.987384303086046,9,-0.15474751421729394,2019-03-06,-0.08045758906147538,0
2440,"David A Perdue , Jr",BRK-B,Sale (Partial),Joint,Stock,8000.5,8.987384303086046,9,-0.5274465933372067,2019-03-06,0.004635509810309912,1
2441,"David A Perdue , Jr",WFC,Purchase,Joint,Stock,8000.5,8.987384303086046,9,0.37684919324570443,2019-03-06,-0.08926658287417255,0
2443,"David A Perdue , Jr",GLW,Sale (Partial),Joint,Stock,8000.5,8.987384303086046,15,0.1379409185883737,2019-03-06,-0.03211165488372947,0
2444,"David A Perdue , Jr",MRK,Sale (Partial),Joint,Stock,32500.5,10.389041521098926,15,0.5154625105024755,2019-03-06,-0.12839794754225176,0
2445,"David A Perdue , Jr",MOS,Sale (Partial),Joint,Stock,32500.5,10.389041521098926,15,-1.4852848652150477,2019-03-06,-0.12341516555153609,0
2447,"David A Perdue , Jr",ENTG,Sale (Partial),Joint,Stock,8000.5,8.987384303086046,15,0.11472578221058383,2019-03-06,0.09677222408906183,1
2448,"David A Perdue , Jr",GM,Sale (Partial),Joint,Stock,32500.5,10.389041521098926,15,-0.44686031652957464,2019-03-06,-0.009567462161822249,0
2452,"David A Perdue , Jr",PG,Sale (Partial),Joint,Stock,32500.5,10.389041521098926,22,0.015716913263907315,2019-03-06,0.02624588677661377,1
2454,"David A Perdue , Jr",BOIVF,Purchase,Joint,Stock,8000.5,8.987384303086046,26,1.7171839343893394,2019-03-06,0.04207626729856617,1
2457,"David A Perdue , Jr",OKE,Sale (Partial),Joint,Stock,8000.5,8.987384303086046,27,-0.20320097137044954,2019-03-06,0.02201659254102184,1
2462,"David A Perdue , Jr",BOIVF,Purchase,Joint,Stock,8000.5,8.987384303086046,27,1.7171839343893394,2019-03-06,0.04207626729856617,1
2466,"David A Perdue , Jr",T,Purchase,Joint,Stock,8000.5,8.987384303086046,28,-0.6431281861221603,2019-03-06,0.028085434467492565,1
2467,"David A Perdue , Jr",T,Purchase,Joint,Stock,32500.5,10.389041521098926,29,-0.6431281861221603,2019-03-06,0.028085434467492565,1
2469,"David A Perdue , Jr",T,Purchase,Joint,Stock,8000.5,8.987384303086046,29,-0.6431281861221603,2019-03-06,0.028085434467492565,1
2475,"David A Perdue , Jr",BOIVF,Purchase,Joint,Stock,8000.5,8.987384303086046,33,1.7171839343893394,2019-03-06,0.04207626729856617,1
2476,"David A Perdue , Jr",T,Purchase,Joint,Stock,32500.5,10.389041521098926,33,-0.6431281861221603,2019-03-06,0.028085434467492565,1
2374,John F Reed,SLB,Sale (Full),Self,Stock,8000.5,8.987384303086046,18,-0.2667985079183555,2019-03-18,-0.057088121786555646,0
2375,John F Reed,QCOM,Sale (Full),Self,Stock,32500.5,10.389041521098926,18,1.1912726692499,2019-03-18,0.4741672055618529,1
2376,John F Reed,PEP,Sale (Full),Self,Stock,8000.5,8.987384303086046,18,0.4677874286576397,2019-03-18,0.05051921753985633,1
2377,John F Reed,MSFT,Sale (Full),Self,Stock,8000.5,8.987384303086046,18,1.5778841712789395,2019-03-18,0.0694221887275075,1
2379,John F Reed,INTC,Sale (Full),Self,Stock,8000.5,8.987384303086046,18,0.5496290366163029,2019-03-18,-0.09796733697620308,0
2382,John F Reed,FDX,Sale (Full),Self,Stock,8000.5,8.987384303086046,18,0.3720437853988489,2019-03-18,-0.002699287716722454,0
2383,John F Reed,DHR,Sale (Full),Self,Stock,8000.5,8.987384303086046,18,1.475037333394632,2019-03-18,-0.007283479467213194,0
2384,John F Reed,COST,Sale (Full),Self,Stock,8000.5,8.987384303086046,18,2.0634045796785307,2019-03-18,-0.0036185585280916754,0
2386,John F Reed,CVS,Sale (Full),Self,Stock,8000.5,8.987384303086046,18,-0.5344842095605694,2019-03-18,-0.08181479597247943,0
2387,John F Reed,AAPL,Sale (Full),Self,Stock,32500.5,10.389041521098926,18,1.6491090006428208,2019-03-18,0.02587458445415236,1
2394,John F Reed,AAPL,Sale (Full),Joint,Stock,8000.5,8.987384303086046,18,1.6491090006428208,2019-03-18,0.02587458445415236,1
2362,Sheldon Whitehouse,NFLX,Sale (Partial),Spouse,Stock,8000.5,8.987384303086046,26,0.23025121028386442,2019-03-25,-0.02030904620775864,0
2363,Sheldon Whitehouse,T,Purchase,Joint,Stock,8000.5,8.987384303086046,26,0.28397571109526454,2019-03-25,-0.03965897072839897,0
2366,Sheldon Whitehouse,PEP,Purchase,Joint,Stock,8000.5,8.987384303086046,26,1.5400654143611696,2019-03-25,0.010590184470145259,1
2367,Sheldon Whitehouse,PG,Purchase,Joint,Stock,8000.5,8.987384303086046,26,0.7575194417402886,2019-03-25,-0.004985910874985899,0
2360,James M Inhofe,DHR,Sale (Full),Self,Stock,32500.5,10.389041521098926,25,1.002401912528222,2019-03-26,-0.01791915549912204,0
2304,John Hoeven,TGT,Purchase,Self,Stock,75000.5,11.22526339231845,18,0.4682701890103884,2019-04-09,-0.03258568511700566,0
2311,"David A Perdue , Jr",FDX,Purchase,Joint,Stock,8000.5,8.987384303086046,4,1.0824995976550764,2019-04-09,-0.1412966476947224,0
2313,"David A Perdue , Jr",BWXT,Sale (Partial),Joint,Stock,8000.5,8.987384303086046,4,0.19059125220907996,2019-04-09,-0.0411298661225149,0
2314,"David A Perdue , Jr",LYV,Sale (Partial),Joint,Stock,8000.5,8.987384303086046,6,-0.023214426176889284,2019-04-09,-0.0029813344449088897,0
2315,"David A Perdue , Jr",MOS,Purchase,Joint,Stock,8000.5,8.987384303086046,6,-0.18326155059749236,2019-04-09,-0.18001275144472695,0
2316,"David A Perdue , Jr",FDX,Purchase,Joint,Stock,8000.5,8.987384303086046,6,1.0824995976550764,2019-04-09,-0.1412966476947224,0
2317,"David A Perdue , Jr",FDX,Purchase,Joint,Stock,32500.5,10.389041521098926,7,1.0824995976550764,2019-04-09,-0.1412966476947224,0
2318,"David A Perdue , Jr",LYV,Sale (Partial),Joint,Stock,8000.5,8.987384303086046,7,-0.023214426176889284,2019-04-09,-0.0029813344449088897,0
2321,"David A Perdue , Jr",FDX,Purchase,Joint,Stock,8000.5,8.987384303086046,11,1.0824995976550764,2019-04-09,-0.1412966476947224,0
2323,"David A Perdue , Jr",MOS,Purchase,Joint,Stock,8000.5,8.987384303086046,12,-0.18326155059749236,2019-04-09,-0.18001275144472695,0
2324,"David A Perdue , Jr",FDX,Purchase,Joint,Stock,32500.5,10.389041521098926,12,1.0824995976550764,2019-04-09,-0.1412966476947224,0
2325,"David A Perdue , Jr",FDX,Purchase,Joint,Stock,8000.5,8.987384303086046,12,1.0824995976550764,2019-04-09,-0.1412966476947224,0
2327,"David A Perdue , Jr",KMI,Sale (Partial),Joint,Stock,8000.5,8.987384303086046,12,-0.12028488216790521,2019-04-09,0.02847179059026661,1
2330,"David A Perdue , Jr",MSFT,Sale (Partial),Joint,Stock,8000.5,8.987384303086046,15,0.3761616900691286,2019-04-09,0.07618601161162453,1
2331,"David A Perdue , Jr",CSCO,Sale (Partial),Joint,Stock,8000.5,8.987384303086046,15,0.6873524599675347,2019-04-09,0.015089765838894098,1
2332,"David A Perdue , Jr",ORCL,Sale (Partial),Joint,Stock,8000.5,8.987384303086046,15,0.2219461664626489,2019-04-09,0.012720787691353652,1
2333,"David A Perdue , Jr",GOOG,Purchase,Joint,Stock,32500.5,10.389041521098926,15,0.03024356204752894,2019-04-09,-0.032432075137694194,0
2334,"David A Perdue , Jr",IBM,Sale (Full),Joint,Stock,32500.5,10.389041521098926,19,0.2642600954313324,2019-04-09,-0.03468471042732657,0
2335,"David A Perdue , Jr",BWXT,Sale (Partial),Joint,Stock,8000.5,8.987384303086046,21,0.19059125220907996,2019-04-09,-0.0411298661225149,0
2343,"David A Perdue , Jr",TRP,Sale (Partial),Joint,Stock,8000.5,8.987384303086046,33,0.34484937405025856,2019-04-09,0.07023711497080265,1
2346,"David A Perdue , Jr",TRP,Sale (Partial),Joint,Stock,8000.5,8.987384303086046,34,0.34484937405025856,2019-04-09,0.07023711497080265,1
2347,"David A Perdue , Jr",BWXT,Sale (Partial),Joint,Stock,8000.5,8.987384303086046,39,0.19059125220907996,2019-04-09,-0.0411298661225149,0
2240,Shelley M Capito,V,Sale (Full),Spouse,Stock,8000.5,8.987384303086046,37,0.7503654044953894,2019-04-17,0.05453678202464485,1
2245,Shelley M Capito,SLB,Sale (Full),Spouse,Stock,8000.5,8.987384303086046,37,1.465442140769324,2019-04-17,-0.21930831323661726,0
2255,Shelley M Capito,JPM,Sale (Full),Spouse,Stock,8000.5,8.987384303086046,37,2.794715733726456,2019-04-17,-0.023976371189090018,0
2258,Shelley M Capito,MSFT,Sale (Full),Spouse,Stock,8000.5,8.987384303086046,37,0.6786052507206236,2019-04-17,0.06467487971188424,1
2262,Shelley M Capito,INTC,Sale (Full),Spouse,Stock,8000.5,8.987384303086046,37,1.7706225092363501,2019-04-17,-0.19896128083718534,0
2266,Shelley M Capito,GILD,Sale (Full),Spouse,Stock,8000.5,8.987384303086046,37,-0.8283896137438479,2019-04-17,0.033179264157409794,1
2268,Shelley M Capito,ENB,Sale (Full),Spouse,Stock,8000.5,8.987384303086046,37,0.23910523399220063,2019-04-17,0.042254626850353416,1
2271,Shelley M Capito,DHR,Sale (Full),Spouse,Stock,8000.5,8.987384303086046,37,-1.7490397973858536,2019-04-17,0.1060843591456394,1
2273,Shelley M Capito,CVX,Sale (Full),Spouse,Stock,8000.5,8.987384303086046,37,-0.8837406473061294,2019-04-17,-0.004390340663854353,0
2281,Shelley M Capito,AAPL,Sale (Full),Spouse,Stock,8000.5,8.987384303086046,37,1.0525733704469291,2019-04-17,-0.0891485819614053,0
2283,Shelley M Capito,AMZN,Sale (Full),Spouse,Stock,8000.5,8.987384303086046,37,0.555984631606211,2019-04-17,0.0008616190902405174,1
2284,Shelley M Capito,GOOG,Sale (Full),Spouse,Stock,8000.5,8.987384303086046,37,0.8544127618413901,2019-04-17,-0.058351509641379695,0
2288,Shelley M Capito,KO,Purchase,Self,Stock,8000.5,8.987384303086046,44,0.7619878537355487,2019-04-17,0.08811818585803899,1
2294,Sheldon Whitehouse,BA,Sale (Full),Spouse,Stock,8000.5,8.987384303086046,33,-0.003512372792348873,2019-04-17,-0.04613125993393319,0
2296,Sheldon Whitehouse,BA,Sale (Full),Joint,Stock,32500.5,10.389041521098926,33,-0.003512372792348873,2019-04-17,-0.04613125993393319,0
2237,Tina Smith,ABT,Sale (Full),Joint,Stock,375000.5,12.834685304944548,15,-0.40611256538345336,2019-04-24,0.06894312480312914,1
2230,Thomas R Carper,QCOM,Sale (Full),Spouse,Stock,8000.5,8.987384303086046,14,3.9908013403117915,2019-05-01,-0.18270189509129842,0
2185,"David A Perdue , Jr",BWXT,Sale (Partial),Joint,Stock,8000.5,8.987384303086046,7,-0.3114381165262813,2019-05-07,-0.009816817373600406,0
2186,"David A Perdue , Jr",ENTG,Sale (Partial),Joint,Stock,8000.5,8.987384303086046,7,0.051020860138608785,2019-05-07,-0.0983022345685517,0
2187,"David A Perdue , Jr",GLW,Purchase,Joint,Stock,8000.5,8.987384303086046,7,-2.019622793816263,2019-05-07,0.031605518060958904,1
2188,"David A Perdue , Jr",BWXT,Sale (Partial),Joint,Stock,8000.5,8.987384303086046,8,-0.3114381165262813,2019-05-07,-0.009816817373600406,0
2189,"David A Perdue , Jr",FDX,Purchase,Joint,Stock,8000.5,8.987384303086046,11,-1.2902247045842277,2019-05-07,-0.09586398557128206,0
2191,"David A Perdue , Jr",FDX,Purchase,Joint,Stock,8000.5,8.987384303086046,12,-1.2902247045842277,2019-05-07,-0.09586398557128206,0
2193,"David A Perdue , Jr",LYV,Sale (Partial),Joint,Stock,32500.5,10.389041521098926,13,-0.43491652098947736,2019-05-07,0.023699703101455638,1
2194,"David A Perdue , Jr",BWXT,Sale (Partial),Joint,Stock,8000.5,8.987384303086046,14,-0.3114381165262813,2019-05-07,-0.009816817373600406,0
2195,"David A Perdue , Jr",ENTG,Sale (Partial),Joint,Stock,8000.5,8.987384303086046,15,0.051020860138608785,2019-05-07,-0.0983022345685517,0
2196,"David A Perdue , Jr",TRP,Sale (Full),Joint,Stock,8000.5,8.987384303086046,19,-0.2890325681382895,2019-05-07,0.04782024870682666,1
2197,"David A Perdue , Jr",TRP,Sale (Partial),Joint,Stock,8000.5,8.987384303086046,20,-0.2890325681382895,2019-05-07,0.04782024870682666,1
2200,"David A Perdue , Jr",WMB,Sale (Partial),Joint,Stock,8000.5,8.987384303086046,21,-0.426798661211904,2019-05-07,-0.03852904575974414,0
2201,"David A Perdue , Jr",LYV,Sale (Partial),Joint,Stock,8000.5,8.987384303086046,21,-0.43491652098947736,2019-05-07,0.023699703101455638,1
2202,"David A Perdue , Jr",ENTG,Sale (Partial),Joint,Stock,32500.5,10.389041521098926,21,0.051020860138608785,2019-05-07,-0.0983022345685517,0
2204,"David A Perdue , Jr",TRP,Sale (Partial),Joint,Stock,8000.5,8.987384303086046,22,-0.2890325681382895,2019-05-07,0.04782024870682666,1
2206,"David A Perdue , Jr",BWXT,Sale (Partial),Joint,Stock,8000.5,8.987384303086046,25,-0.3114381165262813,2019-05-07,-0.009816817373600406,0
2208,"David A Perdue , Jr",BWXT,Sale (Partial),Joint,Stock,8000.5,8.987384303086046,26,-0.3114381165262813,2019-05-07,-0.009816817373600406,0
2209,"David A Perdue , Jr",MRK,Sale (Partial),Joint,Stock,32500.5,10.389041521098926,27,0.1787838630976367,2019-05-07,0.07794689767326202,1
2210,"David A Perdue , Jr",DIS,Sale (Partial),Joint,Stock,8000.5,8.987384303086046,27,0.49749286751201377,2019-05-07,0.03823827494069909,1
2212,"David A Perdue , Jr",EMR,Sale (Partial),Joint,Stock,32500.5,10.389041521098926,27,-1.736645643476615,2019-05-07,-0.07779018285741834,0
2214,"David A Perdue , Jr",FDX,Purchase,Joint,Stock,8000.5,8.987384303086046,28,-1.2902247045842277,2019-05-07,-0.09586398557128206,0
2215,"David A Perdue , Jr",AAPL,Sale (Partial),Joint,Stock,32500.5,10.389041521098926,29,-0.14179649883639106,2019-05-07,-0.04241511999090464,0
2216,"David A Perdue , Jr",FDX,Purchase,Joint,Stock,8000.5,8.987384303086046,29,-1.2902247045842277,2019-05-07,-0.09586398557128206,0
2218,"David A Perdue , Jr",BWXT,Sale (Partial),Joint,Stock,8000.5,8.987384303086046,29,-0.3114381165262813,2019-05-07,-0.009816817373600406,0
2220,"David A Perdue , Jr",LYV,Sale (Partial),Joint,Stock,8000.5,8.987384303086046,29,-0.43491652098947736,2019-05-07,0.023699703101455638,1
2175,Sheldon Whitehouse,INTC,Purchase,Spouse,Stock,8000.5,8.987384303086046,20,-2.746822454975548,2019-05-08,-0.07060372282130956,0
2179,Sheldon Whitehouse,VZ,Purchase,Self,Stock,8000.5,8.987384303086046,20,-0.6794759584918529,2019-05-08,-0.01194354532730113,0
2181,Sheldon Whitehouse,T,Purchase,Self,Stock,8000.5,8.987384303086046,20,-1.1934154320629198,2019-05-08,0.044956554108584346,1
2184,Sheldon Whitehouse,INTC,Purchase,Self,Stock,32500.5,10.389041521098926,20,-2.746822454975548,2019-05-08,-0.07060372282130956,0
2141,Shelley M Capito,C,Sale (Partial),Spouse,Stock,8000.5,8.987384303086046,32,-0.5029706329727196,2019-05-11,-0.0016981167237555272,0
2142,Shelley M Capito,WFC,Sale (Full),Spouse,Stock,32500.5,10.389041521098926,32,-0.30867781582952475,2019-05-11,-0.03935003420470473,0
2143,Shelley M Capito,WFC,Sale (Partial),Spouse,Stock,32500.5,10.389041521098926,40,-0.30867781582952475,2019-05-11,-0.03935003420470473,0
2084,"Jerry Moran,",GS,Sale (Full),Spouse,Stock,8000.5,8.987384303086046,147,-0.9029407004625892,2019-05-15,-0.00772405789203523,0
2085,"Jerry Moran,",GOOG,Sale (Partial),Spouse,Stock,8000.5,8.987384303086046,147,-0.969735337500354,2019-05-15,-0.09835127067924587,0
2087,"Jerry Moran,",CVS,Purchase,Spouse,Stock,8000.5,8.987384303086046,147,-0.8161592025607722,2019-05-15,0.014347084149734624,1
2088,"Jerry Moran,",COST,Purchase,Spouse,Stock,8000.5,8.987384303086046,147,0.08339136449951028,2019-05-15,0.06287026033674703,1
2089,"Jerry Moran,",BAC,Purchase,Spouse,Stock,8000.5,8.987384303086046,147,-1.3385166545996772,2019-05-15,-0.025419662829772594,0
2090,"Jerry Moran,",AAPL,Purchase,Spouse,Stock,8000.5,8.987384303086046,147,-1.5010908319417773,2019-05-15,0.0236056551253363,1
2093,"Jerry Moran,",WFC,Purchase,Spouse,Stock,8000.5,8.987384303086046,160,-1.1554323223882927,2019-05-15,-0.012774973293784964,0
2094,"Jerry Moran,",VZ,Purchase,Spouse,Stock,8000.5,8.987384303086046,160,-0.089746165920816,2019-05-15,-0.014846652895365686,0
2095,"Jerry Moran,",USB,Purchase,Spouse,Stock,8000.5,8.987384303086046,160,-0.8862727424542246,2019-05-15,0.000838037725233276,1
2097,"Jerry Moran,",MSFT,Purchase,Spouse,Stock,8000.5,8.987384303086046,160,-0.0890426742141542,2019-05-15,0.041921805367085785,1
2099,"Jerry Moran,",JPM,Purchase,Spouse,Stock,8000.5,8.987384303086046,160,-1.0562521483406866,2019-05-15,-0.03223692284199464,0
2100,"Jerry Moran,",GS,Purchase,Spouse,Stock,8000.5,8.987384303086046,160,-0.9029407004625892,2019-05-15,-0.00772405789203523,0
2101,"Jerry Moran,",XOM,Purchase,Spouse,Stock,8000.5,8.987384303086046,160,-1.1871929774710164,2019-05-15,-0.02979356433647873,0
2102,"Jerry Moran,",DIS,Purchase,Spouse,Stock,8000.5,8.987384303086046,160,0.013754158957964295,2019-05-15,0.011711869379409157,1
2104,"Jerry Moran,",COST,Purchase,Spouse,Stock,8000.5,8.987384303086046,160,0.08339136449951028,2019-05-15,0.06287026033674703,1
2105,"Jerry Moran,",AAPL,Purchase,Spouse,Stock,8000.5,8.987384303086046,160,-1.5010908319417773,2019-05-15,0.0236056551253363,1
2106,"Jerry Moran,",BRK-B,Purchase,Spouse,Stock,32500.5,10.389041521098926,160,-1.6150897895921499,2019-05-15,0.021944706731287233,1
2107,"Jerry Moran,",GOOG,Purchase,Spouse,Stock,8000.5,8.987384303086046,160,-0.969735337500354,2019-05-15,-0.09835127067924587,0
2108,"Jerry Moran,",ABBV,Purchase,Spouse,Stock,8000.5,8.987384303086046,160,0.08131854446537293,2019-05-15,-0.134041336562284,0
2110,"Jerry Moran,",WFC,Sale (Partial),Self,Stock,8000.5,8.987384303086046,147,-1.1554323223882927,2019-05-15,-0.012774973293784964,0
2113,"Jerry Moran,",JPM,Sale (Partial),Self,Stock,8000.5,8.987384303086046,147,-1.0562521483406866,2019-05-15,-0.03223692284199464,0
2115,"Jerry Moran,",XOM,Sale (Partial),Self,Stock,8000.5,8.987384303086046,147,-1.1871929774710164,2019-05-15,-0.02979356433647873,0
2122,"Jerry Moran,",PFE,Sale (Full),Self,Stock,8000.5,8.987384303086046,160,0.7908609553934743,2019-05-15,0.03281533330798725,1
2124,"Jerry Moran,",WFC,Purchase,Self,Stock,32500.5,10.389041521098926,160,-1.1554323223882927,2019-05-15,-0.012774973293784964,0
2133,"Jerry Moran,",DIS,Purchase,Self,Stock,32500.5,10.389041521098926,160,0.013754158957964295,2019-05-15,0.011711869379409157,1
2068,Rafael E Cruz,GS,Sale (Partial),Joint,Stock,75000.5,11.22526339231845,9,-1.0118989774391498,2019-05-24,0.02557016420194147,1
2035,"David A Perdue , Jr",M,Purchase,Joint,Stock,8000.5,8.987384303086046,5,0.00011989710802069331,2019-06-04,-0.06597349657967311,0
2037,"David A Perdue , Jr",PG,Sale (Partial),Joint,Stock,8000.5,8.987384303086046,5,-0.4207422233127632,2019-06-04,0.04621780304979617,1
2038,"David A Perdue , Jr",PEP,Sale (Partial),Joint,Stock,8000.5,8.987384303086046,5,0.21453442899764147,2019-06-04,-0.03260410769580657,0
2045,"David A Perdue , Jr",PEP,Sale (Partial),Joint,Stock,8000.5,8.987384303086046,12,0.21453442899764147,2019-06-04,-0.03260410769580657,0
2046,"David A Perdue , Jr",PG,Sale (Partial),Joint,Stock,8000.5,8.987384303086046,12,-0.4207422233127632,2019-06-04,0.04621780304979617,1
2048,"David A Perdue , Jr",FDX,Purchase,Joint,Stock,8000.5,8.987384303086046,12,-0.9913449906200478,2019-06-04,-0.02713537518335385,0
2052,"David A Perdue , Jr",GLW,Purchase,Joint,Stock,8000.5,8.987384303086046,18,-0.06484338823113987,2019-06-04,0.04176535413259175,1
2053,"David A Perdue , Jr",DIS,Sale (Partial),Joint,Stock,32500.5,10.389041521098926,19,0.3519861648253615,2019-06-04,-0.003864082525619761,0
2054,"David A Perdue , Jr",FDX,Purchase,Joint,Stock,8000.5,8.987384303086046,20,-0.9913449906200478,2019-06-04,-0.02713537518335385,0
2055,"David A Perdue , Jr",GLW,Purchase,Joint,Stock,8000.5,8.987384303086046,20,-0.06484338823113987,2019-06-04,0.04176535413259175,1
2057,"David A Perdue , Jr",BWXT,Sale (Partial),Joint,Stock,8000.5,8.987384303086046,27,-0.09960796622973772,2019-06-04,0.04386018522485924,1
2058,"David A Perdue , Jr",BWXT,Sale (Partial),Joint,Stock,8000.5,8.987384303086046,29,-0.09960796622973772,2019-06-04,0.04386018522485924,1
2060,"David A Perdue , Jr",OKE,Sale (Partial),Joint,Stock,8000.5,8.987384303086046,32,-0.2536916785722872,2019-06-04,0.00839074677135776,1
2061,"David A Perdue , Jr",BWXT,Sale (Partial),Joint,Stock,8000.5,8.987384303086046,32,-0.09960796622973772,2019-06-04,0.04386018522485924,1
2062,"David A Perdue , Jr",BWXT,Sale (Partial),Joint,Stock,8000.5,8.987384303086046,33,-0.09960796622973772,2019-06-04,0.04386018522485924,1
2063,"David A Perdue , Jr",FDX,Purchase,Joint,Stock,8000.5,8.987384303086046,33,-0.9913449906200478,2019-06-04,-0.02713537518335385,0
2064,"David A Perdue , Jr",FDX,Purchase,Joint,Stock,8000.5,8.987384303086046,34,-0.9913449906200478,2019-06-04,-0.02713537518335385,0
2032,Sheldon Whitehouse,NVDA,Purchase,Joint,Stock,8000.5,8.987384303086046,25,0.29935699856283843,2019-06-11,0.14173487189073586,1
2033,Sheldon Whitehouse,CVS,Purchase,Self,Stock,8000.5,8.987384303086046,26,0.3693152061116543,2019-06-11,-0.005977844852157244,0
2018,Jacklyn S Rosen,VFC,Exchange,Joint,Stock,8000.5,8.987384303086046,28,1.1860361591544069,2019-06-20,-0.05484285559455748,0
2011,"A. Mitchell Mcconnell, Jr.",WFC,Purchase,Spouse,Stock,8000.5,8.987384303086046,20,0.9125167550132937,2019-06-21,0.018630943581751436,1
2004,Christopher A Coons,NFLX,Purchase,Child,Stock,8000.5,8.987384303086046,305,0.7103793053453263,2019-06-24,-0.14435265900931493,0
2005,Christopher A Coons,NFLX,Sale (Full),Child,Stock,8000.5,8.987384303086046,243,0.7103793053453263,2019-06-24,-0.14435265900931493,0
2006,Christopher A Coons,NFLX,Sale (Full),Child,Stock,8000.5,8.987384303086046,341,0.7103793053453263,2019-06-24,-0.14435265900931493,0
2007,Christopher A Coons,NFLX,Sale (Full),Child,Stock,8000.5,8.987384303086046,462,0.7103793053453263,2019-06-24,-0.14435265900931493,0
2008,Christopher A Coons,AAPL,Sale (Partial),Child,Stock,8000.5,8.987384303086046,231,1.31485492417049,2019-06-24,0.011931888827803716,1
2009,Christopher A Coons,AAPL,Purchase,Child,Stock,8000.5,8.987384303086046,243,1.31485492417049,2019-06-24,0.011931888827803716,1
2010,Christopher A Coons,MSFT,Sale (Full),Child,Stock,8000.5,8.987384303086046,27,1.870067401527084,2019-06-24,-0.0025386421855090324,0
1978,"David A Perdue , Jr",CZR,Sale (Partial),Joint,Stock,8000.5,8.987384303086046,5,-0.20642601519475035,2019-07-03,-0.15195034048718303,0
1979,"David A Perdue , Jr",CZR,Sale (Partial),Joint,Stock,8000.5,8.987384303086046,6,-0.20642601519475035,2019-07-03,-0.15195034048718303,0
1980,"David A Perdue , Jr",BWXT,Sale (Partial),Joint,Stock,8000.5,8.987384303086046,6,0.4687962639075432,2019-07-03,0.10512962770924783,1
1982,"David A Perdue , Jr",FDX,Purchase,Joint,Stock,8000.5,8.987384303086046,7,-0.12326475664523745,2019-07-03,-0.005921136631700019,0
1984,"David A Perdue , Jr",CZR,Sale (Partial),Joint,Stock,8000.5,8.987384303086046,8,-0.20642601519475035,2019-07-03,-0.15195034048718303,0
1985,"David A Perdue , Jr",OKE,Purchase,Joint,Stock,8000.5,8.987384303086046,8,0.9096751279350069,2019-07-03,0.01530478909406674,1
1993,"David A Perdue , Jr",GLW,Purchase,Joint,Stock,8000.5,8.987384303086046,19,1.15710651638537,2019-07-03,-0.14879210047563007,0
1995,"David A Perdue , Jr",BWXT,Sale (Partial),Joint,Stock,8000.5,8.987384303086046,22,0.4687962639075432,2019-07-03,0.10512962770924783,1
1996,"David A Perdue , Jr",GLW,Purchase,Joint,Stock,8000.5,8.987384303086046,26,1.15710651638537,2019-07-03,-0.14879210047563007,0
1997,"David A Perdue , Jr",GLW,Purchase,Joint,Stock,8000.5,8.987384303086046,27,1.15710651638537,2019-07-03,-0.14879210047563007,0
1965,Pat Roberts,WMT,Sale (Full),Spouse,Stock,75000.5,11.22526339231845,17,0.8178452439229784,2019-07-08,0.02479709634502425,1
1968,Pat Roberts,TGT,Sale (Full),Spouse,Stock,8000.5,8.987384303086046,17,0.49504970700447676,2019-07-08,-0.011079212978999387,0
1957,Shelley M Capito,MSFT,Sale (Partial),Spouse,Stock,8000.5,8.987384303086046,30,0.6300135575692491,2019-07-10,0.02744773792863331,1
1958,Shelley M Capito,INTC,Sale (Partial),Spouse,Stock,8000.5,8.987384303086046,30,0.42601468913345586,2019-07-10,-0.0013582643289821172,0
1960,Shelley M Capito,XOM,Sale (Partial),Spouse,Stock,8000.5,8.987384303086046,30,0.693897220451062,2019-07-10,-0.07987434487918033,0
1961,Shelley M Capito,C,Sale (Partial),Spouse,Stock,8000.5,8.987384303086046,30,0.8764470078681541,2019-07-10,-0.09015421386526279,0
1963,James M Inhofe,PYPL,Sale (Full),Self,Stock,32500.5,10.389041521098926,15,0.7348682240318483,2019-07-10,-0.06145074487235247,0
1950,Sheldon Whitehouse,KO,Purchase,Self,Stock,8000.5,8.987384303086046,43,0.22731989008168618,2019-07-18,0.07895834902759613,1
1903,"David A Perdue , Jr",T,Purchase,Joint,Stock,8000.5,8.987384303086046,11,-0.03901551753560248,2019-08-05,0.04933550569998446,1
1904,"David A Perdue , Jr",KO,Purchase,Joint,Stock,8000.5,8.987384303086046,11,-0.8132179157498985,2019-08-05,-0.010104264224812809,0
1905,"David A Perdue , Jr",GE,Sale (Partial),Joint,Stock,8000.5,8.987384303086046,11,-1.3517713324496885,2019-08-05,-0.09130542809104858,0
1906,"David A Perdue , Jr",PYPL,Purchase,Joint,Stock,8000.5,8.987384303086046,11,-2.863653967886342,2019-08-05,-0.022604670901509527,0
1909,"David A Perdue , Jr",KR,Purchase,Joint,Stock,32500.5,10.389041521098926,3,0.40365070738008463,2019-08-05,0.10991473827168408,1
1910,"David A Perdue , Jr",GPK,Purchase,Joint,Stock,8000.5,8.987384303086046,3,-0.25075312707340086,2019-08-05,-0.067904286463499,0
1911,"David A Perdue , Jr",CZR,Sale (Partial),Joint,Stock,8000.5,8.987384303086046,3,-1.3535591551083292,2019-08-05,-0.029801128453143866,0
1913,"David A Perdue , Jr",GPK,Purchase,Joint,Stock,8000.5,8.987384303086046,4,-0.25075312707340086,2019-08-05,-0.067904286463499,0
1914,"David A Perdue , Jr",CZR,Sale (Partial),Joint,Stock,8000.5,8.987384303086046,4,-1.3535591551083292,2019-08-05,-0.029801128453143866,0
1915,"David A Perdue , Jr",ENTG,Sale (Partial),Joint,Stock,8000.5,8.987384303086046,4,0.4114679489896357,2019-08-05,0.1114402702796995,1
1917,"David A Perdue , Jr",GPK,Purchase,Joint,Stock,8000.5,8.987384303086046,5,-0.25075312707340086,2019-08-05,-0.067904286463499,0
1918,"David A Perdue , Jr",GPK,Purchase,Joint,Stock,8000.5,8.987384303086046,6,-0.25075312707340086,2019-08-05,-0.067904286463499,0
1919,"David A Perdue , Jr",CZR,Sale (Partial),Joint,Stock,8000.5,8.987384303086046,13,-1.3535591551083292,2019-08-05,-0.029801128453143866,0
1920,"David A Perdue , Jr",CZR,Sale (Partial),Joint,Stock,8000.5,8.987384303086046,17,-1.3535591551083292,2019-08-05,-0.029801128453143866,0
1922,"David A Perdue , Jr",CZR,Sale (Partial),Joint,Stock,8000.5,8.987384303086046,18,-1.3535591551083292,2019-08-05,-0.029801128453143866,0
1923,"David A Perdue , Jr",CZR,Sale (Partial),Joint,Stock,8000.5,8.987384303086046,19,-1.3535591551083292,2019-08-05,-0.029801128453143866,0
1924,"David A Perdue , Jr",CZR,Sale (Partial),Joint,Stock,8000.5,8.987384303086046,20,-1.3535591551083292,2019-08-05,-0.029801128453143866,0
1926,"David A Perdue , Jr",ABBV,Sale (Partial),Joint,Stock,32500.5,10.389041521098926,21,-1.079600957162629,2019-08-05,0.037404899762107036,1
1927,"David A Perdue , Jr",BMY,Purchase,Joint,Stock,32500.5,10.389041521098926,21,0.4427444704916643,2019-08-05,0.03582810456931407,1
1930,"David A Perdue , Jr",DD,Sale (Full),Joint,Stock,8000.5,8.987384303086046,21,-2.0584009703653514,2019-08-05,0.01831542476439285,1
1931,"David A Perdue , Jr",DD,Sale (Partial),Joint,Stock,8000.5,8.987384303086046,21,-2.0584009703653514,2019-08-05,0.01831542476439285,1
1932,"David A Perdue , Jr",ENTG,Purchase,Joint,Stock,8000.5,8.987384303086046,24,0.4114679489896357,2019-08-05,0.1114402702796995,1
1934,"David A Perdue , Jr",CZR,Sale (Partial),Joint,Stock,8000.5,8.987384303086046,26,-1.3535591551083292,2019-08-05,-0.029801128453143866,0
1936,"David A Perdue , Jr",CZR,Sale (Partial),Joint,Stock,8000.5,8.987384303086046,28,-1.3535591551083292,2019-08-05,-0.029801128453143866,0
1938,"David A Perdue , Jr",CZR,Sale (Partial),Joint,Stock,8000.5,8.987384303086046,34,-1.3535591551083292,2019-08-05,-0.029801128453143866,0
1939,"David A Perdue , Jr",CZR,Sale (Partial),Joint,Stock,8000.5,8.987384303086046,35,-1.3535591551083292,2019-08-05,-0.029801128453143866,0
1871,William Cassidy,WMT,Sale (Partial),Spouse,Stock,8000.5,8.987384303086046,243,-1.2041094647049286,2019-08-07,0.03682201626953141,1
1872,William Cassidy,SBUX,Sale (Partial),Spouse,Stock,8000.5,8.987384303086046,243,0.8684591871816429,2019-08-07,-0.08396286557416088,0
1873,William Cassidy,PG,Sale (Partial),Spouse,Stock,8000.5,8.987384303086046,243,0.07435255309552834,2019-08-07,0.009703051209096536,1
1875,William Cassidy,JPM,Purchase,Spouse,Stock,8000.5,8.987384303086046,243,-1.764611909350181,2019-08-07,0.059537870855224106,1
1876,William Cassidy,MSFT,Sale (Partial),Spouse,Stock,8000.5,8.987384303086046,243,-0.6234339616140802,2019-08-07,-0.0027253426957492,0
1879,William Cassidy,XOM,Sale (Partial),Spouse,Stock,8000.5,8.987384303086046,243,-1.97941367089876,2019-08-07,-0.0195680517389607,0
1880,William Cassidy,DIS,Sale (Partial),Spouse,Stock,8000.5,8.987384303086046,243,-1.8318051834765083,2019-08-07,-0.057093057899186284,0
1881,William Cassidy,CMCSA,Sale (Partial),Spouse,Stock,8000.5,8.987384303086046,243,-1.7121117493444151,2019-08-07,0.07309417683476593,1
1882,William Cassidy,CSCO,Sale (Partial),Spouse,Stock,8000.5,8.987384303086046,243,-2.0638804618047417,2019-08-07,-0.1057089696229665,0
1883,William Cassidy,CVS,Sale (Partial),Spouse,Stock,8000.5,8.987384303086046,243,0.9630167646793288,2019-08-07,0.04927836807289454,1
1884,William Cassidy,AAPL,Purchase,Spouse,Stock,8000.5,8.987384303086046,243,-0.7433939347484408,2019-08-07,0.06460316402073563,1
1885,William Cassidy,AMGN,Sale (Partial),Spouse,Stock,8000.5,8.987384303086046,243,0.7169951167510472,2019-08-07,0.02045464902994021,1
1864,John Hoeven,CVS,Sale (Full),Self,Stock,75000.5,11.22526339231845,23,1.036195247203829,2019-08-15,0.0172989323430619,1
1865,John Hoeven,UPS,Sale (Full),Self,Stock,175000.5,12.072549824297488,23,-0.20340600646288598,2019-08-15,0.006571419099127285,1
1861,"Angus S King, Jr.",CMCSA,Purchase,Spouse,Stock,8000.5,8.987384303086046,34,0.32708544699003866,2019-08-26,0.0156914211402448,1
1858,Pat Roberts,NFLX,Purchase,Spouse,Stock,8000.5,8.987384303086046,16,-0.3786684491537605,2019-08-30,-0.03995085311910962,0
1859,Pat Roberts,AMZN,Purchase,Spouse,Stock,32500.5,10.389041521098926,16,-0.15525449557885454,2019-08-30,-0.03440784442350753,0
1824,"David A Perdue , Jr",T,Sale (Partial),Joint,Stock,8000.5,8.987384303086046,8,0.6278305401089369,2019-09-03,0.0432291414762449,1
1826,"David A Perdue , Jr",T,Sale (Partial),Joint,Stock,32500.5,10.389041521098926,12,0.6278305401089369,2019-09-03,0.0432291414762449,1
1827,"David A Perdue , Jr",ENTG,Sale (Partial),Joint,Stock,8000.5,8.987384303086046,13,0.3040530249996101,2019-09-03,0.09882246924366345,1
1828,"David A Perdue , Jr",ENTG,Sale (Partial),Joint,Stock,8000.5,8.987384303086046,15,0.3040530249996101,2019-09-03,0.09882246924366345,1
1829,"David A Perdue , Jr",CZR,Sale (Partial),Joint,Stock,8000.5,8.987384303086046,18,-1.7397027906196159,2019-09-03,0.18205332364822846,1
1830,"David A Perdue , Jr",CZR,Sale (Partial),Joint,Stock,8000.5,8.987384303086046,19,-1.7397027906196159,2019-09-03,0.18205332364822846,1
1831,"David A Perdue , Jr",GPK,Purchase,Joint,Stock,8000.5,8.987384303086046,19,0.21521014408963454,2019-09-03,0.039161084496001086,1
1832,"David A Perdue , Jr",ENTG,Sale (Partial),Joint,Stock,8000.5,8.987384303086046,19,0.3040530249996101,2019-09-03,0.09882246924366345,1
1833,"David A Perdue , Jr",M,Purchase,Joint,Stock,8000.5,8.987384303086046,19,-2.265179875997927,2019-09-03,0.06234288418763256,1
1834,"David A Perdue , Jr",BMY,Sale (Partial),Joint,Stock,32500.5,10.389041521098926,19,0.434038347268891,2019-09-03,0.05089503217857816,1
1835,"David A Perdue , Jr",GPK,Purchase,Joint,Stock,8000.5,8.987384303086046,20,0.21521014408963454,2019-09-03,0.039161084496001086,1
1839,"David A Perdue , Jr",GPK,Purchase,Joint,Stock,8000.5,8.987384303086046,22,0.21521014408963454,2019-09-03,0.039161084496001086,1
1840,"David A Perdue , Jr",DIS,Sale (Partial),Joint,Stock,8000.5,8.987384303086046,25,0.10361536741051727,2019-09-03,-0.07604983201193682,0
1842,"David A Perdue , Jr",GPK,Purchase,Joint,Stock,8000.5,8.987384303086046,25,0.21521014408963454,2019-09-03,0.039161084496001086,1
1844,"David A Perdue , Jr",GPK,Purchase,Joint,Stock,8000.5,8.987384303086046,26,0.21521014408963454,2019-09-03,0.039161084496001086,1
1845,"David A Perdue , Jr",KR,Purchase,Joint,Stock,8000.5,8.987384303086046,26,0.8046447393591565,2019-09-03,-0.015502812943377187,0
1847,"David A Perdue , Jr",M,Purchase,Joint,Stock,8000.5,8.987384303086046,26,-2.265179875997927,2019-09-03,0.06234288418763256,1
1848,"David A Perdue , Jr",KR,Purchase,Joint,Stock,8000.5,8.987384303086046,27,0.8046447393591565,2019-09-03,-0.015502812943377187,0
1849,"David A Perdue , Jr",CZR,Sale (Partial),Joint,Stock,8000.5,8.987384303086046,27,-1.7397027906196159,2019-09-03,0.18205332364822846,1
1851,"David A Perdue , Jr",CZR,Sale (Partial),Joint,Stock,8000.5,8.987384303086046,28,-1.7397027906196159,2019-09-03,0.18205332364822846,1
1852,"David A Perdue , Jr",KR,Purchase,Joint,Stock,32500.5,10.389041521098926,28,0.8046447393591565,2019-09-03,-0.015502812943377187,0
1853,"David A Perdue , Jr",KR,Purchase,Joint,Stock,32500.5,10.389041521098926,29,0.8046447393591565,2019-09-03,-0.015502812943377187,0
1854,"David A Perdue , Jr",CZR,Sale (Partial),Joint,Stock,8000.5,8.987384303086046,29,-1.7397027906196159,2019-09-03,0.18205332364822846,1
1819,William Cassidy,DD,Sale (Full),Spouse,Stock,8000.5,8.987384303086046,41,1.594922256861749,2019-09-11,-0.06739102415965592,0
1817,"A. Mitchell Mcconnell, Jr.",WFC,Purchase,Spouse,Stock,8000.5,8.987384303086046,15,1.642022065955132,2019-09-16,0.044051052317976236,1
1814,John Hoeven,NFLX,Purchase,Self,Stock,75000.5,11.22526339231845,1,-1.1387349789112207,2019-09-25,0.05819443489812559,1
1793,"David A Perdue , Jr",FDX,Purchase,Joint,Stock,8000.5,8.987384303086046,4,-1.8303115162310712,2019-09-30,0.0750830138814802,1
1794,"David A Perdue , Jr",CZR,Sale (Partial),Joint,Stock,8000.5,8.987384303086046,26,-0.41850023345202475,2019-09-30,0.25267787754557003,1
1795,"David A Perdue , Jr",CZR,Sale (Partial),Joint,Stock,8000.5,8.987384303086046,25,-0.41850023345202475,2019-09-30,0.25267787754557003,1
1796,"David A Perdue , Jr",ENTG,Sale (Partial),Joint,Stock,8000.5,8.987384303086046,19,0.37727529260699744,2019-09-30,-0.021383159211781022,0
1797,"David A Perdue , Jr",ENTG,Sale (Partial),Joint,Stock,8000.5,8.987384303086046,17,0.37727529260699744,2019-09-30,-0.021383159211781022,0
1807,"David A Perdue , Jr",OKE,Sale (Partial),Joint,Stock,8000.5,8.987384303086046,11,-0.031383832714326196,2019-09-30,-0.09018049788223881,0
1808,"David A Perdue , Jr",AAPL,Sale (Partial),Joint,Stock,32500.5,10.389041521098926,11,0.7025415605309633,2019-09-30,0.131672375963362,1
1810,"David A Perdue , Jr",GPK,Sale (Partial),Joint,Stock,32500.5,10.389041521098926,5,1.2479488478777168,2019-09-30,0.06403070287317747,1
1778,Sheldon Whitehouse,CVS,Purchase,Self,Stock,8000.5,8.987384303086046,42,-1.1054006672656849,2019-10-08,0.16682899944775698,1
1779,Sheldon Whitehouse,T,Purchase,Self,Stock,8000.5,8.987384303086046,42,-0.0503580175982816,2019-10-08,-0.06722664590932181,0
1731,"Jerry Moran,",WFC,Sale (Partial),Spouse,Stock,8000.5,8.987384303086046,26,0.8147037152687868,2019-10-21,0.010145809390364136,1
1732,"Jerry Moran,",DIS,Sale (Partial),Spouse,Stock,8000.5,8.987384303086046,26,-0.0040825700428029615,2019-10-21,0.10877413367166722,1
1734,"Jerry Moran,",VZ,Sale (Partial),Spouse,Stock,8000.5,8.987384303086046,26,0.42936770468075564,2019-10-21,-0.04190888413371452,0
1739,"Jerry Moran,",JNJ,Purchase,Spouse,Stock,8000.5,8.987384303086046,26,-1.0075762872522502,2019-10-21,0.0395273655427586,1
1740,"Jerry Moran,",INTC,Purchase,Spouse,Stock,8000.5,8.987384303086046,26,0.5446538680257079,2019-10-21,0.043712530353475776,1
1741,"Jerry Moran,",GILD,Purchase,Spouse,Stock,8000.5,8.987384303086046,26,0.6443358371926133,2019-10-21,-0.01867955095350804,0
1744,"Jerry Moran,",XOM,Sale (Partial),Spouse,Stock,8000.5,8.987384303086046,26,-0.11013459947690167,2019-10-21,-0.044378641769251326,0
1745,"Jerry Moran,",COST,Sale (Partial),Spouse,Stock,8000.5,8.987384303086046,26,0.9228207266084033,2019-10-21,-0.0498362796346411,0
1746,"Jerry Moran,",KO,Purchase,Spouse,Stock,8000.5,8.987384303086046,26,0.25706359198579304,2019-10-21,-0.039796918002738324,0
1747,"Jerry Moran,",AAPL,Sale (Partial),Spouse,Stock,8000.5,8.987384303086046,26,1.4109103172408657,2019-10-21,0.046881677922051335,1
1752,"Jerry Moran,",USB,Sale (Partial),Self,Stock,8000.5,8.987384303086046,26,1.255118119634705,2019-10-21,0.016895434350879368,1
1756,"Jerry Moran,",MSFT,Sale (Partial),Self,Stock,8000.5,8.987384303086046,26,0.033619181831571344,2019-10-21,0.04672799773496639,1
1764,"Jerry Moran,",CVS,Sale (Partial),Self,Stock,8000.5,8.987384303086046,26,1.2240873346398058,2019-10-21,0.10527082543297839,1
1767,"Jerry Moran,",BRK-B,Purchase,Self,Stock,8000.5,8.987384303086046,26,0.8064585945690045,2019-10-21,-0.0007078742338009203,0
1768,"Jerry Moran,",BAC,Sale (Partial),Self,Stock,8000.5,8.987384303086046,26,1.634068374433179,2019-10-21,0.026804092102014954,1
1770,"Jerry Moran,",AMZN,Purchase,Self,Stock,8000.5,8.987384303086046,26,0.5451787634830428,2019-10-21,-0.04065994495587466,0
1728,John Hoeven,IBM,Purchase,Self,Stock,75000.5,11.22526339231845,3,-1.2695312181210572,2019-10-24,-0.054613788134397545,0
1715,Pat Roberts,MSFT,Purchase,Spouse,Stock,8000.5,8.987384303086046,11,0.889958743551901,2019-11-03,0.03045711448585653,1
1718,Pat Roberts,AMZN,Sale (Full),Spouse,Stock,8000.5,8.987384303086046,33,0.40704483635659194,2019-11-03,-0.04744936182623416,0
1720,Pat Roberts,AAPL,Sale (Full),Spouse,Stock,32500.5,10.389041521098926,19,1.7741839357293434,2019-11-03,0.04927927073637606,1
1721,Pat Roberts,NVDA,Purchase,Spouse,Stock,8000.5,8.987384303086046,33,0.631499393324983,2019-11-03,0.04482150863983825,1
1722,Pat Roberts,NFLX,Purchase,Spouse,Stock,8000.5,8.987384303086046,3,0.3774684348486406,2019-11-03,0.037546690855329024,1
1723,Pat Roberts,NFLX,Purchase,Spouse,Stock,8000.5,8.987384303086046,33,0.3774684348486406,2019-11-03,0.037546690855329024,1
1724,Pat Roberts,AAPL,Purchase,Spouse,Stock,32500.5,10.389041521098926,31,1.7741839357293434,2019-11-03,0.04927927073637606,1
1663,"David A Perdue , Jr",NFLX,Sale (Full),Joint,Stock,32500.5,10.389041521098926,13,0.3465730341982613,2019-11-05,0.07286490712592442,1
1664,"David A Perdue , Jr",PEP,Sale (Partial),Joint,Stock,8000.5,8.987384303086046,8,-0.9472720281464779,2019-11-05,-0.026282221903231262,0
1665,"David A Perdue , Jr",AAPL,Sale (Partial),Joint,Stock,32500.5,10.389041521098926,8,1.5701797339523524,2019-11-05,0.04702406894924405,1
1666,"David A Perdue , Jr",AAPL,Sale (Partial),Joint,Stock,8000.5,8.987384303086046,8,1.5701797339523524,2019-11-05,0.04702406894924405,1
1668,"David A Perdue , Jr",DIS,Sale (Partial),Joint,Stock,8000.5,8.987384303086046,7,0.20152084556251304,2019-11-05,0.07175835032915256,1
1672,"David A Perdue , Jr",MSFT,Sale (Partial),Joint,Stock,8000.5,8.987384303086046,36,0.86849429536018,2019-11-05,0.0276921743198284,1
1673,"David A Perdue , Jr",COP,Purchase,Joint,Stock,8000.5,8.987384303086046,36,0.9529515362081956,2019-11-05,0.03924923530626989,1
1675,"David A Perdue , Jr",PG,Sale (Partial),Joint,Stock,32500.5,10.389041521098926,36,-0.8704758228635646,2019-11-05,0.0020692496252048276,1
1676,"David A Perdue , Jr",DIS,Sale (Partial),Joint,Stock,32500.5,10.389041521098926,36,0.20152084556251304,2019-11-05,0.07175835032915256,1
1677,"David A Perdue , Jr",USB,Sale (Partial),Joint,Stock,8000.5,8.987384303086046,36,1.6980834525547357,2019-11-05,-0.015306408360268087,0
1678,"David A Perdue , Jr",KO,Sale (Partial),Joint,Stock,8000.5,8.987384303086046,36,-1.271312972236188,2019-11-05,-0.012483748238494519,0
1680,"David A Perdue , Jr",PEP,Sale (Partial),Joint,Stock,8000.5,8.987384303086046,36,-0.9472720281464779,2019-11-05,-0.026282221903231262,0
1681,"David A Perdue , Jr",XOM,Purchase,Joint,Stock,8000.5,8.987384303086046,36,2.063374071085147,2019-11-05,-0.08496323564294372,0
1684,"David A Perdue , Jr",BOIVF,Purchase,Joint,Stock,8000.5,8.987384303086046,36,1.1978936182215885,2019-11-05,-0.043180826040522424,0
1685,"David A Perdue , Jr",ORCL,Sale (Partial),Joint,Stock,8000.5,8.987384303086046,36,0.36138191471177095,2019-11-05,-0.08186365761736936,0
1690,"David A Perdue , Jr",SYY,Sale (Partial),Joint,Stock,8000.5,8.987384303086046,36,0.37538794151042393,2019-11-05,0.008917100211245144,1
1693,"David A Perdue , Jr",ENTG,Sale (Partial),Joint,Stock,8000.5,8.987384303086046,35,0.19539998026362138,2019-11-05,0.00860706875215933,1
1697,"David A Perdue , Jr",SPY,Purchase,Joint,Stock,32500.5,10.389041521098926,25,1.205843313545912,2019-11-05,0.0,0
1699,"David A Perdue , Jr",XOM,Sale (Full),Joint,Stock,32500.5,10.389041521098926,25,2.063374071085147,2019-11-05,-0.08496323564294372,0
1700,"David A Perdue , Jr",RF,Sale (Partial),Joint,Stock,175000.5,12.072549824297488,25,1.5743950213887494,2019-11-05,-0.03334995639146676,0
1702,"David A Perdue , Jr",DVN,Sale (Full),Joint,Stock,175000.5,12.072549824297488,25,1.2338897776155362,2019-11-05,0.03393970145940628,1
1704,"David A Perdue , Jr",SPY,Purchase,Joint,Stock,750000.5,13.527830485510494,25,1.205843313545912,2019-11-05,0.0,0
1706,"David A Perdue , Jr",FDX,Sale (Full),Joint,Stock,175000.5,12.072549824297488,25,1.641147130477689,2019-11-05,-0.15003757171860033,0
1710,"David A Perdue , Jr",ENTG,Sale (Partial),Joint,Stock,8000.5,8.987384303086046,18,0.19539998026362138,2019-11-05,0.00860706875215933,1
1712,"David A Perdue , Jr",RF,Sale (Full),Joint,Stock,32500.5,10.389041521098926,13,1.5743950213887494,2019-11-05,-0.03334995639146676,0
1658,Shelley M Capito,MSFT,Sale (Partial),Spouse,Stock,8000.5,8.987384303086046,27,0.9688880584223327,2019-11-11,0.03536296522994098,1
1633,John Hoeven,XOM,Purchase,Self,Stock,75000.5,11.22526339231845,15,-0.7827549854257402,2019-11-20,0.0003329996874552599,1
1635,John Hoeven,XOM,Purchase,Self,Stock,75000.5,11.22526339231845,16,-0.7827549854257402,2019-11-20,0.0003329996874552599,1
1637,John Hoeven,CVX,Purchase,Self,Stock,75000.5,11.22526339231845,16,-0.5292060321729416,2019-11-20,-0.013630816350697295,0
1629,Pat Roberts,DIS,Purchase,Spouse,Stock,8000.5,8.987384303086046,27,2.0256186902156625,2019-12-01,-0.09493314135685682,0
1575,"David A Perdue , Jr",URBN,Purchase,Joint,Stock,8000.5,8.987384303086046,6,-1.36839987150615,2019-12-05,-0.020797650380520727,0
1576,"David A Perdue , Jr",URBN,Purchase,Joint,Stock,8000.5,8.987384303086046,9,-1.36839987150615,2019-12-05,-0.020797650380520727,0
1577,"David A Perdue , Jr",URBN,Purchase,Joint,Stock,32500.5,10.389041521098926,9,-1.36839987150615,2019-12-05,-0.020797650380520727,0
1581,"David A Perdue , Jr",ENTG,Sale (Partial),Joint,Stock,8000.5,8.987384303086046,16,-0.40121191418726343,2019-12-05,0.17476823068247826,1
1583,"David A Perdue , Jr",SPY,Sale (Partial),Joint,Stock,32500.5,10.389041521098926,21,0.15565539998242514,2019-12-05,0.0,0
1585,"David A Perdue , Jr",GPK,Sale (Partial),Joint,Stock,8000.5,8.987384303086046,21,0.45191666045117945,2019-12-05,-0.06722570110067949,0
1586,"David A Perdue , Jr",XOM,Purchase,Joint,Stock,32500.5,10.389041521098926,21,-0.33706775693107927,2019-12-05,-0.07392366435203979,0
1590,"David A Perdue , Jr",BOIVF,Purchase,Joint,Stock,8000.5,8.987384303086046,24,-0.745143060161387,2019-12-05,-0.07594183976719249,0
1591,"David A Perdue , Jr",FDX,Purchase,Joint,Stock,175000.5,12.072549824297488,24,-0.536039208706254,2019-12-05,-0.03847018449740225,0
1593,"David A Perdue , Jr",SPY,Sale (Partial),Joint,Stock,175000.5,12.072549824297488,24,0.15565539998242514,2019-12-05,0.0,0
1594,"David A Perdue , Jr",DVN,Purchase,Joint,Stock,32500.5,10.389041521098926,24,-0.09680553230782933,2019-12-05,0.07051539432619647,1
1596,"David A Perdue , Jr",RF,Purchase,Joint,Stock,175000.5,12.072549824297488,24,0.07550874246206327,2019-12-05,-0.08757030342552163,0
1599,"David A Perdue , Jr",SPY,Sale (Partial),Joint,Stock,750000.5,13.527830485510494,24,0.15565539998242514,2019-12-05,0.0,0
1600,"David A Perdue , Jr",FDX,Purchase,Joint,Stock,32500.5,10.389041521098926,24,-0.536039208706254,2019-12-05,-0.03847018449740225,0
1601,"David A Perdue , Jr",DVN,Purchase,Joint,Stock,75000.5,11.22526339231845,24,-0.09680553230782933,2019-12-05,0.07051539432619647,1
1606,"David A Perdue , Jr",BOIVF,Purchase,Joint,Stock,8000.5,8.987384303086046,27,-0.745143060161387,2019-12-05,-0.07594183976719249,0
1608,"David A Perdue , Jr",BOIVF,Purchase,Joint,Stock,8000.5,8.987384303086046,28,-0.745143060161387,2019-12-05,-0.07594183976719249,0
1610,"David A Perdue , Jr",BOIVF,Purchase,Joint,Stock,8000.5,8.987384303086046,29,-0.745143060161387,2019-12-05,-0.07594183976719249,0
1611,"David A Perdue , Jr",BOIVF,Purchase,Joint,Stock,8000.5,8.987384303086046,31,-0.745143060161387,2019-12-05,-0.07594183976719249,0
1568,Patrick J Toomey,GE,Sale (Partial),Self,Stock,8000.5,8.987384303086046,35,-0.48044934067964434,2019-12-10,0.014970826301726747,1
1565,John Hoeven,PRU,Purchase,Self,Stock,175000.5,12.072549824297488,23,0.429720827929411,2019-12-12,-0.05774594139582612,0
1567,"A. Mitchell Mcconnell, Jr.",WFC,Purchase,Spouse,Stock,8000.5,8.987384303086046,8,0.35402117152454005,2019-12-12,-0.15936327867235744,0
1544,Sheldon Whitehouse,IBM,Sale (Full),Joint,Stock,8000.5,8.987384303086046,20,0.18080116058267132,2020-01-08,0.07955128088618024,1
1529,John Hoeven,SLB,Purchase,Self,Stock,75000.5,11.22526339231845,9,-0.006352527923573551,2020-01-09,-0.21108454290651435,0
1498,"David A Perdue , Jr",RF,Purchase,Joint,Stock,32500.5,10.389041521098926,7,-0.8948008680011627,2020-01-10,-0.05531585509848935,0
1499,"David A Perdue , Jr",ENTG,Sale (Partial),Joint,Stock,8000.5,8.987384303086046,8,0.4906201607515194,2020-01-10,0.05717625588514064,1
1504,"David A Perdue , Jr",KMI,Purchase,Joint,Stock,8000.5,8.987384303086046,10,0.5199044149570365,2020-01-10,0.018711564355954224,1
1505,"David A Perdue , Jr",URBN,Purchase,Joint,Stock,8000.5,8.987384303086046,11,-0.8182457493985327,2020-01-10,0.019255813067089234,1
1506,"David A Perdue , Jr",URBN,Purchase,Joint,Stock,8000.5,8.987384303086046,18,-0.8182457493985327,2020-01-10,0.019255813067089234,1
1508,"David A Perdue , Jr",URBN,Purchase,Joint,Stock,8000.5,8.987384303086046,22,-0.8182457493985327,2020-01-10,0.019255813067089234,1
1510,"David A Perdue , Jr",FDX,Purchase,Joint,Stock,32500.5,10.389041521098926,23,0.2692081186382426,2020-01-10,-0.03032371959045843,0
1512,"David A Perdue , Jr",URBN,Purchase,Joint,Stock,8000.5,8.987384303086046,25,-0.8182457493985327,2020-01-10,0.019255813067089234,1
1513,"David A Perdue , Jr",ENTG,Sale (Partial),Joint,Stock,8000.5,8.987384303086046,25,0.4906201607515194,2020-01-10,0.05717625588514064,1
1516,"David A Perdue , Jr",URBN,Purchase,Joint,Stock,8000.5,8.987384303086046,28,-0.8182457493985327,2020-01-10,0.019255813067089234,1
1518,"David A Perdue , Jr",URBN,Purchase,Joint,Stock,8000.5,8.987384303086046,30,-0.8182457493985327,2020-01-10,0.019255813067089234,1
1520,"David A Perdue , Jr",URBN,Purchase,Joint,Stock,8000.5,8.987384303086046,31,-0.8182457493985327,2020-01-10,0.019255813067089234,1
1523,"David A Perdue , Jr",URBN,Purchase,Joint,Stock,8000.5,8.987384303086046,35,-0.8182457493985327,2020-01-10,0.019255813067089234,1
1525,"David A Perdue , Jr",URBN,Purchase,Joint,Stock,8000.5,8.987384303086046,38,-0.8182457493985327,2020-01-10,0.019255813067089234,1
1495,Shelley M Capito,CMCSA,Purchase,Spouse,Stock,8000.5,8.987384303086046,27,0.42487483367040807,2020-01-12,-0.028005820924789537,0
1496,Shelley M Capito,C,Sale (Partial),Spouse,Stock,8000.5,8.987384303086046,32,0.13853416926346768,2020-01-12,-0.10445861435305825,0
1482,James M Inhofe,PG,Sale (Full),Self,Stock,175000.5,12.072549824297488,10,0.14003292680055934,2020-01-23,0.07663781821690485,1
1438,"David A Perdue , Jr",URBN,Purchase,Joint,Stock,8000.5,8.987384303086046,21,-0.36599021254218583,2020-02-03,-0.21114371383069208,0
1439,"David A Perdue , Jr",BAC,Sale (Partial),Joint,Stock,32500.5,10.389041521098926,4,-0.8635373485518191,2020-02-03,-0.11329143329815516,0
1440,"David A Perdue , Jr",BAC,Sale (Partial),Joint,Stock,8000.5,8.987384303086046,4,-0.8635373485518191,2020-02-03,-0.11329143329815516,0
1441,"David A Perdue , Jr",GLW,Purchase,Joint,Stock,8000.5,8.987384303086046,5,-2.089174250066599,2020-02-03,0.02123107231469057,1
1442,"David A Perdue , Jr",AXTA,Sale (Partial),Joint,Stock,32500.5,10.389041521098926,5,-0.004318792395022789,2020-02-03,-0.29057483185831257,0
1443,"David A Perdue , Jr",AAPL,Sale (Partial),Joint,Stock,8000.5,8.987384303086046,6,-0.3546347549475786,2020-02-03,0.03926048849653874,1
1445,"David A Perdue , Jr",GPK,Sale (Partial),Joint,Stock,8000.5,8.987384303086046,7,-0.8452556157402711,2020-02-03,-0.004434967724033956,0
1446,"David A Perdue , Jr",BAC,Sale (Partial),Joint,Stock,8000.5,8.987384303086046,10,-0.8635373485518191,2020-02-03,-0.11329143329815516,0
1448,"David A Perdue , Jr",DD,Purchase,Joint,Stock,8000.5,8.987384303086046,10,-3.275116984455276,2020-02-03,-0.0849184752468648,0
1449,"David A Perdue , Jr",DD,Purchase,Joint,Stock,32500.5,10.389041521098926,10,-3.275116984455276,2020-02-03,-0.0849184752468648,0
1451,"David A Perdue , Jr",GPK,Sale (Partial),Joint,Stock,8000.5,8.987384303086046,12,-0.8452556157402711,2020-02-03,-0.004434967724033956,0
1452,"David A Perdue , Jr",URBN,Purchase,Joint,Stock,8000.5,8.987384303086046,13,-0.36599021254218583,2020-02-03,-0.21114371383069208,0
1453,"David A Perdue , Jr",GPK,Sale (Partial),Joint,Stock,8000.5,8.987384303086046,20,-0.8452556157402711,2020-02-03,-0.004434967724033956,0
1456,"David A Perdue , Jr",AAPL,Sale (Partial),Joint,Stock,8000.5,8.987384303086046,24,-0.3546347549475786,2020-02-03,0.03926048849653874,1
1458,"David A Perdue , Jr",URBN,Purchase,Joint,Stock,8000.5,8.987384303086046,24,-0.36599021254218583,2020-02-03,-0.21114371383069208,0
1466,Pat Roberts,NFLX,Purchase,Spouse,Stock,32500.5,10.389041521098926,21,0.7382862768877171,2020-02-03,0.11319839287331646,1
1467,Pat Roberts,AMZN,Purchase,Spouse,Stock,32500.5,10.389041521098926,24,1.3251745065952896,2020-02-03,0.12206767572302912,1
1468,Pat Roberts,NFLX,Purchase,Spouse,Stock,32500.5,10.389041521098926,24,0.7382862768877171,2020-02-03,0.11319839287331646,1
1470,Pat Roberts,NVDA,Sale (Full),Spouse,Stock,32500.5,10.389041521098926,28,-0.2894048276339653,2020-02-03,0.12409047301631426,1
1471,Pat Roberts,AMZN,Sale (Full),Spouse,Stock,32500.5,10.389041521098926,28,1.3251745065952896,2020-02-03,0.12206767572302912,1
1474,Pat Roberts,NFLX,Sale (Full),Spouse,Stock,32500.5,10.389041521098926,28,0.7382862768877171,2020-02-03,0.11319839287331646,1
1413,Kelly Loeffler,CMCSA,Sale (Partial),Spouse,Stock Option,8000.5,8.987384303086046,24,-0.2689379416911411,2020-02-07,0.09261425675021573,1
1414,Kelly Loeffler,CSCO,Sale (Partial),Spouse,Stock Option,8000.5,8.987384303086046,24,0.0033946528337158773,2020-02-07,0.050152271318354646,1
1415,Kelly Loeffler,GS,Sale (Partial),Spouse,Stock Option,8000.5,8.987384303086046,24,-0.603583114750992,2020-02-07,-0.10403096897108943,0
1416,Kelly Loeffler,CVX,Sale (Partial),Spouse,Stock Option,8000.5,8.987384303086046,24,-0.8840032164865237,2020-02-07,-0.17342665558178916,0
1418,Kelly Loeffler,PRU,Sale (Partial),Spouse,Stock Option,8000.5,8.987384303086046,30,0.1757098940668784,2020-02-07,-0.25685060624699574,0
1421,Kelly Loeffler,TJX,Sale (Partial),Spouse,Stock,32500.5,10.389041521098926,7,-0.15731456397397894,2020-02-07,-0.07223970492421461,0
1427,Kelly Loeffler,CMCSA,Sale (Partial),Spouse,Stock,32500.5,10.389041521098926,9,-0.2689379416911411,2020-02-07,0.09261425675021573,1
1402,James M Inhofe,PYPL,Sale (Full),Self,Stock,32500.5,10.389041521098926,18,1.114311003939628,2020-02-14,0.013896343952971124,1
1406,James M Inhofe,AAPL,Sale (Partial),Self,Stock,32500.5,10.389041521098926,18,0.4470966043807946,2020-02-14,0.009121782176318316,1
1312,"David A Perdue , Jr",GM,Purchase,Joint,Stock,8000.5,8.987384303086046,4,-2.334231185542887,2020-03-03,-0.21542808535294933,0
1313,"David A Perdue , Jr",PFE,Purchase,Joint,Stock,32500.5,10.389041521098926,4,-1.8639891977737357,2020-03-03,0.12356147794444305,1
1314,"David A Perdue , Jr",DD,Purchase,Joint,Stock,8000.5,8.987384303086046,4,-3.5708843098273357,2020-03-03,-0.11004871741015965,0
1316,"David A Perdue , Jr",DVN,Purchase,Joint,Stock,8000.5,8.987384303086046,4,-3.3733586749637725,2020-03-03,-0.37604492459605454,0
1318,"David A Perdue , Jr",PFE,Purchase,Joint,Stock,8000.5,8.987384303086046,4,-1.8639891977737357,2020-03-03,0.12356147794444305,1
1319,"David A Perdue , Jr",CZR,Sale (Partial),Joint,Stock,8000.5,8.987384303086046,4,-5.047884415205776,2020-03-03,-0.541213082165276,0
1321,"David A Perdue , Jr",DD,Purchase,Joint,Stock,8000.5,8.987384303086046,5,-3.5708843098273357,2020-03-03,-0.11004871741015965,0
1322,"David A Perdue , Jr",PFE,Purchase,Joint,Stock,32500.5,10.389041521098926,5,-1.8639891977737357,2020-03-03,0.12356147794444305,1
1324,"David A Perdue , Jr",DAL,Purchase,Joint,Stock,8000.5,8.987384303086046,5,-3.7825292372148627,2020-03-03,-0.3978420844937649,0
1325,"David A Perdue , Jr",PFE,Purchase,Joint,Stock,8000.5,8.987384303086046,5,-1.8639891977737357,2020-03-03,0.12356147794444305,1
1327,"David A Perdue , Jr",CZR,Sale (Partial),Joint,Stock,8000.5,8.987384303086046,5,-5.047884415205776,2020-03-03,-0.541213082165276,0
1330,"David A Perdue , Jr",PFE,Purchase,Joint,Stock,8000.5,8.987384303086046,6,-1.8639891977737357,2020-03-03,0.12356147794444305,1
1331,"David A Perdue , Jr",PFE,Purchase,Joint,Stock,32500.5,10.389041521098926,6,-1.8639891977737357,2020-03-03,0.12356147794444305,1
1332,"David A Perdue , Jr",CZR,Sale (Partial),Joint,Stock,8000.5,8.987384303086046,6,-5.047884415205776,2020-03-03,-0.541213082165276,0
1333,"David A Perdue , Jr",GPK,Purchase,Joint,Stock,8000.5,8.987384303086046,6,-2.3387181993121233,2020-03-03,-0.006072194746961634,0
1335,"David A Perdue , Jr",DD,Purchase,Joint,Stock,8000.5,8.987384303086046,6,-3.5708843098273357,2020-03-03,-0.11004871741015965,0
1338,"David A Perdue , Jr",T,Sale (Full),Joint,Stock,32500.5,10.389041521098926,6,-1.4324253350057772,2020-03-03,-0.09620101526823344,0
1340,"David A Perdue , Jr",T,Sale (Partial),Joint,Stock,8000.5,8.987384303086046,6,-1.4324253350057772,2020-03-03,-0.09620101526823344,0
1342,"David A Perdue , Jr",DIS,Purchase,Joint,Stock,32500.5,10.389041521098926,6,-4.495579381972159,2020-03-03,-0.03744946654071857,0
1343,"David A Perdue , Jr",CZR,Sale (Partial),Joint,Stock,8000.5,8.987384303086046,7,-5.047884415205776,2020-03-03,-0.541213082165276,0
1345,"David A Perdue , Jr",GPK,Purchase,Joint,Stock,8000.5,8.987384303086046,7,-2.3387181993121233,2020-03-03,-0.006072194746961634,0
1346,"David A Perdue , Jr",DAL,Purchase,Joint,Stock,8000.5,8.987384303086046,7,-3.7825292372148627,2020-03-03,-0.3978420844937649,0
1347,"David A Perdue , Jr",T,Sale (Partial),Joint,Stock,32500.5,10.389041521098926,7,-1.4324253350057772,2020-03-03,-0.09620101526823344,0
1349,"David A Perdue , Jr",DVN,Purchase,Joint,Stock,8000.5,8.987384303086046,7,-3.3733586749637725,2020-03-03,-0.37604492459605454,0
1350,"David A Perdue , Jr",T,Sale (Partial),Joint,Stock,8000.5,8.987384303086046,7,-1.4324253350057772,2020-03-03,-0.09620101526823344,0
1355,"David A Perdue , Jr",T,Sale (Partial),Joint,Stock,8000.5,8.987384303086046,8,-1.4324253350057772,2020-03-03,-0.09620101526823344,0
1356,"David A Perdue , Jr",CZR,Sale (Partial),Joint,Stock,8000.5,8.987384303086046,8,-5.047884415205776,2020-03-03,-0.541213082165276,0
1358,"David A Perdue , Jr",TRP,Purchase,Joint,Stock,8000.5,8.987384303086046,8,-1.6344468466646156,2020-03-03,-0.056184465259577876,0
1361,"David A Perdue , Jr",DAL,Purchase,Joint,Stock,32500.5,10.389041521098926,8,-3.7825292372148627,2020-03-03,-0.3978420844937649,0
1362,"David A Perdue , Jr",T,Sale (Partial),Joint,Stock,32500.5,10.389041521098926,8,-1.4324253350057772,2020-03-03,-0.09620101526823344,0
1366,"David A Perdue , Jr",WMB,Sale (Partial),Joint,Stock,8000.5,8.987384303086046,22,-1.3781596127440134,2020-03-03,-0.039457509413129976,0
1372,"David A Perdue , Jr",AAPL,Sale (Partial),Joint,Stock,8000.5,8.987384303086046,21,-1.6741633905876139,2020-03-03,0.05797162122697963,1
1375,"David A Perdue , Jr",WMB,Sale (Partial),Joint,Stock,8000.5,8.987384303086046,13,-1.3781596127440134,2020-03-03,-0.039457509413129976,0
1379,"David A Perdue , Jr",ENB,Purchase,Joint,Stock,8000.5,8.987384303086046,13,-2.3650868857304053,2020-03-03,-0.1749284311737973,0
1387,"David A Perdue , Jr",OKE,Sale (Partial),Joint,Stock,8000.5,8.987384303086046,12,-1.6116381572871923,2020-03-03,-0.5235149086551226,0
1388,"David A Perdue , Jr",T,Sale (Partial),Joint,Stock,8000.5,8.987384303086046,12,-1.4324253350057772,2020-03-03,-0.09620101526823344,0
1393,"David A Perdue , Jr",T,Sale (Partial),Joint,Stock,32500.5,10.389041521098926,11,-1.4324253350057772,2020-03-03,-0.09620101526823344,0
1301,Pat Roberts,WMT,Purchase,Spouse,Stock,8000.5,8.987384303086046,15,0.36555848343108677,2020-03-04,0.2411610814509353,1
1302,Pat Roberts,NVDA,Purchase,Spouse,Stock,32500.5,10.389041521098926,22,0.549236892995736,2020-03-04,0.1437235614410235,1
1303,Pat Roberts,MSFT,Purchase,Spouse,Stock,32500.5,10.389041521098926,22,-1.2531809729406305,2020-03-04,0.14596092790959259,1
1298,"A. Mitchell Mcconnell, Jr.",WFC,Purchase,Spouse,Stock,8000.5,8.987384303086046,7,-6.949297801753074,2020-03-11,-0.19660364274789155,0
1272,Kelly Loeffler,ORCL,Purchase,Joint,Stock,175000.5,12.072549824297488,27,-7.1826202037327365,2020-03-12,0.19140733237726648,1
1273,Kelly Loeffler,XOM,Sale (Full),Joint,Stock,375000.5,12.834685304944548,27,-7.525705696583457,2020-03-12,0.035667763175408096,1
1288,Kelly Loeffler,CMCSA,Sale (Full),Joint,Stock,32500.5,10.389041521098926,35,-6.063211799275845,2020-03-12,-0.07696467873625679,0
1291,Kelly Loeffler,MRK,Sale (Partial),Spouse,Stock Option,8000.5,8.987384303086046,36,-2.8273131480274296,2020-03-12,-0.04674806063247239,0
1293,Kelly Loeffler,DAL,Sale (Partial),Spouse,Stock Option,8000.5,8.987384303086046,36,-7.195223438693143,2020-03-12,-0.4757142884257365,0
1294,Kelly Loeffler,EMR,Sale (Partial),Spouse,Stock Option,8000.5,8.987384303086046,36,-7.613961067680023,2020-03-12,0.024937371204803327,1
1295,Kelly Loeffler,CAT,Sale (Partial),Spouse,Stock Option,8000.5,8.987384303086046,27,-6.272218864296986,2020-03-12,0.0955697531001507,1
1267,"Jerry Moran,",XOM,Purchase,Self,Stock,8000.5,8.987384303086046,6,-7.208285344835872,2020-03-16,0.11256992609585592,1
1268,"Jerry Moran,",BRK-B,Purchase,Self,Stock,8000.5,8.987384303086046,6,-5.66490612712148,2020-03-16,-0.13869023773209133,0
1246,William Cassidy,WMT,Sale (Partial),Spouse,Stock,8000.5,8.987384303086046,18,-1.553384904773012,2020-03-27,-0.02562866170922784,0
1248,William Cassidy,PG,Sale (Partial),Spouse,Stock,8000.5,8.987384303086046,18,-0.7219564591028855,2020-03-27,-0.1075552455251172,0
1249,William Cassidy,MSFT,Sale (Partial),Spouse,Stock,8000.5,8.987384303086046,18,-0.36798822669132547,2020-03-27,0.09321784179281023,1
1251,William Cassidy,EMR,Sale (Partial),Spouse,Stock,8000.5,8.987384303086046,18,-2.5649711159503514,2020-03-27,0.0748373786198222,1
1253,William Cassidy,AAPL,Sale (Partial),Spouse,Stock,8000.5,8.987384303086046,18,-1.3842184773160162,2020-03-27,0.11732427462866513,1
1254,William Cassidy,AMGN,Sale (Partial),Spouse,Stock,8000.5,8.987384303086046,18,-0.2752697664258954,2020-03-27,0.07007970072604142,1
1255,William Cassidy,T,Sale (Partial),Spouse,Stock,8000.5,8.987384303086046,18,-3.101100176419024,2020-03-27,-0.16962592282965394,0
1259,William Cassidy,JNJ,Purchase,Spouse,Stock,8000.5,8.987384303086046,18,-2.3124430267705978,2020-03-27,0.056491085381424666,1
1226,Pat Roberts,MSFT,Purchase,Spouse,Stock,8000.5,8.987384303086046,2,-0.36798822669132547,2020-03-28,0.04342610958042559,1
1227,Pat Roberts,MSFT,Purchase,Spouse,Stock,8000.5,8.987384303086046,4,-0.36798822669132547,2020-03-28,0.04342610958042559,1
1228,Pat Roberts,DIS,Purchase,Spouse,Stock,8000.5,8.987384303086046,4,-1.5124242718049818,2020-03-28,-0.047928667686491844,0
1229,Pat Roberts,XOM,Purchase,Spouse,Stock,8000.5,8.987384303086046,2,-1.9259342946901845,2020-03-28,0.08090930288239262,1
1230,Pat Roberts,CVX,Purchase,Spouse,Stock,8000.5,8.987384303086046,2,-2.263357911251335,2020-03-28,0.17053308403805123,1
1231,Pat Roberts,BA,Purchase,Spouse,Stock,32500.5,10.389041521098926,2,-0.7219140821627789,2020-03-28,-0.27332296293129976,0
1232,Pat Roberts,WMT,Purchase,Spouse,Stock,8000.5,8.987384303086046,4,-1.553384904773012,2020-03-28,-0.021051622932084513,0
1233,Pat Roberts,AAPL,Purchase,Spouse,Stock,32500.5,10.389041521098926,4,-1.3842184773160162,2020-03-28,0.12650231429058434,1
1235,Pat Roberts,V,Purchase,Spouse,Stock,32500.5,10.389041521098926,8,-0.988170435919195,2020-03-28,-0.011671635708286443,0
1236,Pat Roberts,WMT,Sale (Full),Spouse,Stock,8000.5,8.987384303086046,19,-1.553384904773012,2020-03-28,-0.021051622932084513,0
1237,Pat Roberts,NFLX,Purchase,Spouse,Stock,175000.5,12.072549824297488,22,0.4078309246082022,2020-03-28,0.0684367707571707,1
1238,Pat Roberts,NVDA,Sale (Full),Spouse,Stock,32500.5,10.389041521098926,26,0.7218222166367253,2020-03-28,0.07949550804914174,1
1239,Pat Roberts,NFLX,Sale (Full),Spouse,Stock,75000.5,11.22526339231845,26,0.4078309246082022,2020-03-28,0.0684367707571707,1
1240,Pat Roberts,AAPL,Purchase,Spouse,Stock,32500.5,10.389041521098926,8,-1.3842184773160162,2020-03-28,0.12650231429058434,1
1242,Pat Roberts,NVDA,Purchase,Spouse,Stock,75000.5,11.22526339231845,22,0.7218222166367253,2020-03-28,0.07949550804914174,1
1243,Pat Roberts,AAPL,Purchase,Spouse,Stock,32500.5,10.389041521098926,22,-1.3842184773160162,2020-03-28,0.12650231429058434,1
1244,Pat Roberts,AAPL,Sale (Full),Spouse,Stock,32500.5,10.389041521098926,26,-1.3842184773160162,2020-03-28,0.12650231429058434,1
1245,Pat Roberts,NFLX,Sale (Full),Spouse,Stock,175000.5,12.072549824297488,26,0.4078309246082022,2020-03-28,0.0684367707571707,1
1177,Kelly Loeffler,DD,Sale (Full),Spouse,Stock Option,8000.5,8.987384303086046,39,-0.6117786164707075,2020-03-31,0.1948584520124388,1
1181,Kelly Loeffler,ABBV,Sale (Full),Spouse,Stock Option,8000.5,8.987384303086046,40,-0.24723171474161737,2020-03-31,0.07389449236192158,1
1183,Kelly Loeffler,PRU,Purchase,Spouse,Stock,32500.5,10.389041521098926,18,-0.21383809660226927,2020-03-31,-0.10768307936128751,0
1184,Kelly Loeffler,CVX,Purchase,Spouse,Stock,175000.5,12.072549824297488,21,-0.3323511199257853,2020-03-31,0.1315920813069167,1
1185,Kelly Loeffler,DD,Purchase,Spouse,Stock,8000.5,8.987384303086046,21,-0.6117786164707075,2020-03-31,0.1948584520124388,1
1187,Kelly Loeffler,EMR,Sale (Full),Spouse,Stock Option,8000.5,8.987384303086046,22,-0.7120917415195352,2020-03-31,-0.003339524145921091,0
1190,Kelly Loeffler,AMGN,Sale (Full),Spouse,Stock Option,32500.5,10.389041521098926,27,0.3756347807576445,2020-03-31,0.075672502370695,1
1193,Kelly Loeffler,CVX,Sale (Full),Spouse,Stock Option,32500.5,10.389041521098926,27,-0.3323511199257853,2020-03-31,0.1315920813069167,1
1195,Kelly Loeffler,DD,Purchase,Spouse,Stock,75000.5,11.22526339231845,28,-0.6117786164707075,2020-03-31,0.1948584520124388,1
1196,Kelly Loeffler,DD,Purchase,Spouse,Stock,32500.5,10.389041521098926,29,-0.6117786164707075,2020-03-31,0.1948584520124388,1
1197,Kelly Loeffler,DD,Purchase,Spouse,Stock,175000.5,12.072549824297488,32,-0.6117786164707075,2020-03-31,0.1948584520124388,1
1202,Kelly Loeffler,TJX,Sale (Full),Joint,Stock,32500.5,10.389041521098926,22,0.01971479970746626,2020-03-31,-0.17159455599896,0
1208,Kelly Loeffler,NVDA,Sale (Full),Joint,Stock,32500.5,10.389041521098926,34,1.3379823857653839,2020-03-31,0.08804508928786459,1
1212,Kelly Loeffler,AMZN,Sale (Full),Joint,Stock,32500.5,10.389041521098926,33,0.9857415159640104,2020-03-31,0.12196082831907296,1
1214,Kelly Loeffler,AMZN,Purchase,Joint,Stock,32500.5,10.389041521098926,36,0.9857415159640104,2020-03-31,0.12196082831907296,1
1215,Kelly Loeffler,NVDA,Sale (Partial),Joint,Stock,32500.5,10.389041521098926,36,1.3379823857653839,2020-03-31,0.08804508928786459,1
1163,Thomas R Carper,VZ,Purchase,Spouse,Stock,8000.5,8.987384303086046,8,-0.3614354888335455,2020-04-01,-0.12010478438505023,0
1164,Thomas R Carper,SPY,Purchase,Spouse,Other Securities,8000.5,8.987384303086046,9,-1.8173069523491034,2020-04-01,0.0,0
1166,Thomas R Carper,DIS,Purchase,Spouse,Stock,8000.5,8.987384303086046,5,-1.1061967903593635,2020-04-01,-0.041926976844839814,0
1168,Thomas R Carper,CVS,Purchase,Spouse,Stock,8000.5,8.987384303086046,5,0.18819080343408973,2020-04-01,-0.08965936133156394,0
1169,Thomas R Carper,PYPL,Purchase,Spouse,Stock,8000.5,8.987384303086046,5,-1.7072225599483644,2020-04-01,0.42261526179426023,1
1173,Thomas R Carper,WFC,Sale (Full),Spouse,Stock,8000.5,8.987384303086046,8,-2.8837102633512157,2020-04-01,-0.2521762020498822,0
1174,Thomas R Carper,CSCO,Purchase,Spouse,Stock,8000.5,8.987384303086046,8,0.5267430174711919,2020-04-01,-0.013696319495609455,0
1175,Thomas R Carper,ABBV,Purchase,Spouse,Stock,8000.5,8.987384303086046,8,-0.847964666552416,2020-04-01,0.06729812607278918,1
1176,Thomas R Carper,JPM,Purchase,Spouse,Stock,8000.5,8.987384303086046,8,-2.3795753092785024,2020-04-01,-0.12025028402062632,0
1052,"David A Perdue , Jr",MRK,Sale (Partial),Joint,Stock,32500.5,10.389041521098926,5,1.1079083082457497,2020-04-05,-0.13672279584157832,0
1055,"David A Perdue , Jr",KR,Sale (Partial),Joint,Stock,32500.5,10.389041521098926,34,1.0009337201228024,2020-04-05,-0.12901863251060275,0
1056,"David A Perdue , Jr",DD,Purchase,Joint,Stock,8000.5,8.987384303086046,34,-1.2217800388907702,2020-04-05,0.24774293272540926,1
1059,"David A Perdue , Jr",BAC,Sale (Partial),Joint,Stock,32500.5,10.389041521098926,34,-1.1972880944272921,2020-04-05,-0.06402036951534296,0
1060,"David A Perdue , Jr",KR,Sale (Partial),Joint,Stock,8000.5,8.987384303086046,33,1.0009337201228024,2020-04-05,-0.12901863251060275,0
1062,"David A Perdue , Jr",BAC,Sale (Partial),Joint,Stock,8000.5,8.987384303086046,32,-1.1972880944272921,2020-04-05,-0.06402036951534296,0
1063,"David A Perdue , Jr",KR,Sale (Partial),Joint,Stock,8000.5,8.987384303086046,32,1.0009337201228024,2020-04-05,-0.12901863251060275,0
1064,"David A Perdue , Jr",URBN,Purchase,Joint,Stock,8000.5,8.987384303086046,32,-2.0574735055167266,2020-04-05,0.06724608592199588,1
1067,"David A Perdue , Jr",GM,Purchase,Joint,Stock,8000.5,8.987384303086046,32,-2.9339553411429735,2020-04-05,0.16055965040962072,1
1069,"David A Perdue , Jr",URBN,Purchase,Joint,Stock,8000.5,8.987384303086046,31,-2.0574735055167266,2020-04-05,0.06724608592199588,1
1070,"David A Perdue , Jr",KR,Sale (Partial),Joint,Stock,32500.5,10.389041521098926,31,1.0009337201228024,2020-04-05,-0.12901863251060275,0
1071,"David A Perdue , Jr",BRK-B,Purchase,Joint,Stock,8000.5,8.987384303086046,31,-0.5737216855745421,2020-04-05,-0.17118565160573374,0
1072,"David A Perdue , Jr",BRK-B,Purchase,Joint,Stock,32500.5,10.389041521098926,31,-0.5737216855745421,2020-04-05,-0.17118565160573374,0
1075,"David A Perdue , Jr",BRK-B,Purchase,Joint,Stock,32500.5,10.389041521098926,30,-0.5737216855745421,2020-04-05,-0.17118565160573374,0
1076,"David A Perdue , Jr",BAC,Sale (Partial),Joint,Stock,8000.5,8.987384303086046,30,-1.1972880944272921,2020-04-05,-0.06402036951534296,0
1079,"David A Perdue , Jr",BRK-B,Purchase,Joint,Stock,8000.5,8.987384303086046,27,-0.5737216855745421,2020-04-05,-0.17118565160573374,0
1081,"David A Perdue , Jr",M,Purchase,Joint,Stock,8000.5,8.987384303086046,26,-3.3265355482089425,2020-04-05,-0.20182315535060935,0
1083,"David A Perdue , Jr",FOXA,Purchase,Joint,Stock,8000.5,8.987384303086046,26,-1.0572297539848083,2020-04-05,-0.0021963990289874946,0
1086,"David A Perdue , Jr",ENB,Purchase,Joint,Stock,8000.5,8.987384303086046,23,0.1710441442001463,2020-04-05,0.017364819492100336,1
1087,"David A Perdue , Jr",KR,Sale (Partial),Joint,Stock,8000.5,8.987384303086046,23,1.0009337201228024,2020-04-05,-0.12901863251060275,0
1089,"David A Perdue , Jr",TRP,Purchase,Joint,Stock,8000.5,8.987384303086046,23,1.4412579714140996,2020-04-05,-0.12415801888705802,0
1093,"David A Perdue , Jr",KR,Sale (Partial),Joint,Stock,8000.5,8.987384303086046,20,1.0009337201228024,2020-04-05,-0.12901863251060275,0
1094,"David A Perdue , Jr",AXTA,Purchase,Joint,Stock,8000.5,8.987384303086046,20,-1.3627900875623484,2020-04-05,0.15605751257535183,1
1097,"David A Perdue , Jr",KR,Sale (Partial),Joint,Stock,32500.5,10.389041521098926,20,1.0009337201228024,2020-04-05,-0.12901863251060275,0
1098,"David A Perdue , Jr",RF,Purchase,Joint,Stock,8000.5,8.987384303086046,20,-1.9002095542158217,2020-04-05,-0.016770416958668655,0
1100,"David A Perdue , Jr",LYV,Purchase,Joint,Stock,8000.5,8.987384303086046,20,-2.8836270185893067,2020-04-05,0.19784684482756476,1
1103,"David A Perdue , Jr",LYV,Purchase,Joint,Stock,8000.5,8.987384303086046,19,-2.8836270185893067,2020-04-05,0.19784684482756476,1
1104,"David A Perdue , Jr",AXTA,Purchase,Joint,Stock,8000.5,8.987384303086046,19,-1.3627900875623484,2020-04-05,0.15605751257535183,1
1105,"David A Perdue , Jr",PG,Sale (Partial),Joint,Stock,32500.5,10.389041521098926,19,1.897101950950982,2020-04-05,-0.1479378558256338,0
1106,"David A Perdue , Jr",PEP,Sale (Partial),Joint,Stock,32500.5,10.389041521098926,19,1.561038316119215,2020-04-05,-0.09801025068747049,0
1110,"David A Perdue , Jr",SYY,Purchase,Joint,Stock,8000.5,8.987384303086046,19,-1.9634946605272583,2020-04-05,0.039168144837194996,1
1112,"David A Perdue , Jr",KR,Sale (Partial),Joint,Stock,8000.5,8.987384303086046,19,1.0009337201228024,2020-04-05,-0.12901863251060275,0
1113,"David A Perdue , Jr",WFC,Purchase,Joint,Stock,8000.5,8.987384303086046,19,-2.3525558489008485,2020-04-05,-0.2658208730078101,0
1115,"David A Perdue , Jr",GM,Purchase,Joint,Stock,8000.5,8.987384303086046,18,-2.9339553411429735,2020-04-05,0.16055965040962072,1
1116,"David A Perdue , Jr",LYV,Purchase,Joint,Stock,8000.5,8.987384303086046,18,-2.8836270185893067,2020-04-05,0.19784684482756476,1
1117,"David A Perdue , Jr",KR,Sale (Partial),Joint,Stock,8000.5,8.987384303086046,18,1.0009337201228024,2020-04-05,-0.12901863251060275,0
1119,"David A Perdue , Jr",BAC,Purchase,Joint,Stock,8000.5,8.987384303086046,18,-1.1972880944272921,2020-04-05,-0.06402036951534296,0
1125,"David A Perdue , Jr",SBUX,Purchase,Joint,Stock,32500.5,10.389041521098926,17,-0.5081185565315329,2020-04-05,0.016688073474647735,1
1126,"David A Perdue , Jr",KR,Sale (Partial),Joint,Stock,8000.5,8.987384303086046,17,1.0009337201228024,2020-04-05,-0.12901863251060275,0
1127,"David A Perdue , Jr",GOOG,Purchase,Joint,Stock,8000.5,8.987384303086046,17,-0.9652213412646555,2020-04-05,0.05482806210368851,1
1130,"David A Perdue , Jr",BOIVF,Purchase,Joint,Stock,8000.5,8.987384303086046,16,-1.742372043988254,2020-04-05,-0.14178251345274895,0
1131,"David A Perdue , Jr",SYY,Purchase,Joint,Stock,8000.5,8.987384303086046,16,-1.9634946605272583,2020-04-05,0.039168144837194996,1
1136,"David A Perdue , Jr",KR,Sale (Full),Joint,Stock,8000.5,8.987384303086046,16,1.0009337201228024,2020-04-05,-0.12901863251060275,0
1137,"David A Perdue , Jr",M,Purchase,Joint,Stock,8000.5,8.987384303086046,16,-3.3265355482089425,2020-04-05,-0.20182315535060935,0
1138,"David A Perdue , Jr",BAC,Purchase,Joint,Stock,8000.5,8.987384303086046,13,-1.1972880944272921,2020-04-05,-0.06402036951534296,0
1139,"David A Perdue , Jr",BOIVF,Purchase,Joint,Stock,8000.5,8.987384303086046,13,-1.742372043988254,2020-04-05,-0.14178251345274895,0
1140,"David A Perdue , Jr",SBUX,Purchase,Joint,Stock,8000.5,8.987384303086046,13,-0.5081185565315329,2020-04-05,0.016688073474647735,1
1144,"David A Perdue , Jr",SBUX,Purchase,Joint,Stock,8000.5,8.987384303086046,12,-0.5081185565315329,2020-04-05,0.016688073474647735,1
1145,"David A Perdue , Jr",BOIVF,Purchase,Joint,Stock,8000.5,8.987384303086046,12,-1.742372043988254,2020-04-05,-0.14178251345274895,0
1146,"David A Perdue , Jr",BOIVF,Purchase,Joint,Stock,8000.5,8.987384303086046,11,-1.742372043988254,2020-04-05,-0.14178251345274895,0
1148,"David A Perdue , Jr",NFLX,Purchase,Joint,Stock,32500.5,10.389041521098926,10,0.6675999838300299,2020-04-05,0.08471634912760395,1
1149,"David A Perdue , Jr",TRP,Purchase,Joint,Stock,8000.5,8.987384303086046,10,1.4412579714140996,2020-04-05,-0.12415801888705802,0
1150,"David A Perdue , Jr",BOIVF,Purchase,Joint,Stock,8000.5,8.987384303086046,10,-1.742372043988254,2020-04-05,-0.14178251345274895,0
1151,"David A Perdue , Jr",WMB,Purchase,Joint,Stock,8000.5,8.987384303086046,10,0.3517805379789255,2020-04-05,0.33616249695366984,1
1153,"David A Perdue , Jr",ORCL,Sale (Partial),Joint,Stock,32500.5,10.389041521098926,9,1.697304958957934,2020-04-05,-0.08584799757141015,0
1154,"David A Perdue , Jr",BOIVF,Purchase,Joint,Stock,8000.5,8.987384303086046,9,-1.742372043988254,2020-04-05,-0.14178251345274895,0
1157,"David A Perdue , Jr",GPK,Sale (Partial),Joint,Stock,32500.5,10.389041521098926,9,-1.4531167745850917,2020-04-05,-0.011521971670824804,0
1158,"David A Perdue , Jr",SBUX,Purchase,Joint,Stock,8000.5,8.987384303086046,9,-0.5081185565315329,2020-04-05,0.016688073474647735,1
1160,"David A Perdue , Jr",GPK,Sale (Partial),Joint,Stock,8000.5,8.987384303086046,6,-1.4531167745850917,2020-04-05,-0.011521971670824804,0
1048,James M Inhofe,C,Sale (Full),Self,Stock,75000.5,11.22526339231845,32,2.7080684792695355,2020-04-10,-0.05304026426635833,0
1030,Shelley M Capito,JPM,Purchase,Spouse,Stock,8000.5,8.987384303086046,57,1.678048735413242,2020-04-29,-0.031880021415987,0
1031,Shelley M Capito,MSFT,Purchase,Spouse,Stock,8000.5,8.987384303086046,57,1.5752746453076523,2020-04-29,0.024584668583701896,1
1032,Shelley M Capito,JNJ,Purchase,Spouse,Stock,8000.5,8.987384303086046,57,1.1996027351010075,2020-04-29,-0.08760481047126278,0
849,Kelly Loeffler,TGT,Sale (Full),Self,Stock,175000.5,12.072549824297488,17,0.44143071739507933,2020-05-01,0.005868672737661118,1
851,Kelly Loeffler,SLB,Sale (Full),Self,Stock,32500.5,10.389041521098926,17,-0.04791690307136348,2020-05-01,0.1408786826700532,1
856,Kelly Loeffler,CAT,Sale (Full),Self,Stock,175000.5,12.072549824297488,17,-1.0075237850601007,2020-05-01,0.02902087080770621,1
857,Kelly Loeffler,BMY,Sale (Full),Self,Stock,175000.5,12.072549824297488,17,0.11563903771747693,2020-05-01,-0.17141690572786505,0
867,Kelly Loeffler,XOM,Sale (Full),Spouse,Stock,75000.5,11.22526339231845,17,0.2983152035846385,2020-05-01,0.006933408967773058,1
868,Kelly Loeffler,DD,Sale (Full),Spouse,Stock,32500.5,10.389041521098926,17,2.604048710488551,2020-05-01,0.06775095504365836,1
871,Kelly Loeffler,DAL,Sale (Full),Spouse,Stock,75000.5,11.22526339231845,17,0.3940082054891967,2020-05-01,0.17706435812609467,1
872,Kelly Loeffler,CVS,Sale (Full),Spouse,Stock,375000.5,12.834685304944548,17,-0.40295147242701185,2020-05-01,-0.025151467373760505,0
876,Kelly Loeffler,CSCO,Sale (Full),Spouse,Stock,175000.5,12.072549824297488,17,-0.523207391172489,2020-05-01,0.02247206723216366,1
877,Kelly Loeffler,BMY,Sale (Full),Spouse,Stock,375000.5,12.834685304944548,17,0.11563903771747693,2020-05-01,-0.17141690572786505,0
882,Kelly Loeffler,ABBV,Sale (Full),Spouse,Stock,375000.5,12.834685304944548,17,0.5327074466255649,2020-05-01,0.03782388890261301,1
886,Kelly Loeffler,VZ,Sale (Full),Joint,Stock,375000.5,12.834685304944548,24,-0.36290707828030366,2020-05-01,-0.09775348077849877,0
888,Kelly Loeffler,PFE,Sale (Full),Joint,Stock,175000.5,12.072549824297488,24,1.2693918088692,2020-05-01,-0.19949676896152324,0
889,Kelly Loeffler,AAPL,Sale (Full),Joint,Stock,375000.5,12.834685304944548,24,1.1257761153076296,2020-05-01,0.1007411859105567,1
890,Kelly Loeffler,C,Sale (Full),Joint,Stock,175000.5,12.072549824297488,24,0.6339482831328512,2020-05-01,0.0780960206487944,1
892,Kelly Loeffler,CSCO,Sale (Full),Joint,Stock,175000.5,12.072549824297488,24,-0.523207391172489,2020-05-01,0.02247206723216366,1
893,Kelly Loeffler,WMT,Sale (Full),Joint,Stock,175000.5,12.072549824297488,24,-1.0295466052618925,2020-05-01,-0.12516310898659255,0
894,Kelly Loeffler,PYPL,Sale (Full),Joint,Stock,175000.5,12.072549824297488,24,1.9862184488517716,2020-05-01,0.22048848222872652,1
896,Kelly Loeffler,T,Sale (Full),Joint,Stock,175000.5,12.072549824297488,24,-0.26021952112655466,2020-05-01,-0.0657210543677973,0
898,Kelly Loeffler,FDX,Sale (Full),Joint,Stock,175000.5,12.072549824297488,24,-0.5937033589539283,2020-05-01,0.045176464082033574,1
904,Kelly Loeffler,DIS,Sale (Full),Joint,Stock,175000.5,12.072549824297488,24,0.6126331258083193,2020-05-01,0.023975085910950655,1
906,Kelly Loeffler,BAC,Sale (Full),Joint,Stock,175000.5,12.072549824297488,24,0.29980066629849966,2020-05-01,0.0039000640480353344,1
921,Kelly Loeffler,TJX,Purchase,Spouse,Stock Option,32500.5,10.389041521098926,24,0.3985330538694421,2020-05-01,0.004367444169701029,1
926,Kelly Loeffler,PG,Purchase,Spouse,Stock Option,32500.5,10.389041521098926,24,-0.47338670289364015,2020-05-01,-0.08690076425877069,0
929,Kelly Loeffler,MRK,Purchase,Spouse,Stock Option,32500.5,10.389041521098926,24,-1.3635301172502434,2020-05-01,-0.13278168075589047,0
931,Kelly Loeffler,KO,Purchase,Spouse,Stock Option,8000.5,8.987384303086046,24,-0.8050201975356213,2020-05-01,-0.07043707018258694,0
942,Kelly Loeffler,DIS,Purchase,Spouse,Stock Option,75000.5,11.22526339231845,24,0.6126331258083193,2020-05-01,0.023975085910950655,1
945,Kelly Loeffler,DD,Purchase,Spouse,Stock Option,32500.5,10.389041521098926,24,2.604048710488551,2020-05-01,0.06775095504365836,1
946,Kelly Loeffler,DD,Purchase,Spouse,Stock Option,32500.5,10.389041521098926,24,2.604048710488551,2020-05-01,0.06775095504365836,1
947,Kelly Loeffler,DD,Sale (Full),Spouse,Stock,175000.5,12.072549824297488,24,2.604048710488551,2020-05-01,0.06775095504365836,1
948,Kelly Loeffler,DAL,Purchase,Spouse,Stock Option,175000.5,12.072549824297488,24,0.3940082054891967,2020-05-01,0.17706435812609467,1
949,Kelly Loeffler,DAL,Purchase,Spouse,Stock Option,175000.5,12.072549824297488,24,0.3940082054891967,2020-05-01,0.17706435812609467,1
950,Kelly Loeffler,DAL,Sale (Full),Spouse,Stock,75000.5,11.22526339231845,24,0.3940082054891967,2020-05-01,0.17706435812609467,1
951,Kelly Loeffler,CVX,Purchase,Spouse,Stock Option,75000.5,11.22526339231845,24,1.1448925560132814,2020-05-01,-0.06577453811471101,0
952,Kelly Loeffler,CVX,Purchase,Spouse,Stock Option,75000.5,11.22526339231845,24,1.1448925560132814,2020-05-01,-0.06577453811471101,0
953,Kelly Loeffler,CVX,Sale (Full),Spouse,Stock,175000.5,12.072549824297488,24,1.1448925560132814,2020-05-01,-0.06577453811471101,0
954,Kelly Loeffler,CVS,Purchase,Spouse,Stock Option,8000.5,8.987384303086046,24,-0.40295147242701185,2020-05-01,-0.025151467373760505,0
957,Kelly Loeffler,CSCO,Purchase,Spouse,Stock Option,32500.5,10.389041521098926,24,-0.523207391172489,2020-05-01,0.02247206723216366,1
962,Kelly Loeffler,CMCSA,Purchase,Spouse,Stock Option,32500.5,10.389041521098926,24,-0.15010322714567886,2020-05-01,-0.008719302774499615,0
963,Kelly Loeffler,CMCSA,Purchase,Spouse,Stock Option,32500.5,10.389041521098926,24,-0.15010322714567886,2020-05-01,-0.008719302774499615,0
965,Kelly Loeffler,CAT,Purchase,Spouse,Stock Option,32500.5,10.389041521098926,24,-1.0075237850601007,2020-05-01,0.02902087080770621,1
966,Kelly Loeffler,CAT,Purchase,Spouse,Stock Option,32500.5,10.389041521098926,24,-1.0075237850601007,2020-05-01,0.02902087080770621,1
985,Kelly Loeffler,ABBV,Purchase,Spouse,Stock Option,32500.5,10.389041521098926,24,0.5327074466255649,2020-05-01,0.03782388890261301,1
986,Kelly Loeffler,ABBV,Purchase,Spouse,Stock Option,8000.5,8.987384303086046,24,0.5327074466255649,2020-05-01,0.03782388890261301,1
993,Kelly Loeffler,COST,Sale (Full),Joint,Stock,175000.5,12.072549824297488,24,-0.5278647896438745,2020-05-01,-0.10148755570789059,0
997,Kelly Loeffler,MSFT,Sale (Full),Joint,Stock,375000.5,12.834685304944548,24,0.6672232101029916,2020-05-01,-0.003471446809275802,0
1005,Kelly Loeffler,CSCO,Purchase,Spouse,Stock,75000.5,11.22526339231845,42,-0.523207391172489,2020-05-01,0.02247206723216366,1
1008,Kelly Loeffler,CVX,Purchase,Spouse,Stock,75000.5,11.22526339231845,42,1.1448925560132814,2020-05-01,-0.06577453811471101,0
1009,Kelly Loeffler,DAL,Purchase,Spouse,Stock,75000.5,11.22526339231845,42,0.3940082054891967,2020-05-01,0.17706435812609467,1
1016,Kelly Loeffler,DAL,Purchase,Spouse,Stock,75000.5,11.22526339231845,45,0.3940082054891967,2020-05-01,0.17706435812609467,1
1018,Kelly Loeffler,CVX,Purchase,Spouse,Stock,175000.5,12.072549824297488,46,1.1448925560132814,2020-05-01,-0.06577453811471101,0
1019,Kelly Loeffler,CSCO,Purchase,Spouse,Stock,175000.5,12.072549824297488,49,-0.523207391172489,2020-05-01,0.02247206723216366,1
1026,Kelly Loeffler,MSFT,Purchase,Joint,Stock,32500.5,10.389041521098926,43,0.6672232101029916,2020-05-01,-0.003471446809275802,0
826,Pat Roberts,NFLX,Purchase,Spouse,Stock,75000.5,11.22526339231845,23,0.26842339139744303,2020-05-02,-0.08500444474431723,0
827,Pat Roberts,AAPL,Purchase,Spouse,Stock,8000.5,8.987384303086046,24,1.1257761153076296,2020-05-02,0.09733955701262587,1
828,Pat Roberts,DIS,Purchase,Spouse,Stock,8000.5,8.987384303086046,25,0.6126331258083193,2020-05-02,0.04425411863505713,1
829,Pat Roberts,TJX,Purchase,Spouse,Stock,8000.5,8.987384303086046,25,0.3985330538694421,2020-05-02,0.06092741511507582,1
830,Pat Roberts,NFLX,Sale (Full),Spouse,Stock,175000.5,12.072549824297488,26,0.26842339139744303,2020-05-02,-0.08500444474431723,0
831,Pat Roberts,TJX,Sale (Full),Spouse,Stock,8000.5,8.987384303086046,4,0.3985330538694421,2020-05-02,0.06092741511507582,1
833,Pat Roberts,MSFT,Purchase,Spouse,Stock,32500.5,10.389041521098926,2,0.6672232101029916,2020-05-02,-0.021278593397005663,0
837,Pat Roberts,MSFT,Purchase,Spouse,Stock,32500.5,10.389041521098926,5,0.6672232101029916,2020-05-02,-0.021278593397005663,0
838,Pat Roberts,AAPL,Purchase,Spouse,Stock,32500.5,10.389041521098926,5,1.1257761153076296,2020-05-02,0.09733955701262587,1
839,Pat Roberts,NVDA,Sale (Full),Spouse,Stock,75000.5,11.22526339231845,8,0.15268869700256832,2020-05-02,0.1416453725675333,1
840,Pat Roberts,NFLX,Sale (Full),Spouse,Stock,75000.5,11.22526339231845,17,0.26842339139744303,2020-05-02,-0.08500444474431723,0
842,Pat Roberts,AMZN,Sale (Full),Spouse,Stock,75000.5,11.22526339231845,8,0.2759864605734407,2020-05-02,0.02558061456361349,1
843,Pat Roberts,AMZN,Purchase,Spouse,Stock,32500.5,10.389041521098926,8,0.2759864605734407,2020-05-02,0.02558061456361349,1
844,Pat Roberts,NFLX,Sale (Full),Spouse,Stock,32500.5,10.389041521098926,15,0.26842339139744303,2020-05-02,-0.08500444474431723,0
845,Pat Roberts,NFLX,Purchase,Spouse,Stock,32500.5,10.389041521098926,16,0.26842339139744303,2020-05-02,-0.08500444474431723,0
846,Pat Roberts,NFLX,Sale (Full),Spouse,Stock,175000.5,12.072549824297488,17,0.26842339139744303,2020-05-02,-0.08500444474431723,0
760,Thomas R Carper,PYPL,Purchase,Spouse,Stock,8000.5,8.987384303086046,20,2.2241088783179515,2020-05-04,0.2000932408515146,1
761,Thomas R Carper,CVS,Purchase,Spouse,Stock,8000.5,8.987384303086046,20,-0.38902368543293075,2020-05-04,-0.009731171255804805,0
765,Thomas R Carper,DIS,Purchase,Spouse,Stock,8000.5,8.987384303086046,20,-0.14683253503869811,2020-05-04,0.04425411863505713,1
788,Thomas R Carper,QCOM,Purchase,Spouse,Stock,8000.5,8.987384303086046,32,0.18627290312398284,2020-05-04,0.07923243427219284,1
790,Thomas R Carper,SBUX,Purchase,Spouse,Stock,8000.5,8.987384303086046,32,-0.8371819565849279,2020-05-04,-0.020877486689394154,0
792,Thomas R Carper,CVS,Purchase,Spouse,Stock,8000.5,8.987384303086046,32,-0.38902368543293075,2020-05-04,-0.009731171255804805,0
820,Thomas R Carper,GLW,Purchase,Spouse,Stock,8000.5,8.987384303086046,32,-0.26422175439967877,2020-05-04,0.2529045793727893,1
822,Thomas R Carper,MSFT,Sale (Partial),Spouse,Stock,8000.5,8.987384303086046,32,1.1659149315359798,2020-05-04,-0.021278593397005663,0
508,Ron L Wyden,AMZN,Purchase,Spouse,Stock,32500.5,10.389041521098926,4,0.204031202236356,2020-05-05,0.05043709342403102,1
719,Ron L Wyden,DIS,Purchase,Spouse,Stock,75000.5,11.22526339231845,18,-0.7523330674536144,2020-05-05,0.07516312442906847,1
721,Ron L Wyden,F,Purchase,Spouse,Stock,32500.5,10.389041521098926,18,-0.24064134369349208,2020-05-05,0.1846450657221239,1
722,Ron L Wyden,GOOG,Purchase,Spouse,Stock,75000.5,11.22526339231845,18,1.755140432215511,2020-05-05,-0.014976147169346365,0
724,Ron L Wyden,SBUX,Purchase,Spouse,Stock,32500.5,10.389041521098926,18,-0.5480597633050777,2020-05-05,-0.03138369814423725,0
725,Ron L Wyden,T,Purchase,Spouse,Stock,32500.5,10.389041521098926,18,-0.581750098858378,2020-05-05,-0.07151201632362092,0
730,Ron L Wyden,C,Sale (Full),Spouse,Stock,8000.5,8.987384303086046,11,-0.31483809395712514,2020-05-05,0.11691896869017837,1
732,Ron L Wyden,PYPL,Purchase,Spouse,Stock,75000.5,11.22526339231845,12,2.3056785861724576,2020-05-05,0.2171500424393753,1
734,Ron L Wyden,NVDA,Purchase,Spouse,Stock,75000.5,11.22526339231845,14,0.4947221234806505,2020-05-05,0.168714061787552,1
735,Ron L Wyden,AMZN,Purchase,Spouse,Stock,75000.5,11.22526339231845,18,0.204031202236356,2020-05-05,0.05043709342403102,1
736,Ron L Wyden,UPS,Purchase,Spouse,Stock,32500.5,10.389041521098926,27,-1.5964569959324728,2020-05-05,0.06503185617282647,1
737,Ron L Wyden,GOOG,Purchase,Spouse,Stock,8000.5,8.987384303086046,27,1.755140432215511,2020-05-05,-0.014976147169346365,0
741,Ron L Wyden,GOOG,Purchase,Spouse,Stock,8000.5,8.987384303086046,29,1.755140432215511,2020-05-05,-0.014976147169346365,0
744,Ron L Wyden,SBUX,Purchase,Spouse,Stock,8000.5,8.987384303086046,29,-0.5480597633050777,2020-05-05,-0.03138369814423725,0
746,Ron L Wyden,T,Purchase,Spouse,Stock,8000.5,8.987384303086046,29,-0.581750098858378,2020-05-05,-0.07151201632362092,0
747,Ron L Wyden,CSCO,Purchase,Spouse,Stock,32500.5,10.389041521098926,29,-0.24908378955515992,2020-05-05,0.024606629853273,1
751,Ron L Wyden,XOM,Purchase,Spouse,Stock,32500.5,10.389041521098926,29,0.9453117472410242,2020-05-05,-0.0488451583187508,0
752,Ron L Wyden,V,Purchase,Spouse,Stock,32500.5,10.389041521098926,29,1.416967287840048,2020-05-05,-0.004262487831316442,0
753,Ron L Wyden,CAT,Purchase,Spouse,Stock,32500.5,10.389041521098926,29,-1.2251738098508766,2020-05-05,0.08839727606000936,1
755,Ron L Wyden,AMZN,Purchase,Spouse,Stock,75000.5,11.22526339231845,29,0.204031202236356,2020-05-05,0.05043709342403102,1
756,Ron L Wyden,DIS,Purchase,Spouse,Stock,75000.5,11.22526339231845,29,-0.7523330674536144,2020-05-05,0.07516312442906847,1
525,James M Inhofe,V,Sale (Partial),Self,Stock,75000.5,11.22526339231845,25,2.3166894579089417,2020-05-08,-0.00884110633785462,0
526,James M Inhofe,MSFT,Sale (Partial),Self,Stock,75000.5,11.22526339231845,25,1.5002405787693975,2020-05-08,0.02387422909950976,1
530,"David A Perdue , Jr",DD,Sale (Full),Joint,Stock,75000.5,11.22526339231845,24,2.371334884903199,2020-05-08,0.06674877614025387,1
531,"David A Perdue , Jr",BRK-B,Sale (Full),Joint,Stock,175000.5,12.072549824297488,24,-1.4748203198510805,2020-05-08,-0.043278395913726175,0
532,"David A Perdue , Jr",BAC,Sale (Full),Joint,Stock,75000.5,11.22526339231845,24,0.6099036506753167,2020-05-08,-0.01761836914834558,0
533,"David A Perdue , Jr",AAPL,Sale (Partial),Joint,Stock,32500.5,10.389041521098926,24,1.9110740834731827,2020-05-08,0.09499329401123235,1
534,"David A Perdue , Jr",PFE,Sale (Partial),Joint,Stock,8000.5,8.987384303086046,35,0.1376966788595645,2020-05-08,-0.17259104081069876,0
540,"David A Perdue , Jr",DIS,Sale (Partial),Joint,Stock,175000.5,12.072549824297488,24,1.2997444937548241,2020-05-08,-0.0002391791611577876,0
547,"David A Perdue , Jr",FDX,Sale (Full),Joint,Stock,175000.5,12.072549824297488,24,-0.1852352024789935,2020-05-08,0.07848439149240627,1
549,"David A Perdue , Jr",DAL,Sale (Full),Joint,Stock,8000.5,8.987384303086046,24,-0.4161228909846758,2020-05-08,0.22788625967104625,1
555,"David A Perdue , Jr",SBUX,Sale (Full),Joint,Stock,32500.5,10.389041521098926,24,1.061117352311345,2020-05-08,-0.09388611982400863,0
556,"David A Perdue , Jr",SBUX,Purchase,Joint,Stock,8000.5,8.987384303086046,35,1.061117352311345,2020-05-08,-0.09388611982400863,0
560,"David A Perdue , Jr",PFE,Sale (Full),Joint,Stock,175000.5,12.072549824297488,24,0.1376966788595645,2020-05-08,-0.17259104081069876,0
563,"David A Perdue , Jr",GLW,Sale (Full),Joint,Stock,175000.5,12.072549824297488,24,0.941667858777167,2020-05-08,0.16540048951297348,1
564,"David A Perdue , Jr",SPY,Purchase,Joint,Other Securities,175000.5,12.072549824297488,22,1.2993067899704271,2020-05-08,0.0,0
570,"David A Perdue , Jr",SPY,Purchase,Joint,Other Securities,3000000.5,14.914123346632259,23,1.2993067899704271,2020-05-08,0.0,0
571,"David A Perdue , Jr",SPY,Purchase,Joint,Other Securities,750000.5,13.527830485510494,23,1.2993067899704271,2020-05-08,0.0,0
582,"David A Perdue , Jr",CVX,Sale (Partial),Joint,Stock,32500.5,10.389041521098926,24,1.897695486857948,2020-05-08,-0.10280766240758754,0
584,"David A Perdue , Jr",WFC,Sale (Full),Joint,Stock,32500.5,10.389041521098926,24,-2.015669462509369,2020-05-08,0.013334805708887787,1
585,"David A Perdue , Jr",JPM,Sale (Full),Joint,Stock,32500.5,10.389041521098926,24,0.03749052879612764,2020-05-08,-0.018477217964942394,0
589,"David A Perdue , Jr",BRK-B,Sale (Partial),Joint,Stock,32500.5,10.389041521098926,24,-1.4748203198510805,2020-05-08,-0.043278395913726175,0
590,"David A Perdue , Jr",COST,Sale (Partial),Joint,Stock,75000.5,11.22526339231845,24,-0.23250034389444194,2020-05-08,-0.08011123568735468,0
596,"David A Perdue , Jr",PYPL,Sale (Full),Joint,Stock,32500.5,10.389041521098926,24,4.436698299915755,2020-05-08,0.11236424007178503,1
597,"David A Perdue , Jr",ABBV,Sale (Full),Joint,Stock,32500.5,10.389041521098926,24,0.29517284138733474,2020-05-08,0.09636127035253916,1
598,"David A Perdue , Jr",AMZN,Sale (Partial),Joint,Stock,75000.5,11.22526339231845,24,0.27959552805141574,2020-05-08,0.07828077032269132,1
599,"David A Perdue , Jr",CSCO,Sale (Partial),Joint,Stock,32500.5,10.389041521098926,24,0.6624552020267108,2020-05-08,-0.011689762193147324,0
602,"David A Perdue , Jr",XOM,Sale (Full),Joint,Stock,8000.5,8.987384303086046,24,1.4915047468725833,2020-05-08,-0.056969564003335194,0
604,"David A Perdue , Jr",COP,Sale (Full),Joint,Stock,8000.5,8.987384303086046,24,2.333711154780202,2020-05-08,-0.05102452253051437,0
608,"David A Perdue , Jr",AAPL,Sale (Full),Joint,Stock,75000.5,11.22526339231845,24,1.9110740834731827,2020-05-08,0.09499329401123235,1
609,"David A Perdue , Jr",JNJ,Sale (Full),Joint,Stock,75000.5,11.22526339231845,24,-0.26834826241284243,2020-05-08,-0.0978760392057888,0
610,"David A Perdue , Jr",DIS,Sale (Partial),Joint,Stock,32500.5,10.389041521098926,24,1.2997444937548241,2020-05-08,-0.0002391791611577876,0
614,"David A Perdue , Jr",VZ,Sale (Full),Joint,Stock,32500.5,10.389041521098926,24,-0.16796771416297243,2020-05-08,-0.0856753473191817,0
615,"David A Perdue , Jr",USB,Sale (Full),Joint,Stock,32500.5,10.389041521098926,24,0.09023779712063812,2020-05-08,0.037689577523684514,1
617,"David A Perdue , Jr",WFC,Sale (Partial),Joint,Stock,8000.5,8.987384303086046,24,-2.015669462509369,2020-05-08,0.013334805708887787,1
618,"David A Perdue , Jr",MSFT,Sale (Full),Joint,Stock,32500.5,10.389041521098926,24,1.5002405787693975,2020-05-08,0.02387422909950976,1
621,"David A Perdue , Jr",KO,Sale (Full),Joint,Stock,75000.5,11.22526339231845,24,-0.09366840770220933,2020-05-08,-0.07019083918357893,0
624,"David A Perdue , Jr",BAC,Sale (Partial),Joint,Stock,32500.5,10.389041521098926,24,0.6099036506753167,2020-05-08,-0.01761836914834558,0
626,"David A Perdue , Jr",VZ,Sale (Partial),Joint,Stock,32500.5,10.389041521098926,24,-0.16796771416297243,2020-05-08,-0.0856753473191817,0
627,"David A Perdue , Jr",PYPL,Sale (Partial),Joint,Stock,32500.5,10.389041521098926,24,4.436698299915755,2020-05-08,0.11236424007178503,1
632,"David A Perdue , Jr",JPM,Sale (Partial),Joint,Stock,32500.5,10.389041521098926,24,0.03749052879612764,2020-05-08,-0.018477217964942394,0
634,"David A Perdue , Jr",NFLX,Sale (Full),Joint,Stock,32500.5,10.389041521098926,24,0.4152501821523043,2020-05-08,0.012428778603240653,1
636,"David A Perdue , Jr",V,Sale (Full),Joint,Stock,32500.5,10.389041521098926,24,2.3166894579089417,2020-05-08,-0.00884110633785462,0
641,"David A Perdue , Jr",CSCO,Sale (Full),Joint,Stock,32500.5,10.389041521098926,24,0.6624552020267108,2020-05-08,-0.011689762193147324,0
642,"David A Perdue , Jr",COST,Sale (Full),Joint,Stock,32500.5,10.389041521098926,24,-0.23250034389444194,2020-05-08,-0.08011123568735468,0
645,"David A Perdue , Jr",AMZN,Sale (Full),Joint,Stock,75000.5,11.22526339231845,24,0.27959552805141574,2020-05-08,0.07828077032269132,1
651,"David A Perdue , Jr",CVX,Sale (Full),Joint,Stock,8000.5,8.987384303086046,24,1.897695486857948,2020-05-08,-0.10280766240758754,0
652,"David A Perdue , Jr",GOOG,Sale (Full),Joint,Stock,32500.5,10.389041521098926,24,1.96659457453966,2020-05-08,-0.016436696910871795,0
655,"David A Perdue , Jr",DIS,Sale (Full),Joint,Stock,32500.5,10.389041521098926,24,1.2997444937548241,2020-05-08,-0.0002391791611577876,0
682,"David A Perdue , Jr",DIS,Sale (Full),Joint,Stock,8000.5,8.987384303086046,22,1.2997444937548241,2020-05-08,-0.0002391791611577876,0
683,"David A Perdue , Jr",COP,Sale (Full),Joint,Stock,8000.5,8.987384303086046,22,2.333711154780202,2020-05-08,-0.05102452253051437,0
684,"David A Perdue , Jr",KO,Sale (Full),Joint,Stock,8000.5,8.987384303086046,22,-0.09366840770220933,2020-05-08,-0.07019083918357893,0
685,"David A Perdue , Jr",DD,Sale (Full),Joint,Stock,8000.5,8.987384303086046,22,2.371334884903199,2020-05-08,0.06674877614025387,1
686,"David A Perdue , Jr",C,Sale (Full),Joint,Stock,8000.5,8.987384303086046,22,0.7051771440551727,2020-05-08,0.061754017017424,1
691,"David A Perdue , Jr",CAT,Sale (Full),Joint,Stock,8000.5,8.987384303086046,22,-0.12180100970793727,2020-05-08,0.05985644245753541,1
693,"David A Perdue , Jr",AAPL,Sale (Full),Joint,Stock,32500.5,10.389041521098926,22,1.9110740834731827,2020-05-08,0.09499329401123235,1
694,"David A Perdue , Jr",T,Sale (Full),Joint,Stock,8000.5,8.987384303086046,22,-0.34359707224725256,2020-05-08,-0.05142472429657796,0
697,"David A Perdue , Jr",BA,Sale (Full),Joint,Stock,8000.5,8.987384303086046,22,-0.26041964152318514,2020-05-08,0.35060321763021896,1
698,"David A Perdue , Jr",JNJ,Sale (Full),Joint,Stock,8000.5,8.987384303086046,22,-0.26834826241284243,2020-05-08,-0.0978760392057888,0
703,"David A Perdue , Jr",WFC,Sale (Full),Joint,Stock,8000.5,8.987384303086046,22,-2.015669462509369,2020-05-08,0.013334805708887787,1
704,"David A Perdue , Jr",VZ,Sale (Full),Joint,Stock,8000.5,8.987384303086046,22,-0.16796771416297243,2020-05-08,-0.0856753473191817,0
708,"David A Perdue , Jr",JPM,Sale (Full),Joint,Stock,8000.5,8.987384303086046,22,0.03749052879612764,2020-05-08,-0.018477217964942394,0
709,"David A Perdue , Jr",INTC,Sale (Full),Joint,Stock,8000.5,8.987384303086046,22,0.16003593502834368,2020-05-08,-0.05512782633176805,0
711,"David A Perdue , Jr",MSFT,Sale (Full),Joint,Stock,75000.5,11.22526339231845,22,1.5002405787693975,2020-05-08,0.02387422909950976,1
712,"David A Perdue , Jr",PYPL,Sale (Full),Joint,Stock,8000.5,8.987384303086046,22,4.436698299915755,2020-05-08,0.11236424007178503,1
501,Ron L Wyden,NVDA,Purchase,Spouse,Stock,175000.5,12.072549824297488,6,0.8982628288453414,2020-06-01,0.13461042633911702,1
503,Ron L Wyden,GOOG,Purchase,Spouse,Stock,32500.5,10.389041521098926,11,0.9067975547196369,2020-06-01,0.01823372744527707,1
504,Ron L Wyden,PYPL,Purchase,Spouse,Stock,75000.5,11.22526339231845,12,1.607504791166998,2020-06-01,0.07123663601655394,1
420,Ron L Wyden,AMZN,Purchase,Spouse,Stock,32500.5,10.389041521098926,2,1.7203305446837425,2020-07-02,0.010347174955622318,1
421,Ron L Wyden,AAPL,Purchase,Spouse,Stock,32500.5,10.389041521098926,6,0.8088667604091682,2020-07-02,0.18351831767578508,1
422,Ron L Wyden,AMZN,Purchase,Spouse,Stock,32500.5,10.389041521098926,6,1.7203305446837425,2020-07-02,0.010347174955622318,1
423,Ron L Wyden,MSFT,Purchase,Spouse,Stock,32500.5,10.389041521098926,6,1.5850105819446743,2020-07-02,-0.06602067407217405,0
424,Ron L Wyden,NFLX,Purchase,Spouse,Stock,32500.5,10.389041521098926,6,1.00164007223229,2020-07-02,-0.06667883612453585,0
425,Ron L Wyden,NVDA,Purchase,Spouse,Stock,32500.5,10.389041521098926,6,0.5743088914757578,2020-07-02,0.12422811526660937,1
426,Ron L Wyden,AAPL,Purchase,Spouse,Stock,32500.5,10.389041521098926,8,0.8088667604091682,2020-07-02,0.18351831767578508,1
427,Ron L Wyden,COST,Purchase,Spouse,Stock,32500.5,10.389041521098926,8,0.4319321855436756,2020-07-02,0.02106877466140178,1
429,Ron L Wyden,DIS,Purchase,Spouse,Stock,75000.5,11.22526339231845,8,-0.9628420032224196,2020-07-02,0.08475633015434214,1
431,Ron L Wyden,GOOG,Purchase,Spouse,Stock,32500.5,10.389041521098926,8,0.6165005966765306,2020-07-02,-0.04944206399631157,0
433,Ron L Wyden,MSFT,Purchase,Spouse,Stock,32500.5,10.389041521098926,8,1.5850105819446743,2020-07-02,-0.06602067407217405,0
434,Ron L Wyden,NVDA,Purchase,Spouse,Stock,32500.5,10.389041521098926,8,0.5743088914757578,2020-07-02,0.12422811526660937,1
435,Ron L Wyden,PYPL,Purchase,Spouse,Stock,32500.5,10.389041521098926,8,1.575417545508717,2020-07-02,0.0015930153153740356,1
436,Ron L Wyden,AAPL,Purchase,Spouse,Stock,75000.5,11.22526339231845,9,0.8088667604091682,2020-07-02,0.18351831767578508,1
441,Ron L Wyden,MSFT,Purchase,Spouse,Stock,32500.5,10.389041521098926,9,1.5850105819446743,2020-07-02,-0.06602067407217405,0
444,Ron L Wyden,INTC,Purchase,Spouse,Stock,32500.5,10.389041521098926,15,-0.4479850808677646,2020-07-02,-0.2519978200897284,0
446,Ron L Wyden,MSFT,Purchase,Spouse,Stock,32500.5,10.389041521098926,15,1.5850105819446743,2020-07-02,-0.06602067407217405,0
447,Ron L Wyden,NFLX,Purchase,Spouse,Stock,75000.5,11.22526339231845,29,1.00164007223229,2020-07-02,-0.06667883612453585,0
451,Ron L Wyden,PYPL,Purchase,Spouse,Stock,32500.5,10.389041521098926,28,1.575417545508717,2020-07-02,0.0015930153153740356,1
459,Ron L Wyden,GOOG,Purchase,Spouse,Stock,32500.5,10.389041521098926,27,0.6165005966765306,2020-07-02,-0.04944206399631157,0
461,Ron L Wyden,CAT,Purchase,Spouse,Stock,32500.5,10.389041521098926,27,0.06946848129617676,2020-07-02,0.017014629486750144,1
462,Ron L Wyden,AMZN,Purchase,Spouse,Stock,32500.5,10.389041521098926,27,1.7203305446837425,2020-07-02,0.010347174955622318,1
464,Ron L Wyden,NVDA,Purchase,Spouse,Stock,75000.5,11.22526339231845,20,0.5743088914757578,2020-07-02,0.12422811526660937,1
465,Ron L Wyden,DIS,Purchase,Spouse,Stock,75000.5,11.22526339231845,20,-0.9628420032224196,2020-07-02,0.08475633015434214,1
466,Ron L Wyden,DIS,Purchase,Child,Stock,8000.5,8.987384303086046,20,-0.9628420032224196,2020-07-02,0.08475633015434214,1
469,Ron L Wyden,AMZN,Purchase,Spouse,Stock,32500.5,10.389041521098926,30,1.7203305446837425,2020-07-02,0.010347174955622318,1
414,Pat Roberts,AMZN,Purchase,Spouse,Stock,8000.5,8.987384303086046,10,2.673817792210923,2020-07-06,-0.024783875962694157,0
417,Pat Roberts,BA,Purchase,Spouse,Stock,8000.5,8.987384303086046,6,-0.10576806235460527,2020-07-06,-0.15040911370749366,0
419,Pat Roberts,BA,Purchase,Spouse,Stock,8000.5,8.987384303086046,31,-0.10576806235460527,2020-07-06,-0.15040911370749366,0
407,Shelley M Capito,WFC,Purchase,Spouse,Stock,32500.5,10.389041521098926,19,-1.5569354100117088,2020-07-14,-0.06417123456437701,0
404,James M Inhofe,AAPL,Sale (Partial),Self,Stock,32500.5,10.389041521098926,9,-0.43229322623767386,2020-07-24,0.2384565863390271,1
405,James M Inhofe,AMZN,Sale (Partial),Self,Stock,32500.5,10.389041521098926,9,0.08665364244892954,2020-07-24,0.027359332665624514,1
376,Ron L Wyden,AMZN,Purchase,Spouse,Stock,32500.5,10.389041521098926,29,0.6474444200491115,2020-07-31,-0.05606701817230453,0
378,Ron L Wyden,AMZN,Purchase,Spouse,Stock,32500.5,10.389041521098926,25,0.6474444200491115,2020-07-31,-0.05606701817230453,0
379,Ron L Wyden,AAPL,Purchase,Spouse,Stock,75000.5,11.22526339231845,25,2.4081864756731988,2020-07-31,0.0490715354517719,1
381,Ron L Wyden,MSFT,Purchase,Spouse,Stock,32500.5,10.389041521098926,25,-0.31865215959435744,2020-07-31,-0.034616278103802633,0
382,Ron L Wyden,NVDA,Purchase,Spouse,Stock,32500.5,10.389041521098926,25,0.4334850748396663,2020-07-31,0.17610828372487086,1
384,Ron L Wyden,AAPL,Purchase,Spouse,Stock,32500.5,10.389041521098926,18,2.4081864756731988,2020-07-31,0.0490715354517719,1
386,Ron L Wyden,COST,Purchase,Spouse,Stock,32500.5,10.389041521098926,18,0.11184141187054657,2020-07-31,0.01685317372646966,1
387,Ron L Wyden,F,Purchase,Spouse,Stock,8000.5,8.987384303086046,18,0.15560886580716085,2020-07-31,0.04058833828853725,1
389,Ron L Wyden,AAPL,Purchase,Spouse,Stock,32500.5,10.389041521098926,16,2.4081864756731988,2020-07-31,0.0490715354517719,1
390,Ron L Wyden,AAPL,Purchase,Spouse,Stock,32500.5,10.389041521098926,11,2.4081864756731988,2020-07-31,0.0490715354517719,1
392,Ron L Wyden,MSFT,Purchase,Spouse,Stock,175000.5,12.072549824297488,8,-0.31865215959435744,2020-07-31,-0.034616278103802633,0
393,Ron L Wyden,GOOG,Purchase,Spouse,Stock,32500.5,10.389041521098926,4,-0.6891077707832436,2020-07-31,-0.012075967966766354,0
396,Ron L Wyden,NVDA,Purchase,Spouse,Stock,32500.5,10.389041521098926,4,0.4334850748396663,2020-07-31,0.17610828372487086,1
329,Thomas R Carper,QCOM,Sale (Partial),Spouse,Stock,8000.5,8.987384303086046,26,2.862354216872183,2020-08-04,0.005996526545227088,1
336,Thomas R Carper,NVDA,Sale (Partial),Spouse,Stock,8000.5,8.987384303086046,26,1.0461055572411293,2020-08-04,0.08806376865330967,1
345,Thomas R Carper,ABBV,Sale (Partial),Spouse,Stock,8000.5,8.987384303086046,26,-0.8178916045299162,2020-08-04,-0.07437184014155807,0
356,Thomas R Carper,AAPL,Sale (Partial),Spouse,Stock,8000.5,8.987384303086046,26,2.7602469529574587,2020-08-04,-0.004063147090096253,0
317,Pat Roberts,BA,Purchase,Spouse,Stock,8000.5,8.987384303086046,34,0.11607756329821681,2020-08-05,-0.04996203047750569,0
319,Pat Roberts,BA,Purchase,Spouse,Stock,8000.5,8.987384303086046,9,0.11607756329821681,2020-08-05,-0.04996203047750569,0
320,Pat Roberts,NFLX,Purchase,Spouse,Stock,8000.5,8.987384303086046,21,0.0064915889918486114,2020-08-05,-0.07478302706748752,0
321,Pat Roberts,NFLX,Purchase,Spouse,Stock,8000.5,8.987384303086046,23,0.0064915889918486114,2020-08-05,-0.07478302706748752,0
324,Pat Roberts,WMT,Sale (Full),Spouse,Stock,8000.5,8.987384303086046,34,-0.3107845703299167,2020-08-05,0.041769235995786635,1
306,Sheldon Whitehouse,IBM,Sale (Full),Self,Stock,8000.5,8.987384303086046,399,0.05280564039012093,2020-08-07,-0.014976322998029978,0
230,Ron L Wyden,NFLX,Purchase,Child,Stock,8000.5,8.987384303086046,9,0.819752028729311,2020-08-29,0.043973950572252285,1
233,Ron L Wyden,NVDA,Purchase,Spouse,Stock,75000.5,11.22526339231845,8,1.398864466167885,2020-08-29,0.0629820176965763,1
234,Ron L Wyden,UPS,Purchase,Spouse,Stock,75000.5,11.22526339231845,8,1.0092968449639859,2020-08-29,0.06922080508094353,1
235,Ron L Wyden,FDX,Purchase,Spouse,Stock,32500.5,10.389041521098926,8,1.8944013587165454,2020-08-29,0.2382820936410095,1
237,Ron L Wyden,T,Sale (Full),Spouse,Stock,75000.5,11.22526339231845,8,0.13245520488152385,2020-08-29,-0.07145182306034892,0
238,Ron L Wyden,XOM,Sale (Full),Spouse,Stock,32500.5,10.389041521098926,8,-1.0137080909417204,2020-08-29,-0.14556226823637342,0
239,Ron L Wyden,UPS,Purchase,Spouse,Stock,75000.5,11.22526339231845,10,1.0092968449639859,2020-08-29,0.06922080508094353,1
240,Ron L Wyden,NVDA,Purchase,Spouse,Stock,32500.5,10.389041521098926,10,1.398864466167885,2020-08-29,0.0629820176965763,1
241,Ron L Wyden,KR,Purchase,Spouse,Stock,32500.5,10.389041521098926,10,-0.14605385010588226,2020-08-29,-0.02701121288108066,0
242,Ron L Wyden,FDX,Purchase,Spouse,Stock,32500.5,10.389041521098926,10,1.8944013587165454,2020-08-29,0.2382820936410095,1
245,Ron L Wyden,UPS,Purchase,Spouse,Stock,75000.5,11.22526339231845,12,1.0092968449639859,2020-08-29,0.06922080508094353,1
246,Ron L Wyden,UPS,Purchase,Spouse,Stock,32500.5,10.389041521098926,15,1.0092968449639859,2020-08-29,0.06922080508094353,1
248,Ron L Wyden,FDX,Purchase,Spouse,Stock,32500.5,10.389041521098926,15,1.8944013587165454,2020-08-29,0.2382820936410095,1
251,Ron L Wyden,AAPL,Purchase,Spouse,Stock,75000.5,11.22526339231845,22,1.5787066190805183,2020-08-29,-0.06387877714447054,0
254,Ron L Wyden,KR,Purchase,Spouse,Stock,8000.5,8.987384303086046,24,-0.14605385010588226,2020-08-29,-0.02701121288108066,0
261,Ron L Wyden,KR,Purchase,Spouse,Stock,8000.5,8.987384303086046,25,-0.14605385010588226,2020-08-29,-0.02701121288108066,0
263,Ron L Wyden,DIS,Purchase,Spouse,Stock,32500.5,10.389041521098926,25,1.3895357749837418,2020-08-29,-0.024414606284381968,0
266,Ron L Wyden,INTC,Sale (Full),Spouse,Stock,32500.5,10.389041521098926,26,0.6754463781861814,2020-08-29,0.05417851997965539,1
267,Ron L Wyden,MSFT,Purchase,Spouse,Stock,75000.5,11.22526339231845,29,2.053122882495544,2020-08-29,-0.014186277734429376,0
269,Ron L Wyden,NVDA,Purchase,Spouse,Stock,75000.5,11.22526339231845,30,1.398864466167885,2020-08-29,0.0629820176965763,1
219,Pat Roberts,AAPL,Sale (Full),Spouse,Stock,75000.5,11.22526339231845,3,1.5787066190805183,2020-08-30,-0.06387877714447054,0
220,Pat Roberts,BA,Purchase,Spouse,Stock,32500.5,10.389041521098926,25,0.2642829486899733,2020-08-30,-0.05868557797304841,0
221,Pat Roberts,WMT,Purchase,Spouse,Stock,8000.5,8.987384303086046,11,2.1232435928603834,2020-08-30,0.05080335702417349,1
228,Pat Roberts,AAPL,Purchase,Spouse,Stock,75000.5,11.22526339231845,27,1.5787066190805183,2020-08-30,-0.06387877714447054,0
229,Pat Roberts,AAPL,Sale (Full),Spouse,Stock,75000.5,11.22526339231845,30,1.5787066190805183,2020-08-30,-0.06387877714447054,0
173,"Jerry Moran,",WFC,Sale (Full),Spouse,Stock,8000.5,8.987384303086046,18,-0.46519672340404755,2020-09-08,-0.07891515459503295,0
174,"Jerry Moran,",DIS,Sale (Full),Spouse,Stock,8000.5,8.987384303086046,18,0.5875552109544169,2020-09-08,-0.09944831019127987,0
175,"Jerry Moran,",V,Sale (Full),Spouse,Stock,8000.5,8.987384303086046,18,-0.8036737783053287,2020-09-08,-0.04261406945783541,0
177,"Jerry Moran,",JPM,Sale (Full),Spouse,Stock,8000.5,8.987384303086046,18,-0.1993835281582207,2020-09-08,-0.026017685181321415,0
178,"Jerry Moran,",KO,Sale (Full),Spouse,Stock,8000.5,8.987384303086046,18,0.7838639714484943,2020-09-08,-0.02168779421659406,0
179,"Jerry Moran,",AAPL,Sale (Partial),Spouse,Stock,8000.5,8.987384303086046,18,-1.5470959640988229,2020-09-08,0.011049331296033138,1
181,"Jerry Moran,",ABBV,Sale (Full),Spouse,Stock,8000.5,8.987384303086046,18,-0.9940489785188014,2020-09-08,-0.0966929271749506,0
182,"Jerry Moran,",KR,Purchase,Spouse,Stock,8000.5,8.987384303086046,18,-0.7788994325584757,2020-09-08,-0.0677829498063669,0
183,"Jerry Moran,",CVX,Purchase,Spouse,Stock,8000.5,8.987384303086046,18,-1.9262072111172641,2020-09-08,-0.1228348809116877,0
184,"Jerry Moran,",BRK-B,Purchase,Spouse,Stock,8000.5,8.987384303086046,18,0.6435980899639722,2020-09-08,-0.06605854876502049,0
193,"Jerry Moran,",COST,Sale (Partial),Self,Stock,8000.5,8.987384303086046,18,-0.4633649827626598,2020-09-08,0.08589846747032204,1
195,"Jerry Moran,",BRK-B,Sale (Partial),Self,Stock,8000.5,8.987384303086046,18,0.6435980899639722,2020-09-08,-0.06605854876502049,0
200,"Jerry Moran,",USB,Purchase,Self,Stock,8000.5,8.987384303086046,18,-0.11273226314541421,2020-09-08,0.03728906312669533,1
201,"Jerry Moran,",JNJ,Purchase,Self,Stock,8000.5,8.987384303086046,18,-0.8636615604728062,2020-09-08,-0.04892410155504334,0
202,"Jerry Moran,",INTC,Purchase,Self,Stock,8000.5,8.987384303086046,18,-0.2819472213104699,2020-09-08,0.06189331482154503,1
203,"Jerry Moran,",GILD,Purchase,Self,Stock,8000.5,8.987384303086046,18,-1.0086936466617638,2020-09-08,-0.08649264962412795,0
204,"Jerry Moran,",CVS,Purchase,Self,Stock,8000.5,8.987384303086046,18,-1.6087974905499394,2020-09-08,-0.032201133659689796,0
206,"Jerry Moran,",BAC,Purchase,Self,Stock,8000.5,8.987384303086046,18,-0.34259045069938016,2020-09-08,-0.08311160776850834,0
168,"A. Mitchell Mcconnell, Jr.",WFC,Purchase,Spouse,Stock,8000.5,8.987384303086046,9,-0.015882731771484845,2020-09-11,-0.07587461176504262,0
171,Patrick J Toomey,AAPL,Purchase,Child,Stock,8000.5,8.987384303086046,15,-1.7661424340027887,2020-09-11,-0.007940656524246137,0
157,William Cassidy,MSFT,Sale (Partial),Spouse,Stock,8000.5,8.987384303086046,30,-1.9367603404118658,2020-09-18,0.022809786564702783,1
160,William Cassidy,DIS,Sale (Partial),Spouse,Stock,8000.5,8.987384303086046,30,-0.7219431766372286,2020-09-18,-0.044943880873577924,0
163,William Cassidy,AAPL,Sale (Partial),Spouse,Stock,8000.5,8.987384303086046,30,-2.629935946065997,2020-09-18,0.031336835052203194,1
144,Ron L Wyden,AAPL,Purchase,Spouse,Stock,75000.5,11.22526339231845,22,-1.7215266013548705,2020-09-24,0.017230697774184955,1
146,Ron L Wyden,AAPL,Purchase,Spouse,Stock,75000.5,11.22526339231845,28,-1.7215266013548705,2020-09-24,0.017230697774184955,1
110,Pat Roberts,BA,Sale (Full),Spouse,Stock,32500.5,10.389041521098926,26,0.30575183255866567,2020-09-30,0.0371663154823918,1
112,Pat Roberts,AAPL,Purchase,Spouse,Stock,8000.5,8.987384303086046,13,0.35198647850628,2020-09-30,-0.03326008564406058,0
113,Pat Roberts,NVDA,Purchase,Spouse,Stock,32500.5,10.389041521098926,16,0.8720698940383221,2020-09-30,-0.07335083653578445,0
114,Pat Roberts,AAPL,Purchase,Spouse,Stock,8000.5,8.987384303086046,19,0.35198647850628,2020-09-30,-0.03326008564406058,0
115,Pat Roberts,AAPL,Purchase,Spouse,Stock,32500.5,10.389041521098926,21,0.35198647850628,2020-09-30,-0.03326008564406058,0
116,Pat Roberts,NVDA,Sale (Full),Spouse,Stock,32500.5,10.389041521098926,26,0.8720698940383221,2020-09-30,-0.07335083653578445,0
117,Pat Roberts,NFLX,Purchase,Spouse,Stock,75000.5,11.22526339231845,26,0.24172720192595182,2020-09-30,-0.0835751251284117,0
118,Pat Roberts,NVDA,Purchase,Spouse,Stock,75000.5,11.22526339231845,26,0.8720698940383221,2020-09-30,-0.07335083653578445,0
119,Pat Roberts,NFLX,Sale (Full),Spouse,Stock,75000.5,11.22526339231845,26,0.24172720192595182,2020-09-30,-0.0835751251284117,0
122,Pat Roberts,AAPL,Purchase,Spouse,Stock,32500.5,10.389041521098926,27,0.35198647850628,2020-09-30,-0.03326008564406058,0
123,Pat Roberts,AAPL,Purchase,Spouse,Stock,75000.5,11.22526339231845,28,0.35198647850628,2020-09-30,-0.03326008564406058,0
101,Ron L Wyden,NFLX,Sale (Full),Child,Stock,8000.5,8.987384303086046,25,1.2379563048401483,2020-10-09,-0.11936177530164727,0
103,Ron L Wyden,NFLX,Sale (Full),Child,Stock,8000.5,8.987384303086046,16,1.2379563048401483,2020-10-09,-0.11936177530164727,0
100,William Cassidy,AAPL,Sale (Partial),Spouse,Stock,8000.5,8.987384303086046,32,1.4418346809877336,2020-10-13,-0.0863539010961285,0
81,Ron L Wyden,NVDA,Purchase,Child,Stock,8000.5,8.987384303086046,31,0.17994004532309282,2020-11-16,-0.053320640492863225,0
20,Thomas R Carper,V,Purchase,Spouse,Stock,8000.5,8.987384303086046,12,0.32984417433047425,2020-12-02,-0.06516155323785722,0
21,Thomas R Carper,QCOM,Purchase,Spouse,Stock,8000.5,8.987384303086046,12,0.6216586655767042,2020-12-02,0.02311448773246605,1
47,Thomas R Carper,ABBV,Purchase,Spouse,Stock,8000.5,8.987384303086046,12,1.1854571064668127,2020-12-02,0.02837983393196497,1
68,Thomas R Carper,DD,Sale (Partial),Spouse,Stock,8000.5,8.987384303086046,12,0.5765260588479928,2020-12-02,0.2630753625440412,1
72,Thomas R Carper,AAPL,Sale (Partial),Spouse,Stock,75000.5,11.22526339231845,12,0.9453343234880809,2020-12-02,0.008694816476122247,1
73,Thomas R Carper,GLW,Purchase,Spouse,Stock,8000.5,8.987384303086046,12,0.944559041682511,2020-12-02,-0.024291838530323906,0
3,Pat Roberts,V,Purchase,Spouse,Stock,32500.5,10.389041521098926,17,-0.10607003902177432,2020-12-03,-0.06332985007177006,0
4,Pat Roberts,COST,Purchase,Spouse,Stock,32500.5,10.389041521098926,9,-0.6321695402039949,2020-12-03,-0.08496199159358175,0
5,Pat Roberts,COST,Sale (Full),Spouse,Stock,32500.5,10.389041521098926,29,-0.6321695402039949,2020-12-03,-0.08496199159358175,0
